length,position,n,empirical_stat,ci_lower,mean,ci_upper,language,speaker,gram
5,1,9675,4.727785903260103,4.679053432294705,4.727109976197309,4.772980038504322,English,Child,Unigram
5,2,9675,5.6417741994993635,5.5924215871662675,5.6418009821213575,5.6897321692228155,English,Child,Unigram
5,3,9675,5.772613253537004,5.722887994346676,5.77079861892925,5.82065226800556,English,Child,Unigram
5,4,9675,5.87088714953735,5.819082877402015,5.870935018183636,5.920772132782531,English,Child,Unigram
5,5,9675,6.653819208904421,6.596856090161791,6.653448429547223,6.715138614849768,English,Child,Unigram
7,1,3697,4.637292846540128,4.568526979012941,4.635711971913987,4.704687662870233,English,Child,Unigram
7,2,3697,5.612914308856887,5.538133645487783,5.61315969543686,5.689902305757514,English,Child,Unigram
7,3,3697,5.771180207935434,5.698816055218662,5.771212420364734,5.844661637719756,English,Child,Unigram
7,4,3697,5.97156724318207,5.892173952640625,5.970286570577955,6.043536599450601,English,Child,Unigram
7,5,3697,5.913349490989112,5.835048591227977,5.912722977253149,5.984712787641911,English,Child,Unigram
7,6,3697,5.966679954028669,5.890291563856125,5.9660394050025864,6.051225249462494,English,Child,Unigram
7,7,3697,6.902989469864453,6.816569744529304,6.903616397402945,6.9950510705778814,English,Child,Unigram
9,1,1593,4.540294518165168,4.44531723799777,4.5424617667385725,4.641342416729335,English,Child,Unigram
9,2,1593,5.5975651416808745,5.484410472452228,5.599177857602004,5.71045810830227,English,Child,Unigram
9,3,1593,5.778071365460256,5.665280290915116,5.775027194708228,5.8871261544077225,English,Child,Unigram
9,4,1593,5.862380598798261,5.7417381941379375,5.860419237483857,5.983732854721327,English,Child,Unigram
9,5,1593,5.866688920192932,5.743278092855401,5.865351431469745,5.99833287697493,English,Child,Unigram
9,6,1593,5.984030090590864,5.866421567010727,5.983835782316086,6.105644073503784,English,Child,Unigram
9,7,1593,5.985867035156767,5.857588430490319,5.984437489578585,6.11592564728026,English,Child,Unigram
9,8,1593,5.983827257115142,5.8593971471016335,5.980662027022845,6.099976693638774,English,Child,Unigram
9,9,1593,6.879554367500782,6.738559789149068,6.87707455510015,7.017728860903134,English,Child,Unigram
7,1,17407,5.565228581076443,5.5371965075822365,5.5650577966878005,5.592956621992418,English,Parent,Unigram
7,2,17407,5.927357500871222,5.899431425177526,5.928266074847567,5.959778521354101,English,Parent,Unigram
7,3,17407,6.179730556003302,6.150244350206002,6.1803660126638915,6.211907307879564,English,Parent,Unigram
7,4,17407,6.276829946127043,6.246166868204153,6.27703344009913,6.307079435452468,English,Parent,Unigram
7,5,17407,6.198871157702587,6.166562056078274,6.199592190204228,6.232247797854811,English,Parent,Unigram
7,6,17407,6.217391720632079,6.182184643712424,6.217118420440912,6.25382477847215,English,Parent,Unigram
7,7,17407,7.468254944669513,7.434356343817033,7.468608666317085,7.503920398557282,English,Parent,Unigram
5,1,27576,5.630364009949993,5.608969819779105,5.630434807598289,5.6521196495537245,English,Parent,Unigram
5,2,27576,6.008730434944485,5.984358230777525,6.008524558276894,6.032797518329972,English,Parent,Unigram
5,3,27576,6.145394819238849,6.120550013916569,6.145769335840062,6.172510071776794,English,Parent,Unigram
5,4,27576,6.237875621279173,6.209442685994558,6.2377296459225136,6.263759767796045,English,Parent,Unigram
5,5,27576,7.5187147851712,7.488784048119542,7.518060013712634,7.545947215882082,English,Parent,Unigram
9,1,9404,5.599875585830205,5.564256175209996,5.600560360123571,5.636999374408565,English,Parent,Unigram
9,2,9404,6.01463961055112,5.972480363871182,6.015133697377687,6.058156881988135,English,Parent,Unigram
9,3,9404,6.199549718737872,6.159719418805192,6.200350932590938,6.245202390167243,English,Parent,Unigram
9,4,9404,6.271270394128663,6.226936065917117,6.272043477975413,6.316200400249431,English,Parent,Unigram
9,5,9404,6.351389485912972,6.304785761075674,6.3519148853825005,6.3996199939690825,English,Parent,Unigram
9,6,9404,6.426283096094373,6.38246900779528,6.427061984822647,6.472581638844975,English,Parent,Unigram
9,7,9404,6.30097714901834,6.253744422042196,6.30097783512461,6.346526758706715,English,Parent,Unigram
9,8,9404,6.271131999363911,6.225039835624512,6.270677878090933,6.317454960614364,English,Parent,Unigram
9,9,9404,7.588339084169335,7.5449554707939015,7.588612992318429,7.6331007227873835,English,Parent,Unigram
5,1,454,4.881578444915166,4.71880882502869,4.87756496709185,5.042438812607355,Chinese,Child,Unigram
5,2,454,5.1321418240362195,4.983626015028604,5.127280445629215,5.275594658029093,Chinese,Child,Unigram
5,3,454,5.3594798596554165,5.20417935616347,5.360956943362383,5.5257653556391775,Chinese,Child,Unigram
5,4,454,5.552865504168397,5.370602988335978,5.551358225086739,5.720858894432164,Chinese,Child,Unigram
5,5,454,5.39885091540053,5.2244769217990275,5.399512018975885,5.564943843757135,Chinese,Child,Unigram
7,1,275,5.090863361063361,4.884070544290598,5.088906126940772,5.288525577794502,Chinese,Child,Unigram
7,2,275,5.4082582387881395,5.191592761718276,5.411115445926758,5.627436351581286,Chinese,Child,Unigram
7,3,275,5.382122291407429,5.166653494800711,5.377833534737709,5.594064987331426,Chinese,Child,Unigram
7,4,275,5.349742001508073,5.1435598152218756,5.3512645509425125,5.550011232223985,Chinese,Child,Unigram
7,5,275,5.466613098191598,5.2532191930859895,5.4636163942966745,5.6823595901854125,Chinese,Child,Unigram
7,6,275,6.0275731831899035,5.79951810684638,6.025244069225963,6.243650914336228,Chinese,Child,Unigram
7,7,275,5.335261129193668,5.119263240984849,5.335184171770817,5.54640443882364,Chinese,Child,Unigram
9,1,122,4.9914275918978905,4.667587873589571,4.992692620014579,5.343402887294633,Chinese,Child,Unigram
9,2,122,5.09013172451451,4.7844179521265,5.094566964287271,5.44409477367632,Chinese,Child,Unigram
9,3,122,5.490326427635641,5.202531424836922,5.494588391370917,5.8019264587987625,Chinese,Child,Unigram
9,4,122,5.473368327808357,5.140653842181207,5.473806343256403,5.802773411622341,Chinese,Child,Unigram
9,5,122,5.531369923728694,5.2355227801114825,5.537437316249802,5.84411100345317,Chinese,Child,Unigram
9,6,122,5.407932193794628,5.082890595401417,5.405775526574754,5.743245934317284,Chinese,Child,Unigram
9,7,122,5.408125802508811,5.088203980486392,5.404382930743274,5.729841878012405,Chinese,Child,Unigram
9,8,122,5.233049348478352,4.942739466299965,5.235089124101225,5.567430808045955,Chinese,Child,Unigram
9,9,122,5.490943363207646,5.15326925502934,5.493215787347724,5.808696718673883,Chinese,Child,Unigram
9,1,455,5.390624030060027,5.2248641898571035,5.389025250229918,5.550244196316521,Chinese,Parent,Unigram
9,2,455,5.413673129024943,5.258720871387793,5.414996714956645,5.577322393978372,Chinese,Parent,Unigram
9,3,455,5.739606947277936,5.5711713437879355,5.739462893544466,5.920701040340717,Chinese,Parent,Unigram
9,4,455,5.6596326318723955,5.492734007239717,5.659880430618038,5.840647527386802,Chinese,Parent,Unigram
9,5,455,5.621493085431179,5.444482281757274,5.619074749160432,5.782391812578875,Chinese,Parent,Unigram
9,6,455,5.692004518482931,5.5138023749915845,5.690109803035875,5.857549336935492,Chinese,Parent,Unigram
9,7,455,5.907670651372254,5.71600997895263,5.913814740967118,6.1027534734782805,Chinese,Parent,Unigram
9,8,455,5.587009932274635,5.4001316659497816,5.584466666328552,5.767968823578063,Chinese,Parent,Unigram
9,9,455,5.094130415823014,4.942798987507446,5.09643719571697,5.264126692737784,Chinese,Parent,Unigram
5,1,1249,5.491589666274736,5.381556956256145,5.4916523875509435,5.599540002064972,Chinese,Parent,Unigram
5,2,1249,5.399701071716389,5.298437849278669,5.397375473706765,5.496837093115806,Chinese,Parent,Unigram
5,3,1249,5.558716314431746,5.452731629199145,5.555715800126088,5.655162378986985,Chinese,Parent,Unigram
5,4,1249,5.6562478631540944,5.538516907694229,5.658351791815414,5.772899618944235,Chinese,Parent,Unigram
5,5,1249,5.112061225410851,5.01434055588787,5.1111206989787386,5.217456044548327,Chinese,Parent,Unigram
7,1,821,5.541146022722565,5.4198748119155535,5.5424337970809345,5.675261681978065,Chinese,Parent,Unigram
7,2,821,5.56058198934965,5.429675830812949,5.560470637642744,5.684289707676349,Chinese,Parent,Unigram
7,3,821,5.679815844193307,5.544412374718997,5.680692561472901,5.818810276922124,Chinese,Parent,Unigram
7,4,821,5.585877957604861,5.451302664240276,5.588586625914715,5.718616970119535,Chinese,Parent,Unigram
7,5,821,5.7094083130181,5.578056171561399,5.709634173697208,5.840893312002762,Chinese,Parent,Unigram
7,6,821,5.6840727487404035,5.551358352593882,5.684739125412333,5.825134871559423,Chinese,Parent,Unigram
7,7,821,5.162451095820032,5.03668028868866,5.163904857453343,5.292353784710418,Chinese,Parent,Unigram
5,1,1891,6.836167874090121,6.735796046395811,6.8363540284772855,6.933833328343322,Japanese,Child,Unigram
5,2,1891,6.298291545410328,6.194230240577444,6.29683274182949,6.396220921015904,Japanese,Child,Unigram
5,3,1891,6.679634705614441,6.573738935617859,6.680199306657881,6.776734975790565,Japanese,Child,Unigram
5,4,1891,6.653118811989729,6.558449933877763,6.654720335540153,6.754988099155238,Japanese,Child,Unigram
5,5,1891,5.495795361910828,5.3966188605027785,5.496443589811742,5.583607259667929,Japanese,Child,Unigram
7,1,561,6.763197707673886,6.592219098691898,6.762888343932538,6.940714188881548,Japanese,Child,Unigram
7,2,561,6.029233765406568,5.83628183171434,6.028633794206639,6.212531338319699,Japanese,Child,Unigram
7,3,561,6.7351836273054095,6.565817609077101,6.7342334112923545,6.929047410276509,Japanese,Child,Unigram
7,4,561,6.442159526958497,6.257097872592286,6.443410645874284,6.6293708694009075,Japanese,Child,Unigram
7,5,561,6.626181270036749,6.448805263039786,6.624098350052836,6.801126611865154,Japanese,Child,Unigram
7,6,561,6.514936648082673,6.342925406908172,6.514411948252547,6.690124207340503,Japanese,Child,Unigram
7,7,561,5.407780617798739,5.241014857678235,5.406418515519907,5.577212321802534,Japanese,Child,Unigram
9,1,140,6.877067807226562,6.534469769983051,6.876165528163182,7.20851165666271,Japanese,Child,Unigram
9,2,140,6.325720596382609,5.980787504804036,6.327235119370045,6.674261061438841,Japanese,Child,Unigram
9,3,140,6.178874678271336,5.839142650818709,6.172401608483036,6.536645162783632,Japanese,Child,Unigram
9,4,140,6.358071587539001,5.990793802553826,6.3447793583708165,6.689669550318594,Japanese,Child,Unigram
9,5,140,6.327238596915689,5.9417737701763995,6.33010528445208,6.710031543114367,Japanese,Child,Unigram
9,6,140,6.527473398437513,6.140020645305789,6.5345760781578965,6.922474085396683,Japanese,Child,Unigram
9,7,140,6.259875978884081,5.908374952629252,6.266467281832282,6.618531960278409,Japanese,Child,Unigram
9,8,140,6.418869086607612,6.05867450779539,6.429724308442669,6.804326414795604,Japanese,Child,Unigram
9,9,140,5.3047439254693955,4.98726397607722,5.307240318188565,5.644555372968912,Japanese,Child,Unigram
5,1,4719,7.491366961063341,7.439176773243314,7.491348323383513,7.547923808586808,Japanese,Parent,Unigram
5,2,4719,6.24758847546029,6.183983035914834,6.247648577181293,6.314402395668305,Japanese,Parent,Unigram
5,3,4719,6.758023501184735,6.689636291764137,6.757630956707872,6.822719904033172,Japanese,Parent,Unigram
5,4,4719,6.582213138701935,6.516406657541349,6.582289443602645,6.647028140003372,Japanese,Parent,Unigram
5,5,4719,5.181390523082696,5.123070059796516,5.181640131280403,5.244597396369044,Japanese,Parent,Unigram
7,1,2034,7.491085108203749,7.41105909098464,7.489754453975017,7.568932414991591,Japanese,Parent,Unigram
7,2,2034,6.000975046441166,5.902114078963838,6.003274548006976,6.098201074717624,Japanese,Parent,Unigram
7,3,2034,6.807712586082179,6.702469506419763,6.80883533056214,6.917063403917576,Japanese,Parent,Unigram
7,4,2034,6.428838074242413,6.326676831585895,6.428139579670934,6.524805426835895,Japanese,Parent,Unigram
7,5,2034,6.60045352370277,6.498569265364663,6.600335128084141,6.705695275930566,Japanese,Parent,Unigram
7,6,2034,6.462337335438073,6.362066979398528,6.4603910231445845,6.565872433382894,Japanese,Parent,Unigram
7,7,2034,4.9519990304376265,4.870663083028545,4.951195074269422,5.03769993276199,Japanese,Parent,Unigram
9,1,739,7.521903567675641,7.391453692502612,7.518024756361013,7.654229385962272,Japanese,Parent,Unigram
9,2,739,6.069215566464557,5.889055710454401,6.074185140705641,6.25292328792971,Japanese,Parent,Unigram
9,3,739,6.784924591003728,6.600446675258068,6.785703105170563,6.9613554296206415,Japanese,Parent,Unigram
9,4,739,6.401301082425978,6.228658928963845,6.399383884853163,6.57375743308592,Japanese,Parent,Unigram
9,5,739,6.439398247616025,6.284051292119039,6.439569650200868,6.593711629951832,Japanese,Parent,Unigram
9,6,739,6.45068393000941,6.269633307134224,6.451719451459374,6.627659629135429,Japanese,Parent,Unigram
9,7,739,6.648299900537863,6.4672764331811115,6.646420067888326,6.820139705807678,Japanese,Parent,Unigram
9,8,739,6.422588721371706,6.256804510597253,6.425450404153521,6.588288169211647,Japanese,Parent,Unigram
9,9,739,4.944094536822309,4.813364878131455,4.94581308420732,5.083042928420681,Japanese,Parent,Unigram
9,1,976,4.137300733751359,4.04130181534107,4.138630561528416,4.238937492304591,Spanish,Child,Unigram
9,2,976,5.23815609350161,5.12798866153802,5.239320437195764,5.356318825012044,Spanish,Child,Unigram
9,3,976,5.916225556723673,5.776543674362602,5.913246191862048,6.058051076125298,Spanish,Child,Unigram
9,4,976,5.781078755541406,5.6390693282932425,5.778976424486771,5.932682821614411,Spanish,Child,Unigram
9,5,976,5.968053491414222,5.817258992278064,5.966685298052517,6.100114383705313,Spanish,Child,Unigram
9,6,976,6.1077648738139025,5.948916486881246,6.104393880899401,6.263920314203965,Spanish,Child,Unigram
9,7,976,6.066581177666224,5.916429667709611,6.064440600971593,6.218132821256003,Spanish,Child,Unigram
9,8,976,5.4149620377594845,5.2845611548913185,5.415350806357495,5.552581913747838,Spanish,Child,Unigram
9,9,976,8.312576051910872,8.194015283546598,8.314670650706855,8.446621295304853,Spanish,Child,Unigram
5,1,2201,4.33429228356158,4.263030038671724,4.333535882019072,4.405806373169145,Spanish,Child,Unigram
5,2,2201,5.654256036776902,5.56665763393308,5.654459113737925,5.741998140225806,Spanish,Child,Unigram
5,3,2201,6.253302466629827,6.149627812411257,6.251851928213089,6.358974661655985,Spanish,Child,Unigram
5,4,2201,5.7270168130074834,5.633721779668826,5.726268025186383,5.823367920111985,Spanish,Child,Unigram
5,5,2201,8.239662857348655,8.163621908136818,8.240994373183117,8.323923671951373,Spanish,Child,Unigram
7,1,1531,4.163482130864487,4.0875721421436895,4.164760347800081,4.244028483590747,Spanish,Child,Unigram
7,2,1531,5.270865677404397,5.177494392504349,5.267322193526932,5.360025505329738,Spanish,Child,Unigram
7,3,1531,5.921511423310771,5.810765256742213,5.920294233603936,6.029049713795535,Spanish,Child,Unigram
7,4,1531,6.026700392763331,5.912479846150575,6.025766505271525,6.145034119454726,Spanish,Child,Unigram
7,5,1531,6.146829173803895,6.021228525922644,6.147533511595841,6.2790762818591395,Spanish,Child,Unigram
7,6,1531,5.534971925051577,5.4282424414838735,5.533222734249854,5.643408493154637,Spanish,Child,Unigram
7,7,1531,8.272320722413964,8.165421539179967,8.27358262880569,8.3738686365294015,Spanish,Child,Unigram
5,1,1691,4.838479552663626,4.755511226363177,4.838398031593732,4.927107649543582,Spanish,Parent,Unigram
5,2,1691,5.277673717051061,5.185114311620109,5.2766739149787485,5.362343202738284,Spanish,Parent,Unigram
5,3,1691,5.631915377439087,5.541484716955205,5.630308491320329,5.717907744585939,Spanish,Parent,Unigram
5,4,1691,5.560253626074349,5.46876628787252,5.558813573871458,5.645915251445091,Spanish,Parent,Unigram
5,5,1691,7.099821536587819,7.008401387960241,7.100925193991349,7.188443209453919,Spanish,Parent,Unigram
7,1,1002,4.845402286599405,4.741302771843575,4.84538647285069,4.949189527810021,Spanish,Parent,Unigram
7,2,1002,5.333150634505119,5.215661563018225,5.331908023158526,5.464216993618887,Spanish,Parent,Unigram
7,3,1002,5.502385332286387,5.384976733053881,5.5034947575768705,5.623965714165486,Spanish,Parent,Unigram
7,4,1002,5.904215394558453,5.772097567442276,5.905578185865113,6.043608772288456,Spanish,Parent,Unigram
7,5,1002,5.701171854495276,5.576138683061638,5.7025770207560935,5.826158850723043,Spanish,Parent,Unigram
7,6,1002,5.5739725827754985,5.455181536119644,5.575728767548848,5.687811660473383,Spanish,Parent,Unigram
7,7,1002,7.051711878312871,6.929291299827299,7.053338251794717,7.172999528543909,Spanish,Parent,Unigram
9,1,604,4.616012774949121,4.493313687742857,4.6169446817511535,4.744775715169133,Spanish,Parent,Unigram
9,2,604,5.051135996188238,4.9039263977544305,5.053938891057437,5.208280123939267,Spanish,Parent,Unigram
9,3,604,5.466302002449724,5.32414163058825,5.468725777780091,5.6170382131965315,Spanish,Parent,Unigram
9,4,604,5.730563789182186,5.568317756083171,5.7257717907758945,5.885075875604855,Spanish,Parent,Unigram
9,5,604,5.71391550397921,5.560398808164068,5.712704363296584,5.879144726549975,Spanish,Parent,Unigram
9,6,604,5.724318917931191,5.56120558163158,5.722891248715776,5.87950346131195,Spanish,Parent,Unigram
9,7,604,5.738721140784126,5.575580559003871,5.742464232785715,5.914237045171546,Spanish,Parent,Unigram
9,8,604,5.576639384826624,5.419759043083331,5.574416992283382,5.72284916810201,Spanish,Parent,Unigram
9,9,604,7.120343345970915,6.965889661754031,7.118233541985869,7.2801141377668035,Spanish,Parent,Unigram
7,1,1635,5.952348883238746,5.856918007832644,5.951559136557947,6.053654678529869,German,Child,Unigram
7,2,1635,6.17818290196647,6.0778146845100895,6.177165251771986,6.279508246853199,German,Child,Unigram
7,3,1635,6.217666857987722,6.11330851687791,6.219250422795294,6.327049712129377,German,Child,Unigram
7,4,1635,6.255208348774433,6.152087027813154,6.252979057890407,6.358153947341688,German,Child,Unigram
7,5,1635,6.360226718028995,6.253381363895589,6.355268238393941,6.457223982667281,German,Child,Unigram
7,6,1635,6.923714485523941,6.80681294777199,6.920806268945085,7.025753958626098,German,Child,Unigram
7,7,1635,7.669838763873482,7.549104915045384,7.667868664936375,7.782233734771332,German,Child,Unigram
5,1,2780,5.969547899246994,5.8899574500868015,5.970556783150298,6.051052965498029,German,Child,Unigram
5,2,2780,6.322816631260418,6.238080959483772,6.32399480233765,6.410985219686718,German,Child,Unigram
5,3,2780,6.061882387841523,5.984108099731918,6.057844904025706,6.133816460425132,German,Child,Unigram
5,4,2780,6.487810506048379,6.404815390254393,6.489825095684824,6.581809862249759,German,Child,Unigram
5,5,2780,7.700689843615847,7.613920531394124,7.700552333366011,7.7895052446349275,German,Child,Unigram
9,1,922,5.893302239563613,5.76441244706287,5.892131790408098,6.030162737240127,German,Child,Unigram
9,2,922,6.052920089318391,5.919607730646523,6.053363026972983,6.1917400676632655,German,Child,Unigram
9,3,922,6.184858673985614,6.054231685152715,6.181090487798572,6.309666244198354,German,Child,Unigram
9,4,922,6.414931162009517,6.288362787405196,6.41976052652689,6.562218554211669,German,Child,Unigram
9,5,922,6.322609094694923,6.186891845425915,6.32086164875141,6.4689601096934854,German,Child,Unigram
9,6,922,6.471575410685445,6.326463749590194,6.468778981648977,6.614604103644288,German,Child,Unigram
9,7,922,6.621525472861005,6.479090641821664,6.622140909187885,6.760032048880923,German,Child,Unigram
9,8,922,6.907911178939987,6.768409054700566,6.907464650970559,7.043515636571458,German,Child,Unigram
9,9,922,7.77030872754348,7.617088443126352,7.771525637029084,7.932310635662104,German,Child,Unigram
9,1,1170,5.666859667006609,5.566982241185055,5.667572502311625,5.767534890767409,German,Parent,Unigram
9,2,1170,6.245009778955087,6.136526780952841,6.24748847245736,6.372500065528143,German,Parent,Unigram
9,3,1170,6.04154294628938,5.927485527441308,6.042877957364238,6.157827277462007,German,Parent,Unigram
9,4,1170,6.423539380244302,6.29154774300326,6.4251615454583755,6.554013574363707,German,Parent,Unigram
9,5,1170,6.627977256592476,6.496048000507319,6.627197161861103,6.759064350218139,German,Parent,Unigram
9,6,1170,6.560037552648077,6.426068821819268,6.56310341607554,6.698473425435583,German,Parent,Unigram
9,7,1170,6.657882710476289,6.535098846350039,6.65634180093437,6.78263741605175,German,Parent,Unigram
9,8,1170,7.1242276894276015,6.979517250538713,7.120003065916885,7.264699734876311,German,Parent,Unigram
9,9,1170,7.953042691801755,7.815895522815715,7.955566943519241,8.103311030580553,German,Parent,Unigram
5,1,3818,5.788764731937169,5.729002120874565,5.789515396634997,5.852567555927265,German,Parent,Unigram
5,2,3818,6.3710542707257964,6.302873812349888,6.371344756761241,6.437158240052167,German,Parent,Unigram
5,3,3818,6.007809909197222,5.943047114398192,6.007204481667903,6.07023481054462,German,Parent,Unigram
5,4,3818,6.426720348945177,6.351891980397367,6.425710523927575,6.491545180471951,German,Parent,Unigram
5,5,3818,7.7961394381874625,7.7207659577637555,7.794835503209296,7.867225687769832,German,Parent,Unigram
7,1,2330,5.750575304963172,5.6694684143290655,5.748987137748303,5.825268571281652,German,Parent,Unigram
7,2,2330,6.3075111581140515,6.2234121145061705,6.306517404444876,6.390324548930422,German,Parent,Unigram
7,3,2330,6.1092129969678295,6.019852825219028,6.108197751504213,6.200553990086149,German,Parent,Unigram
7,4,2330,6.196802090795642,6.1109707995753215,6.1957457351734915,6.28568008725523,German,Parent,Unigram
7,5,2330,6.409700569263529,6.325294684374387,6.409270732997704,6.4967484729683775,German,Parent,Unigram
7,6,2330,6.966134875255306,6.873942961536766,6.966266849664866,7.056626550175815,German,Parent,Unigram
7,7,2330,7.957114538842559,7.863757271617587,7.956802076277016,8.047822961665833,German,Parent,Unigram
9,1,1170,5.666859667006609,5.559367928302403,5.667850633544121,5.77556247846071,French,Child,Unigram
9,2,1170,6.245009778955087,6.128068168627133,6.246855081925127,6.37684692375486,French,Child,Unigram
9,3,1170,6.04154294628938,5.918919683368154,6.041432366215898,6.156093863564762,French,Child,Unigram
9,4,1170,6.423539380244302,6.310452202951972,6.424491140395945,6.550179983416732,French,Child,Unigram
9,5,1170,6.627977256592476,6.494148553953344,6.626008979680188,6.759614864983923,French,Child,Unigram
9,6,1170,6.560037552648077,6.4248171954055575,6.5577050878008425,6.68257901067457,French,Child,Unigram
9,7,1170,6.657882710476289,6.53538913050296,6.6612175216475835,6.78696471437007,French,Child,Unigram
9,8,1170,7.1242276894276015,6.99209481678654,7.123905605432036,7.264742685812733,French,Child,Unigram
9,9,1170,7.953042691801755,7.813800496970872,7.9546789889584,8.09837603269235,French,Child,Unigram
5,1,3818,5.788764731937169,5.724219101146689,5.787975307958111,5.850475964729359,French,Child,Unigram
5,2,3818,6.3710542707257964,6.30275742008538,6.370033460436584,6.443297543113238,French,Child,Unigram
5,3,3818,6.007809909197222,5.940567009292407,6.006089565147168,6.066903417728199,French,Child,Unigram
5,4,3818,6.426720348945177,6.358280547511797,6.427224147316707,6.499149872067557,French,Child,Unigram
5,5,3818,7.7961394381874625,7.720137942457308,7.795933345970373,7.87132660127851,French,Child,Unigram
7,1,2330,5.750575304963172,5.675438684048472,5.747656272931766,5.821183369463014,French,Child,Unigram
7,2,2330,6.3075111581140515,6.219882408319425,6.307431199143263,6.391594474531463,French,Child,Unigram
7,3,2330,6.1092129969678295,6.029259211714801,6.108971107885109,6.197214421671809,French,Child,Unigram
7,4,2330,6.196802090795642,6.105551947011101,6.1963283169467145,6.2826409230240055,French,Child,Unigram
7,5,2330,6.409700569263529,6.320466404514391,6.411266582020092,6.498207712396863,French,Child,Unigram
7,6,2330,6.966134875255306,6.8755256528646855,6.965980353934669,7.05544132019442,French,Child,Unigram
7,7,2330,7.957114538842559,7.859352435713431,7.956968995243757,8.052426690367346,French,Child,Unigram
9,1,1170,5.666859667006609,5.567680202715009,5.667423817759869,5.771637194637454,French,Parent,Unigram
9,2,1170,6.245009778955087,6.125702413411825,6.241139795573087,6.361883348812408,French,Parent,Unigram
9,3,1170,6.04154294628938,5.9269343851772796,6.042663986580586,6.159990664278598,French,Parent,Unigram
9,4,1170,6.423539380244302,6.290319412178573,6.423506409575293,6.5464759594879185,French,Parent,Unigram
9,5,1170,6.627977256592476,6.504415538708335,6.627858629679132,6.758472798372287,French,Parent,Unigram
9,6,1170,6.560037552648077,6.428984111757164,6.562673262297599,6.684968874324146,French,Parent,Unigram
9,7,1170,6.657882710476289,6.535108899268153,6.661205337569496,6.782407611946281,French,Parent,Unigram
9,8,1170,7.1242276894276015,6.991029296373689,7.123879100005811,7.25814669798477,French,Parent,Unigram
9,9,1170,7.953042691801755,7.821149408065902,7.955482489820874,8.096114559900988,French,Parent,Unigram
5,1,3818,5.788764731937169,5.722692345646588,5.787543217670876,5.850141259069961,French,Parent,Unigram
5,2,3818,6.3710542707257964,6.300103158233531,6.372245177557731,6.443443460700554,French,Parent,Unigram
5,3,3818,6.007809909197222,5.94165785149579,6.008553686702153,6.072809654091009,French,Parent,Unigram
5,4,3818,6.426720348945177,6.3590184490160135,6.4261536845981695,6.4880963015917015,French,Parent,Unigram
5,5,3818,7.7961394381874625,7.727724253916799,7.795758666026767,7.870881887439617,French,Parent,Unigram
7,1,2330,5.750575304963172,5.675453391017348,5.749450079852963,5.824135364898549,French,Parent,Unigram
7,2,2330,6.3075111581140515,6.216631267077194,6.307743423009858,6.392822747256489,French,Parent,Unigram
7,3,2330,6.1092129969678295,6.026036848132374,6.109721651903878,6.193282218450367,French,Parent,Unigram
7,4,2330,6.196802090795642,6.1103867583111695,6.199325359318154,6.284414671456542,French,Parent,Unigram
7,5,2330,6.409700569263529,6.321364989089391,6.4085704844532145,6.4990848828445715,French,Parent,Unigram
7,6,2330,6.966134875255306,6.866453687646436,6.96284009047105,7.056424670969453,French,Parent,Unigram
7,7,2330,7.957114538842559,7.860665789219334,7.959952465244335,8.052460009407238,French,Parent,Unigram
5,1,12236,7.915802178993923,7.90405835191792,7.916212513503704,7.924312620440236,Chinese,Parent,Trigram
5,2,12236,1.8713209569434708,1.8596812594371435,1.8715113169841417,1.8832685085109107,Chinese,Parent,Trigram
5,3,12236,1.2132818217018766,1.1989954412509585,1.2125386999231338,1.2259577534539945,Chinese,Parent,Trigram
5,4,12236,1.1449058759091686,1.1334815865683963,1.144612503856099,1.1578875304413176,Chinese,Parent,Trigram
5,5,12236,1.060676512023755,1.0495107492085531,1.0606433451125028,1.072028599717953,Chinese,Parent,Trigram
6,1,9031,7.924511860856026,7.913729517439542,7.924709278803016,7.940979774706309,Chinese,Parent,Trigram
6,2,9031,1.890628041863085,1.8775928099254955,1.891443044375032,1.9044820978440606,Chinese,Parent,Trigram
6,3,9031,1.2287831665497788,1.2151821919188996,1.2289646791762363,1.2449678975189924,Chinese,Parent,Trigram
6,4,9031,1.1816945763445286,1.164441129564909,1.18078609007562,1.1970659895957527,Chinese,Parent,Trigram
6,5,9031,1.1042370288795231,1.0908787669460713,1.104593059944824,1.1178887715134795,Chinese,Parent,Trigram
6,6,9031,1.0434107720000498,1.0327235555473244,1.0437038414692934,1.0557209489571533,Chinese,Parent,Trigram
4,1,14203,7.941690965327614,7.931241434034911,7.941369301628699,7.951453393802234,Chinese,Parent,Trigram
4,2,14203,1.858567160031816,1.8460917582228547,1.859606170619381,1.869998306467828,Chinese,Parent,Trigram
4,3,14203,1.164261648153525,1.1486653567988765,1.1636609060900451,1.1772286743595006,Chinese,Parent,Trigram
4,4,14203,1.0748684726398965,1.0649411851857185,1.0750606834971552,1.0887074931724756,Chinese,Parent,Trigram
3,1,14203,7.964301899857129,7.955118459445913,7.963682599971809,7.972422426578522,Chinese,Parent,Trigram
3,2,14203,1.8107491782758551,1.797093126159952,1.8109601033124203,1.8217204352806027,Chinese,Parent,Trigram
3,3,14203,1.0543914913065222,1.0408684435204991,1.0540510711572224,1.0665988773046677,Chinese,Parent,Trigram
8,1,4438,7.905938754483567,7.889027848067505,7.904674905066342,7.924346917856916,Chinese,Parent,Trigram
8,2,4438,1.8878580334488473,1.867417387674391,1.887730710651489,1.9071537274909267,Chinese,Parent,Trigram
8,3,4438,1.2661606964091559,1.2427185900015787,1.266864646180571,1.2856897236904403,Chinese,Parent,Trigram
8,4,4438,1.167586959606358,1.1453571781066152,1.1684321230507584,1.1909555935883858,Chinese,Parent,Trigram
8,5,4438,1.196479608906234,1.1721478651764157,1.1973106177103525,1.2222980527592542,Chinese,Parent,Trigram
8,6,4438,1.137949908569408,1.1160883611255317,1.1389300852737323,1.1630469883022785,Chinese,Parent,Trigram
8,7,4438,1.0659113737203452,1.0412053996791921,1.064722540260382,1.0879277593410461,Chinese,Parent,Trigram
8,8,4438,0.9851771964850647,0.9667540243774344,0.9862449574749875,1.0032977166880677,Chinese,Parent,Trigram
7,1,6431,7.905433601325416,7.891127637145939,7.9050585145242955,7.920285091954764,Chinese,Parent,Trigram
7,2,6431,1.9003398850330797,1.8836347077909033,1.899697658144803,1.9129785492545874,Chinese,Parent,Trigram
7,3,6431,1.2584069036914705,1.2388752134642247,1.2589877355534336,1.2775635851512077,Chinese,Parent,Trigram
7,4,6431,1.199825365905572,1.1798780411467955,1.199483402787462,1.2158027824588482,Chinese,Parent,Trigram
7,5,6431,1.1652547235789927,1.1464073516545483,1.1640804058410688,1.1823826759038751,Chinese,Parent,Trigram
7,6,6431,1.0930969041866754,1.0704084721977354,1.0929270951834276,1.1142131207352977,Chinese,Parent,Trigram
7,7,6431,1.041179237868437,1.0249148706981284,1.0416772888263228,1.0577869068768064,Chinese,Parent,Trigram
9,1,2930,7.917817252976088,7.893343017813288,7.916504505271391,7.935783260210382,Chinese,Parent,Trigram
9,2,2930,1.9178338329132913,1.8958938941410377,1.919775853612724,1.9458973174209073,Chinese,Parent,Trigram
9,3,2930,1.2420890275935672,1.2166406466997524,1.2421309589981626,1.270390471689937,Chinese,Parent,Trigram
9,4,2930,1.1979470055257908,1.1640086529503098,1.195819548788331,1.2234108199601288,Chinese,Parent,Trigram
9,5,2930,1.164539630665307,1.1365796025682229,1.164500831320831,1.1907922059094131,Chinese,Parent,Trigram
9,6,2930,1.1641214721438828,1.1419164663166723,1.1626589987253573,1.184972510976596,Chinese,Parent,Trigram
9,7,2930,1.117851295975695,1.0953522562614477,1.1186114322496354,1.1450560263643492,Chinese,Parent,Trigram
9,8,2930,1.0407875402795577,1.0119530988248135,1.0412600809225856,1.0683232946322638,Chinese,Parent,Trigram
9,9,2930,0.9896534796867761,0.9626502157254431,0.9896573335050316,1.0191403737470965,Chinese,Parent,Trigram
5,1,10227,8.045563113413168,8.03375799631436,8.045482360963028,8.057371674289659,Chinese,Child,Trigram
5,2,10227,1.8306466598973266,1.8170769842440073,1.8296824148252142,1.8413665504111472,Chinese,Child,Trigram
5,3,10227,1.3022527784689018,1.2834552846236278,1.301588421171917,1.3154127440460035,Chinese,Child,Trigram
5,4,10227,1.114532656108714,1.1010377818938748,1.1147467465893526,1.1292781015476128,Chinese,Child,Trigram
5,5,10227,1.0515308295035741,1.0406296979032374,1.052562698271427,1.0655919865439618,Chinese,Child,Trigram
4,1,14932,8.09339590657661,8.085976064878178,8.094352561477805,8.102176871147739,Chinese,Child,Trigram
4,2,14932,1.848477855815729,1.8349357030425544,1.8481671596608085,1.8602619456176683,Chinese,Child,Trigram
4,3,14932,1.2201815516419237,1.2069280911766906,1.221569425792915,1.2342569562387218,Chinese,Child,Trigram
4,4,14932,1.0434968971771814,1.0315526909469568,1.0427652254442794,1.0522376371953241,Chinese,Child,Trigram
8,1,2546,8.062966455368198,8.04486006680475,8.063209412390101,8.085414862155165,Chinese,Child,Trigram
8,2,2546,1.8784024488804196,1.84881522910668,1.8789321210584768,1.9073131101298126,Chinese,Child,Trigram
8,3,2546,1.2633872609014878,1.230834131309205,1.2623372118967495,1.2875321752029614,Chinese,Child,Trigram
8,4,2546,1.1717991194009594,1.1412658099128987,1.1707738775150662,1.1963496161204854,Chinese,Child,Trigram
8,5,2546,1.1662020739475198,1.139140365248764,1.1651029051811042,1.1960108488446974,Chinese,Child,Trigram
8,6,2546,1.1310347580853541,1.097787592526692,1.129754197619042,1.1561926640119502,Chinese,Child,Trigram
8,7,2546,1.1223578461491959,1.0904920045658069,1.121582553666685,1.1478930119749888,Chinese,Child,Trigram
8,8,2546,1.0249018446254805,0.9934433920146533,1.0247651495553336,1.0679287913364401,Chinese,Child,Trigram
6,1,6518,8.043746967701942,8.030122856360046,8.044685060610687,8.057076111272202,Chinese,Child,Trigram
6,2,6518,1.8540101872151817,1.831413865435083,1.852629658359441,1.8708956895557858,Chinese,Child,Trigram
6,3,6518,1.2956368483148055,1.2750349760595074,1.294835693646004,1.312915124108397,Chinese,Child,Trigram
6,4,6518,1.1878554456326889,1.1710073958431955,1.188716705025029,1.2066925546076077,Chinese,Child,Trigram
6,5,6518,1.101569489234428,1.0866906265304952,1.1026318592090993,1.119594207815723,Chinese,Child,Trigram
6,6,6518,1.063279512799858,1.044179028284517,1.061469055027931,1.077093668738806,Chinese,Child,Trigram
7,1,3893,8.056518790962578,8.042985328310044,8.058151832261368,8.073941957197304,Chinese,Child,Trigram
7,2,3893,1.8657514731130103,1.8441676199298391,1.867829616217389,1.8934637683539657,Chinese,Child,Trigram
7,3,3893,1.2896652729995692,1.2687943774049888,1.290655272153359,1.3138067604963863,Chinese,Child,Trigram
7,4,3893,1.1627617742174425,1.1426179732665163,1.161901830768879,1.1834192982835816,Chinese,Child,Trigram
7,5,3893,1.179105373877901,1.1555117433064401,1.177456239066576,1.2008616056397552,Chinese,Child,Trigram
7,6,3893,1.1122201808216086,1.0860575197198048,1.1133841826589317,1.1348317562523276,Chinese,Child,Trigram
7,7,3893,1.0445544129314566,1.0244815862365593,1.045667395180796,1.068974614492456,Chinese,Child,Trigram
3,1,22064,8.137532206399445,8.13104960358039,8.138036440569824,8.14707564597894,Chinese,Child,Trigram
3,2,22064,1.8209971222780683,1.8108217218794884,1.8209891684473296,1.8321480711612734,Chinese,Child,Trigram
3,3,22064,1.0611351864484015,1.0489412768216475,1.0618148465429724,1.0712556465530931,Chinese,Child,Trigram
9,1,1644,8.08077600634591,8.05532284859033,8.08221841566464,8.106056209151472,Chinese,Child,Trigram
9,2,1644,1.838791221887816,1.806995611592511,1.8378584077990547,1.8779880968396099,Chinese,Child,Trigram
9,3,1644,1.2357001862966812,1.2016856889872656,1.234172289726798,1.2777551596073338,Chinese,Child,Trigram
9,4,1644,1.1931360946954601,1.1492318925631309,1.1909050266151011,1.2238590667753904,Chinese,Child,Trigram
9,5,1644,1.159035388715656,1.1295308687572352,1.1589451162440934,1.1927028716988226,Chinese,Child,Trigram
9,6,1644,1.125245722250927,1.0956854287507758,1.1262927660440296,1.1562262001807673,Chinese,Child,Trigram
9,7,1644,1.1400894437103086,1.1066990331757969,1.141706080879028,1.1722320978912704,Chinese,Child,Trigram
9,8,1644,1.0922837366152853,1.0577098866811343,1.091536415744292,1.13578603356134,Chinese,Child,Trigram
9,9,1644,1.0451999683739785,1.0111220364080438,1.0464599265814407,1.0829827280157676,Chinese,Child,Trigram
5,1,5101,6.995985868233743,6.980771946493398,6.996624737365459,7.01225691292478,French,Parent,Trigram
5,2,5101,1.8011622706527126,1.7853366554332606,1.8044821589714264,1.826562605250515,French,Parent,Trigram
5,3,5101,1.3663089156641584,1.3378570005183734,1.368511526094327,1.3942956923141454,French,Parent,Trigram
5,4,5101,1.227732316626448,1.2057455329129891,1.2254970823276559,1.2457795276533878,French,Parent,Trigram
5,5,5101,1.5879826072710819,1.5515060649633734,1.586742920585764,1.6316756030562531,French,Parent,Trigram
6,1,4095,7.014996980893015,6.9971403149487195,7.013932456748972,7.033258186396807,French,Parent,Trigram
6,2,4095,1.820957415560954,1.7922387585768043,1.8171211867908854,1.8444950709791263,French,Parent,Trigram
6,3,4095,1.3908291946546207,1.3594494855258346,1.393067292130765,1.4207887009881501,French,Parent,Trigram
6,4,4095,1.2747335449679866,1.249963536325101,1.2744285029089932,1.2969596381399948,French,Parent,Trigram
6,5,4095,1.2118163295135684,1.1898749553837038,1.2148248185360389,1.2351093314899193,French,Parent,Trigram
6,6,4095,1.6193838982355027,1.59138757136133,1.6203806150940603,1.6506659017828942,French,Parent,Trigram
4,1,5545,7.0182163163710545,7.002151193081311,7.016984706359258,7.029686759926372,French,Parent,Trigram
4,2,5545,1.816927421748692,1.7946132998320303,1.8162613056267136,1.8379460853107132,French,Parent,Trigram
4,3,5545,1.2925077100397768,1.2732269693173408,1.2926451902011151,1.3135136227053064,French,Parent,Trigram
4,4,5545,1.5984868431005315,1.562476369714393,1.5980795050084429,1.632392451080575,French,Parent,Trigram
7,1,3190,7.0153521204443186,6.996506660724508,7.0141276060540845,7.033288983513943,French,Parent,Trigram
7,2,3190,1.824288503951787,1.7922206967863543,1.827143371295032,1.8582188361715,French,Parent,Trigram
7,3,3190,1.3784591285412588,1.3516513362909932,1.37844887417013,1.4069448594800358,French,Parent,Trigram
7,4,3190,1.3035649079887845,1.2697389378069337,1.3052903800571227,1.3394876219542424,French,Parent,Trigram
7,5,3190,1.2768220220613629,1.2482570352898121,1.2765369065480545,1.308626802296474,French,Parent,Trigram
7,6,3190,1.2264775364376534,1.193838961343033,1.2260480614635265,1.2536595224306502,French,Parent,Trigram
7,7,3190,1.5971805754126427,1.5528976401752066,1.5997454973201393,1.6522164269394262,French,Parent,Trigram
3,1,5525,7.040144583326659,7.028253252383271,7.041690642447493,7.053678596164307,French,Parent,Trigram
3,2,5525,1.826558623076564,1.8052058030318352,1.8257126370486092,1.8458213163716761,French,Parent,Trigram
3,3,5525,1.6032240142218128,1.5683648901147542,1.6066959744483638,1.6424131573875564,French,Parent,Trigram
9,1,1657,7.013616861747415,6.990109590168955,7.0152003539119345,7.040838166612707,French,Parent,Trigram
9,2,1657,1.8626673887778853,1.8210703942742632,1.859482469365909,1.9038175240509756,French,Parent,Trigram
9,3,1657,1.3753430005938587,1.330446976937655,1.3760721564695788,1.4283048444256123,French,Parent,Trigram
9,4,1657,1.3032924012383857,1.2589376041489189,1.3053451194458146,1.3552877747156424,French,Parent,Trigram
9,5,1657,1.2715553179805943,1.2287053943291872,1.2683836330875404,1.3105251771790765,French,Parent,Trigram
9,6,1657,1.3016774834245532,1.2606790430623507,1.3038248623316735,1.349994475250152,French,Parent,Trigram
9,7,1657,1.2569745022918204,1.226062522243144,1.2610782911335767,1.3057772055654981,French,Parent,Trigram
9,8,1657,1.1394700641436395,1.0915588962902272,1.1387500989473074,1.1779825988597155,French,Parent,Trigram
9,9,1657,1.5730818444587555,1.5125291906463574,1.5684529165784207,1.6309751471627094,French,Parent,Trigram
8,1,2332,7.0226509896191684,6.993458534519014,7.022516728801138,7.04458908674852,French,Parent,Trigram
8,2,2332,1.8216391053453318,1.7878092592054944,1.8226617416959274,1.856247295538925,French,Parent,Trigram
8,3,2332,1.3246724261018874,1.2821550735069587,1.3226386059312019,1.3646238528588213,French,Parent,Trigram
8,4,2332,1.2814318240200062,1.2432578217794106,1.282064745947591,1.3169116866067179,French,Parent,Trigram
8,5,2332,1.3065321415816122,1.2767787723276465,1.306963331765826,1.345778997840542,French,Parent,Trigram
8,6,2332,1.2675112215977795,1.2210443373251942,1.2687787176098668,1.3031843320455396,French,Parent,Trigram
8,7,2332,1.1393961891097433,1.1087367698090156,1.1378123482985112,1.1668542486776823,French,Parent,Trigram
8,8,2332,1.5664336855170249,1.5096202551296196,1.5686192779455135,1.6139294265294974,French,Parent,Trigram
3,1,19296,7.532942252718592,7.524889168783924,7.533453059582716,7.542305177411876,French,Child,Trigram
3,2,19296,1.8366343975314257,1.8258946095421837,1.8363166977116718,1.8473618652665396,French,Child,Trigram
3,3,19296,1.5992925191671892,1.5816430240199217,1.5971715556774566,1.6133345232297285,French,Child,Trigram
4,1,17725,7.493375267545326,7.482227858030241,7.492452385551065,7.503201921249815,French,Child,Trigram
4,2,17725,1.8877403590171393,1.8768493073635613,1.8877708318395574,1.8989095320708325,French,Child,Trigram
4,3,17725,1.2685746659815564,1.2567400369627353,1.2685429687728667,1.2813198387474873,French,Child,Trigram
4,4,17725,1.5257678659678515,1.5072391781157937,1.5248314591238294,1.5410340624928307,French,Child,Trigram
5,1,14691,7.48933109339015,7.476977273514091,7.4895121439465155,7.5004295197762385,French,Child,Trigram
5,2,14691,1.8091079099306036,1.7943185409680988,1.8073754141795026,1.8190631335518925,French,Child,Trigram
5,3,14691,1.3828413315103667,1.3671671060413542,1.3836041568088513,1.3977590508806186,French,Child,Trigram
5,4,14691,1.1921334190711406,1.1805444513734695,1.192005668926674,1.2041804266466065,French,Child,Trigram
5,5,14691,1.4926149293178843,1.4734155352761866,1.4918880557160277,1.5123703202054073,French,Child,Trigram
7,1,6892,7.426415879644769,7.414371538852372,7.42643498231212,7.440776542993182,French,Child,Trigram
7,2,6892,1.8520499363377283,1.8359807401082575,1.8539386236287105,1.871048630294036,French,Child,Trigram
7,3,6892,1.3834278893138667,1.3615326822452676,1.3847419832621766,1.4059065639972688,French,Child,Trigram
7,4,6892,1.2993008982145848,1.281005203753312,1.3004789296126407,1.3201776986828186,French,Child,Trigram
7,5,6892,1.3232358962868234,1.3041576462788633,1.322053833048287,1.3374646691176273,French,Child,Trigram
7,6,6892,1.1685236556130099,1.1494492973144221,1.1669417911048414,1.188780819260133,French,Child,Trigram
7,7,6892,1.4175285039014478,1.389160996954834,1.417167505146941,1.442079923749489,French,Child,Trigram
6,1,10208,7.446748134297637,7.436364990457612,7.44597759740433,7.458070540833389,French,Child,Trigram
6,2,10208,1.8577662548955332,1.8429048047380574,1.8585776467971666,1.8788051489180064,French,Child,Trigram
6,3,10208,1.3876631175135743,1.3719143793594126,1.389721743129544,1.4085680337202353,French,Child,Trigram
6,4,10208,1.3151856549901648,1.3016180652132414,1.3151876459579015,1.3317538582711104,French,Child,Trigram
6,5,10208,1.1847781816199656,1.1686978222124957,1.1847911511469036,1.2001534177264823,French,Child,Trigram
6,6,10208,1.4490836429932274,1.4297696153776351,1.448844127512791,1.4677437835311675,French,Child,Trigram
8,1,4692,7.429841320329716,7.413854641581029,7.430617734505799,7.449237977462452,French,Child,Trigram
8,2,4692,1.8249414989507209,1.8032753379321567,1.8252290044223154,1.849072891234945,French,Child,Trigram
8,3,4692,1.4124967529035894,1.3841892415605237,1.4124299523404593,1.4471293337065139,French,Child,Trigram
8,4,4692,1.2956993762794358,1.2652427791799628,1.2927680716622312,1.3193479874021257,French,Child,Trigram
8,5,4692,1.3013518671652038,1.2768845253016639,1.3019285658634532,1.332623099790408,French,Child,Trigram
8,6,4692,1.302580475095796,1.2783353542300848,1.3035026404950116,1.33315883015631,French,Child,Trigram
8,7,4692,1.1611648321863128,1.1385035832507022,1.1620452294635244,1.1837493378411779,French,Child,Trigram
8,8,4692,1.4188883965684123,1.391163203148179,1.4177989880376054,1.447595628694602,French,Child,Trigram
9,1,3151,7.457184098932865,7.432913295332117,7.4599972576793885,7.48755082773504,French,Child,Trigram
9,2,3151,1.844171060376302,1.8097111781110313,1.8459925122232295,1.8772022567828925,French,Child,Trigram
9,3,3151,1.3504962180387932,1.3143049365961148,1.3494533144440284,1.3824962142553454,French,Child,Trigram
9,4,3151,1.2834136179612576,1.2524423061760976,1.286385956527089,1.318333190297445,French,Child,Trigram
9,5,3151,1.2616515754329254,1.236410579799433,1.261067824151848,1.2883058595453054,French,Child,Trigram
9,6,3151,1.2763064511425342,1.2392370102652213,1.2752862436231907,1.3039744006323837,French,Child,Trigram
9,7,3151,1.2829931358124331,1.257658647989629,1.283582496180757,1.3145636026782106,French,Child,Trigram
9,8,3151,1.0940329692583923,1.0708454668370553,1.0924437855751088,1.1182231825406648,French,Child,Trigram
9,9,3151,1.4356746506365623,1.4073222038179154,1.435142895076737,1.4614771217968454,French,Child,Trigram
3,1,55954,8.527337467482532,8.518635153522032,8.52666344326117,8.534083973832207,German,Parent,Trigram
3,2,55954,2.377426136058569,2.366732574637309,2.3770926918503505,2.389037522527349,German,Parent,Trigram
3,3,55954,2.665800931630365,2.645276163895578,2.665185609354567,2.681148545835116,German,Parent,Trigram
4,1,64032,8.454398693873369,8.448732883361231,8.454451200937045,8.459881902192866,German,Parent,Trigram
4,2,64032,2.3396420197031724,2.3286632722252048,2.339384891047798,2.351062237158202,German,Parent,Trigram
4,3,64032,1.8915406146953846,1.8762562680876869,1.8908855543535823,1.9045555022932859,German,Parent,Trigram
4,4,64032,2.9413050297779897,2.924876315811596,2.940063984331371,2.9550122788199213,German,Parent,Trigram
6,1,48544,8.45026173661159,8.443255116113253,8.450505273601062,8.457962160235567,German,Parent,Trigram
6,2,48544,2.381524799662982,2.36812042987604,2.380772305024283,2.3925911225228713,German,Parent,Trigram
6,3,48544,1.8520965123636282,1.8371275487559098,1.8516281036577809,1.8635904902869795,German,Parent,Trigram
6,4,48544,2.005065361758597,1.9912768163879746,2.0048150035886776,2.019658469847092,German,Parent,Trigram
6,5,48544,2.5207949708570125,2.503708775712812,2.519464873015566,2.535328669237291,German,Parent,Trigram
6,6,48544,3.176961280616711,3.1615708459325838,3.1770858161066933,3.194964198055005,German,Parent,Trigram
7,1,36603,8.445186080598598,8.436979884854193,8.445456169592214,8.452340587266784,German,Parent,Trigram
7,2,36603,2.3627765042480315,2.3519080244191786,2.363175031124065,2.375375619344795,German,Parent,Trigram
7,3,36603,1.8751993549360888,1.8587786330880842,1.874677135103326,1.8931192585934289,German,Parent,Trigram
7,4,36603,2.0005121796397476,1.9840164665366133,2.0011299116702737,2.015002200187948,German,Parent,Trigram
7,5,36603,2.2292753797741702,2.2168183259637266,2.229319005857917,2.2482012400781053,German,Parent,Trigram
7,6,36603,2.705275983428465,2.688219470643699,2.7066885551730064,2.7276000548064654,German,Parent,Trigram
7,7,36603,3.269123998518261,3.245259961523723,3.2689505457392194,3.2877966651590045,German,Parent,Trigram
5,1,60355,8.455852650241127,8.44999113547003,8.456136740109903,8.463386147439987,German,Parent,Trigram
5,2,60355,2.376663010249368,2.366899724968741,2.376779078726602,2.387043839734053,German,Parent,Trigram
5,3,60355,1.7978804703112734,1.787004739395103,1.798110564770018,1.810320526809031,German,Parent,Trigram
5,4,60355,2.2341301513206058,2.2186596522089483,2.2339904057497453,2.2496597721032345,German,Parent,Trigram
5,5,60355,3.0624998371026932,3.0433619684687545,3.0616661683624873,3.078704007891255,German,Parent,Trigram
8,1,25789,8.432073580270648,8.421796988266344,8.431188191853902,8.441958122708918,German,Parent,Trigram
8,2,25789,2.3831016605316107,2.3649967315013107,2.382945689742334,2.399524249052492,German,Parent,Trigram
8,3,25789,1.8981330084113819,1.8798806036952542,1.8969395398618436,1.916981173706173,German,Parent,Trigram
8,4,25789,2.0246704671071254,2.0020056901099568,2.023206335104211,2.043985533808824,German,Parent,Trigram
8,5,25789,2.183714408984342,2.1650689490094126,2.1842617837824045,2.203126571791054,German,Parent,Trigram
8,6,25789,2.332052578649292,2.312218180120955,2.3319405842786094,2.354445175364128,German,Parent,Trigram
8,7,25789,2.838658259262466,2.810782968344336,2.837943448461527,2.8627816135264195,German,Parent,Trigram
8,8,25789,3.2978037839122787,3.2728203060364516,3.2978541832206147,3.322998924608575,German,Parent,Trigram
9,1,18289,8.444085717012209,8.432879839863052,8.444415926572708,8.454006609809008,German,Parent,Trigram
9,2,18289,2.3818107027008675,2.363488595706911,2.3810991462234252,2.3990439671308312,German,Parent,Trigram
9,3,18289,1.8782131169882472,1.8570252339512336,1.8757694373820932,1.8949106125526165,German,Parent,Trigram
9,4,18289,2.0414923558612434,2.017445917325776,2.0415823439368332,2.0644094116835476,German,Parent,Trigram
9,5,18289,2.206981516697857,2.1860840254226517,2.2077499258212523,2.230872406294819,German,Parent,Trigram
9,6,18289,2.3143333017848895,2.291836854522332,2.3153696805147144,2.3389477072135443,German,Parent,Trigram
9,7,18289,2.4241505657070688,2.389349420845388,2.422218889696184,2.4471747000541777,German,Parent,Trigram
9,8,18289,2.8693843676175836,2.8382197980925974,2.867093067296292,2.8983197718879903,German,Parent,Trigram
9,9,18289,3.224862976667104,3.19697188314722,3.2240501728308937,3.252082484136344,German,Parent,Trigram
3,1,70998,8.858545345643389,8.851415097375646,8.85844268770526,8.866059603899707,German,Child,Trigram
3,2,70998,2.6481033616436847,2.6390805711151564,2.648693648593695,2.6565591683820684,German,Child,Trigram
3,3,70998,2.7674127416901664,2.7514901496469344,2.7676352841277376,2.7819938402505304,German,Child,Trigram
4,1,53964,8.716001271370935,8.70716727264427,8.715845155731493,8.72432089974569,German,Child,Trigram
4,2,53964,2.5568222603357165,2.54464788060909,2.5567525432433413,2.5701820154193955,German,Child,Trigram
4,3,53964,2.0673759190070076,2.0539157113689797,2.066794384080144,2.078018827728867,German,Child,Trigram
4,4,53964,2.926619764400566,2.910025561726011,2.9259948930180317,2.9415285329530976,German,Child,Trigram
8,1,11159,8.787039346042869,8.76722733653332,8.786405611474066,8.80596761337285,German,Child,Trigram
8,2,11159,2.521045356553583,2.499961170253708,2.522395419093355,2.5409475906912875,German,Child,Trigram
8,3,11159,2.077406748358799,2.0417100193194138,2.0766156529959345,2.1080102738791204,German,Child,Trigram
8,4,11159,2.117918530077968,2.084186336186338,2.1138008198159945,2.149936068431912,German,Child,Trigram
8,5,11159,2.1918760747590773,2.1620703832240435,2.1915872628345467,2.2234420001533515,German,Child,Trigram
8,6,11159,2.2357164084115477,2.205446820464097,2.2358551249936527,2.263652621519823,German,Child,Trigram
8,7,11159,2.7152920169891854,2.6771564022669367,2.7150835566783913,2.7467844817867864,German,Child,Trigram
8,8,11159,3.26177522289848,3.218797075286947,3.2601060104323114,3.2972573763575963,German,Child,Trigram
7,1,17114,8.720969196122091,8.704979735992495,8.721106644019466,8.738599266757387,German,Child,Trigram
7,2,17114,2.4956766050859662,2.47789190400771,2.4960627325241207,2.513464740528547,German,Child,Trigram
7,3,17114,2.073436600506912,2.053283515401194,2.0774370486547946,2.10004584351314,German,Child,Trigram
7,4,17114,2.089050035993811,2.0656288107550838,2.09092965133658,2.1136807386711043,German,Child,Trigram
7,5,17114,2.146403648647956,2.1265500468810448,2.1474843165654924,2.1683892463696006,German,Child,Trigram
7,6,17114,2.629524784401865,2.604666853045782,2.629857011780054,2.663033313825822,German,Child,Trigram
7,7,17114,3.2137798779727116,3.1850645473888854,3.211749532843522,3.241418498009182,German,Child,Trigram
5,1,39335,8.670447037249398,8.662581612812575,8.670992674523424,8.681740209638988,German,Child,Trigram
5,2,39335,2.5496767525329243,2.538840314837958,2.5508077956920086,2.5620796650938296,German,Child,Trigram
5,3,39335,1.9375938089978548,1.9239471339671816,1.9370996682341133,1.9489656718187598,German,Child,Trigram
5,4,39335,2.2183686856652542,2.1987218857641917,2.219061768638174,2.234984015425627,German,Child,Trigram
5,5,39335,3.0473952996498963,3.0301272344477104,3.0493399505175796,3.0680825197845185,German,Child,Trigram
6,1,26774,8.680045415887273,8.667350128997635,8.680179000383816,8.694206053753666,German,Child,Trigram
6,2,26774,2.5232887286944696,2.5101337656497846,2.524017012455006,2.536470511294982,German,Child,Trigram
6,3,26774,2.0209050202303795,2.005663942593238,2.0209676986886005,2.041725547299264,German,Child,Trigram
6,4,26774,2.01001785036037,1.9945494583155814,2.0110688399167023,2.030354310711397,German,Child,Trigram
6,5,26774,2.444786673380421,2.4253567593601435,2.4451630419436174,2.465209449722037,German,Child,Trigram
6,6,26774,3.1265142218103295,3.104178660163657,3.125555128960379,3.1481608810983674,German,Child,Trigram
9,1,7257,8.847919317058611,8.819234629299615,8.848586789102647,8.875178471511104,German,Child,Trigram
9,2,7257,2.477321389655494,2.4534271184941767,2.4778553918315733,2.5013214884011954,German,Child,Trigram
9,3,7257,2.085653482561715,2.0508842382595955,2.086470316219908,2.124195177223756,German,Child,Trigram
9,4,7257,2.1391506331739336,2.100312110969346,2.1371974359065256,2.1743737928545706,German,Child,Trigram
9,5,7257,2.2511918969237805,2.211991753809968,2.2495834963407435,2.286344780911423,German,Child,Trigram
9,6,7257,2.2924584690263257,2.2539718405781857,2.29017204709695,2.332702842860309,German,Child,Trigram
9,7,7257,2.265910975644292,2.2230115409838325,2.2647616048465014,2.299952964920207,German,Child,Trigram
9,8,7257,2.742806763922986,2.695443004854326,2.743996051547119,2.7940868709589046,German,Child,Trigram
9,9,7257,3.2596400210199334,3.2130419904820697,3.26102768726843,3.303032939923077,German,Child,Trigram
3,1,28001,7.674181079418335,7.6642803640043065,7.6734651994778424,7.682529468244921,Spanish,Parent,Trigram
3,2,28001,1.9395598422492863,1.931552149085444,1.9401624430849238,1.948470766594323,Spanish,Parent,Trigram
3,3,28001,1.757483398159514,1.7399212254015004,1.760326899939284,1.7783449777573042,Spanish,Parent,Trigram
8,1,6212,7.637121749783975,7.620912818834233,7.637873080221208,7.654861269099667,Spanish,Parent,Trigram
8,2,6212,2.0147621482706652,1.9956225718345784,2.014443986629258,2.032605558129103,Spanish,Parent,Trigram
8,3,6212,1.4357492736056783,1.4100242655841826,1.4354691199287628,1.4621418143932619,Spanish,Parent,Trigram
8,4,6212,1.3609987849277292,1.340394896403176,1.3616116005946035,1.385246209898113,Spanish,Parent,Trigram
8,5,6212,1.3645117234892026,1.3416061162449662,1.3646758654504458,1.3859195923381136,Spanish,Parent,Trigram
8,6,6212,1.320798009998631,1.299944240208871,1.3204285826797417,1.347280955371247,Spanish,Parent,Trigram
8,7,6212,1.2505194026657787,1.2251611126204192,1.2488800616097004,1.2736734436420725,Spanish,Parent,Trigram
8,8,6212,1.7669590646347075,1.7293970537460088,1.7658185166408382,1.804332173669906,Spanish,Parent,Trigram
5,1,18586,7.614282531013764,7.605714858442234,7.614641137787334,7.625136108817523,Spanish,Parent,Trigram
5,2,18586,2.0079853475690337,1.9969102345420642,2.007297904954767,2.016837798925669,Spanish,Parent,Trigram
5,3,18586,1.4059792055863554,1.395105785899843,1.4063697375027957,1.4176484824150535,Spanish,Parent,Trigram
5,4,18586,1.2677392044711855,1.2554836064179438,1.2680599228413205,1.2798116568708067,Spanish,Parent,Trigram
5,5,18586,1.768026212169192,1.7503203334656212,1.7667818002370872,1.7861378722461267,Spanish,Parent,Trigram
4,1,24083,7.633415540904196,7.625921915851894,7.6336694775159115,7.642495692394028,Spanish,Parent,Trigram
4,2,24083,2.014337922837436,2.0048403083156945,2.0135118836273125,2.0251253152316337,Spanish,Parent,Trigram
4,3,24083,1.2912508086182473,1.2804142318217702,1.290923731628112,1.3006138918833723,Spanish,Parent,Trigram
4,4,24083,1.7317496729675224,1.7158614349319201,1.7320498778824691,1.750233174725406,Spanish,Parent,Trigram
9,1,4313,7.663502112525039,7.643126440056509,7.66421243114812,7.683566516260522,Spanish,Parent,Trigram
9,2,4313,2.039005666494425,2.0191167685456546,2.0387922242321825,2.0633235342978544,Spanish,Parent,Trigram
9,3,4313,1.4456790469236174,1.418070142962334,1.4442389705361884,1.472026037115413,Spanish,Parent,Trigram
9,4,4313,1.375533311018224,1.3417928879039347,1.376259480209271,1.4036379945283697,Spanish,Parent,Trigram
9,5,4313,1.3686194162813219,1.3440330731863215,1.3683996614773035,1.3956838130646894,Spanish,Parent,Trigram
9,6,4313,1.3536571509982382,1.324638053993877,1.3509559330850693,1.3793982336547683,Spanish,Parent,Trigram
9,7,4313,1.337792960889318,1.3137008729125847,1.3359242288982842,1.3621664113327325,Spanish,Parent,Trigram
9,8,4313,1.2547747518356787,1.2285295778088687,1.2552284709560935,1.2817860195939677,Spanish,Parent,Trigram
9,9,4313,1.8009854085534402,1.766774089169729,1.8000820220370817,1.83567768572075,Spanish,Parent,Trigram
6,1,13283,7.620801972075685,7.609855533631588,7.621245296473318,7.633174116944616,Spanish,Parent,Trigram
6,2,13283,1.9937288539107911,1.97856530840835,1.9930438640732764,2.0047538315407136,Spanish,Parent,Trigram
6,3,13283,1.4030397405719879,1.3888462706326739,1.403479878319806,1.4192188646571156,Spanish,Parent,Trigram
6,4,13283,1.3729993106819354,1.359741910394843,1.3729118960041746,1.387724060464101,Spanish,Parent,Trigram
6,5,13283,1.2471385712204663,1.2308913645808581,1.2451532729090422,1.2597239789708428,Spanish,Parent,Trigram
6,6,13283,1.7719231429771694,1.7454131549528134,1.772350350042464,1.7930787324075246,Spanish,Parent,Trigram
7,1,9129,7.632347017040205,7.617608894167313,7.632796531794876,7.648132219884179,Spanish,Parent,Trigram
7,2,9129,2.0264929638124136,2.0106856953054386,2.0255936443104465,2.0406764728527547,Spanish,Parent,Trigram
7,3,9129,1.4308377010091815,1.405748289082473,1.4278499541197514,1.4474569116270493,Spanish,Parent,Trigram
7,4,9129,1.3733784437623549,1.355287395568677,1.373759843114825,1.3933885715422774,Spanish,Parent,Trigram
7,5,9129,1.327585761447062,1.3127272472583735,1.3302198642524288,1.3506129628152834,Spanish,Parent,Trigram
7,6,9129,1.2416600309518828,1.2258707194753224,1.2421875091426435,1.2603703493754121,Spanish,Parent,Trigram
7,7,9129,1.787671760160438,1.7611868484118953,1.788548452748123,1.8178734443158724,Spanish,Parent,Trigram
6,1,11719,7.7475177177909655,7.735009368370902,7.747243315351428,7.758864472605932,Spanish,Child,Trigram
6,2,11719,2.116338723063296,2.102402217840414,2.1151558665019152,2.128995763428515,Spanish,Child,Trigram
6,3,11719,1.5557551102402654,1.5410422196495257,1.5550870945830222,1.5726146905106257,Spanish,Child,Trigram
6,4,11719,1.4530753184630303,1.4388486701668666,1.4537058315725495,1.4684131370626097,Spanish,Child,Trigram
6,5,11719,1.3123749610618658,1.2986565498415037,1.31238623161285,1.3292657507636745,Spanish,Child,Trigram
6,6,11719,1.7129415156989998,1.6890373779722565,1.711840086581408,1.738364891357334,Spanish,Child,Trigram
5,1,16293,7.749327042144811,7.738584405399266,7.74888051728799,7.761267058852847,Spanish,Child,Trigram
5,2,16293,2.144750927910067,2.1296793946719097,2.145036745649715,2.1570219691540298,Spanish,Child,Trigram
5,3,16293,1.5577112083854152,1.5428601401609323,1.5574013581017225,1.569545029992082,Spanish,Child,Trigram
5,4,16293,1.3355254918430155,1.325299440928017,1.3369492121582158,1.3482703989216294,Spanish,Child,Trigram
5,5,16293,1.71090109428926,1.692910878944593,1.7101239744173933,1.7266809359469963,Spanish,Child,Trigram
4,1,23011,7.820194349197348,7.809266119132084,7.820294101306738,7.830108147524651,Spanish,Child,Trigram
4,2,23011,2.1748894974987603,2.161890517563414,2.174528556758414,2.186468862560446,Spanish,Child,Trigram
4,3,23011,1.4301459585266656,1.4219764807882096,1.4313192376949129,1.442055042936409,Spanish,Child,Trigram
4,4,23011,1.7193582827158709,1.7038060642680768,1.718914485961713,1.7328723414392568,Spanish,Child,Trigram
3,1,30232,7.895323353821274,7.885076467872265,7.894796022254344,7.904500424550005,Spanish,Child,Trigram
3,2,30232,2.0820294777436623,2.073107313032534,2.0814122126357333,2.089095351865333,Spanish,Child,Trigram
3,3,30232,1.8325171119307488,1.8208892159879633,1.8341709779040876,1.8459188149794916,Spanish,Child,Trigram
8,1,6066,7.716838772368439,7.698830496836447,7.717806878223539,7.738013400166411,Spanish,Child,Trigram
8,2,6066,2.167268398214479,2.150791169496169,2.167137419228659,2.1858827390452245,Spanish,Child,Trigram
8,3,6066,1.5742287422382042,1.5559826945702393,1.5768548739270885,1.598074877680704,Spanish,Child,Trigram
8,4,6066,1.455685225407204,1.433738019871822,1.455655490214621,1.481938630694255,Spanish,Child,Trigram
8,5,6066,1.397662173078432,1.373019839110368,1.397602075899233,1.41781929644507,Spanish,Child,Trigram
8,6,6066,1.390752505202754,1.3727485302706737,1.3908278749223357,1.413139809321697,Spanish,Child,Trigram
8,7,6066,1.329852811503324,1.3118795455553491,1.331390801571479,1.3505985572172634,Spanish,Child,Trigram
8,8,6066,1.747453303805602,1.7174645634146364,1.7467797341650955,1.7788944025176057,Spanish,Child,Trigram
7,1,8227,7.75342537499842,7.7365414430423645,7.754121735750057,7.771267201136279,Spanish,Child,Trigram
7,2,8227,2.1179833396521204,2.0984897624001664,2.1173962391389303,2.1336528049677996,Spanish,Child,Trigram
7,3,8227,1.5507696382588194,1.5315049493517146,1.5504254396610624,1.5695479090417797,Spanish,Child,Trigram
7,4,8227,1.4424480838388463,1.4206278166881638,1.442488698149649,1.4604105672541285,Spanish,Child,Trigram
7,5,8227,1.40099116734924,1.3816515015906634,1.402113982861135,1.4206977276874801,Spanish,Child,Trigram
7,6,8227,1.2999191411981552,1.2775279000910458,1.297827073523293,1.319864358060253,Spanish,Child,Trigram
7,7,8227,1.731104093955965,1.7099760254728877,1.7311296423197053,1.7535296552161248,Spanish,Child,Trigram
9,1,4484,7.698681554551852,7.671412115464989,7.699003116487925,7.720991845313297,Spanish,Child,Trigram
9,2,4484,2.1590868034711597,2.135371315715889,2.157819042716252,2.181369628449511,Spanish,Child,Trigram
9,3,4484,1.6153860932795945,1.5910973924342593,1.6181629229081091,1.6470940914194463,Spanish,Child,Trigram
9,4,4484,1.465463374258683,1.4338997461878753,1.4640206679151486,1.4947182300072712,Spanish,Child,Trigram
9,5,4484,1.4095091198194676,1.3847860574988147,1.409695539110798,1.43663878407758,Spanish,Child,Trigram
9,6,4484,1.431804152655878,1.403008416592809,1.431003516315882,1.4640336665721156,Spanish,Child,Trigram
9,7,4484,1.408291404955521,1.3846808646189963,1.410812056805277,1.4379639408053508,Spanish,Child,Trigram
9,8,4484,1.3089403693001787,1.2872040906394304,1.3112700038318863,1.339762064394517,Spanish,Child,Trigram
9,9,4484,1.7491775450697975,1.718000649019451,1.7479818746620368,1.7817733767639303,Spanish,Child,Trigram
4,1,46923,9.112386763417232,9.103859352052837,9.11187173609777,9.118519921942806,Japanese,Parent,Trigram
4,2,46923,2.2601987258670984,2.2509239544171957,2.2597264143906575,2.2693212380408836,Japanese,Parent,Trigram
4,3,46923,1.479942962697173,1.467189979104692,1.479400180231678,1.4900337951976677,Japanese,Parent,Trigram
4,4,46923,1.2026598905024721,1.191952274652062,1.2019844698387676,1.2120992798532944,Japanese,Parent,Trigram
6,1,19836,9.203262206358543,9.192222763887335,9.20472667224202,9.218888040790517,Japanese,Parent,Trigram
6,2,19836,2.347378353169667,2.333935877815998,2.3471236998469003,2.3629187551759188,Japanese,Parent,Trigram
6,3,19836,1.6702552028759086,1.651855846998203,1.6691346664966222,1.6886397215448143,Japanese,Parent,Trigram
6,4,19836,1.4034959381327174,1.3871766614121255,1.4042254263800849,1.4189903554127423,Japanese,Parent,Trigram
6,5,19836,1.332173762049351,1.3180079784784424,1.3315429947071677,1.3469765242077236,Japanese,Parent,Trigram
6,6,19836,1.2051299766898997,1.192065032321098,1.2046941174115113,1.221315782690125,Japanese,Parent,Trigram
3,1,61738,9.062563166186909,9.054098531487476,9.062837597383632,9.07039158263326,Japanese,Parent,Trigram
3,2,61738,2.25384092401217,2.2471352391772585,2.2544639357074967,2.2636347788136506,Japanese,Parent,Trigram
3,3,61738,1.2528981331999778,1.2441034788812204,1.2527180798227366,1.262119478432263,Japanese,Parent,Trigram
5,1,31201,9.168116831389005,9.156951986557054,9.167740328408279,9.180454709201603,Japanese,Parent,Trigram
5,2,31201,2.325438614667354,2.312613561511334,2.324950530348915,2.338439519016572,Japanese,Parent,Trigram
5,3,31201,1.591141814043314,1.5765005787946578,1.5921696444283058,1.6039202009889202,Japanese,Parent,Trigram
5,4,31201,1.3455285216932062,1.3354616746406234,1.3452443151269822,1.3572147534581767,Japanese,Parent,Trigram
5,5,31201,1.198781076629461,1.1874129407532164,1.1992257957699046,1.215015751275874,Japanese,Parent,Trigram
7,1,12501,9.21384409654332,9.19842213220324,9.212677933214454,9.23195166920254,Japanese,Parent,Trigram
7,2,12501,2.3714156687502843,2.350184696227605,2.371896952660825,2.39368035051882,Japanese,Parent,Trigram
7,3,12501,1.7325050060906015,1.7135106162980656,1.7328267927301777,1.7511083462893242,Japanese,Parent,Trigram
7,4,12501,1.476019581034988,1.4577792436602057,1.4773400317078713,1.4997780359990023,Japanese,Parent,Trigram
7,5,12501,1.3712538356123405,1.358425024314629,1.372340211475213,1.3908595589831032,Japanese,Parent,Trigram
7,6,12501,1.2947914700500107,1.2742318366887178,1.2935346980676985,1.3121740104369988,Japanese,Parent,Trigram
7,7,12501,1.1909274840944244,1.1751732110223831,1.189595502902294,1.205717958618513,Japanese,Parent,Trigram
8,1,7965,9.242730243776252,9.219732518676537,9.241759841412474,9.263027169834647,Japanese,Parent,Trigram
8,2,7965,2.4069382736388047,2.3786269574769996,2.4083892575381913,2.4315428818147735,Japanese,Parent,Trigram
8,3,7965,1.7306850242075946,1.707261781714955,1.7315446351743389,1.759800727939875,Japanese,Parent,Trigram
8,4,7965,1.5208125701432549,1.4976281994547547,1.5207300239016406,1.545398131918024,Japanese,Parent,Trigram
8,5,7965,1.480401560202082,1.4518394574053395,1.4784553092593153,1.5018392608102882,Japanese,Parent,Trigram
8,6,7965,1.3312035901547974,1.3079069942127437,1.3314245318169124,1.3522176297288682,Japanese,Parent,Trigram
8,7,7965,1.2778018048328943,1.2596098668494466,1.277849512055619,1.2987442747033473,Japanese,Parent,Trigram
8,8,7965,1.1944081607885655,1.1760813111669226,1.1940595216314072,1.2141227638998349,Japanese,Parent,Trigram
9,1,5110,9.267172637331042,9.242258410122531,9.268352522633547,9.293113705083115,Japanese,Parent,Trigram
9,2,5110,2.4137866435452215,2.380204625519288,2.413076622482382,2.452135515940866,Japanese,Parent,Trigram
9,3,5110,1.803681411061968,1.7652372218123156,1.8028977324230098,1.8396849008817262,Japanese,Parent,Trigram
9,4,5110,1.5621007751345402,1.522401224114657,1.5603174297790938,1.6037833695274042,Japanese,Parent,Trigram
9,5,5110,1.4616151964594473,1.4361391602931892,1.4637941370383634,1.494239142586107,Japanese,Parent,Trigram
9,6,5110,1.4558412459031942,1.4254996086228384,1.4576571310746926,1.4914351162961785,Japanese,Parent,Trigram
9,7,5110,1.3400204440618915,1.3124839065079585,1.3391071734866984,1.3662980640132834,Japanese,Parent,Trigram
9,8,5110,1.2550479999960285,1.2319553855930523,1.2543780095866515,1.285905889421993,Japanese,Parent,Trigram
9,9,5110,1.1870631891220749,1.1584068613008043,1.1855590468736077,1.2153770338707475,Japanese,Parent,Trigram
3,1,53054,9.231808740787907,9.22340446878186,9.23230380743687,9.239652483851874,Japanese,Child,Trigram
3,2,53054,2.304035887885553,2.294800830656069,2.304119535327906,2.312730051653094,Japanese,Child,Trigram
3,3,53054,1.4407676628542192,1.4306523886370948,1.4404584482799003,1.449414721285128,Japanese,Child,Trigram
4,1,35898,9.271246594940097,9.260266086115625,9.271437397408972,9.283806141754187,Japanese,Child,Trigram
4,2,35898,2.3485471955899295,2.3362093377730346,2.347934264776348,2.358365099566834,Japanese,Child,Trigram
4,3,35898,1.5879741436565504,1.5768231975513554,1.5881769842106994,1.6016410621584103,Japanese,Child,Trigram
4,4,35898,1.2453284826615547,1.2364454137927954,1.2455520631444243,1.2560620895311543,Japanese,Child,Trigram
6,1,14033,9.34734444338572,9.330915388050588,9.347082228810773,9.363287624363583,Japanese,Child,Trigram
6,2,14033,2.4469497410253593,2.430422678605749,2.4477798529204065,2.468697813519186,Japanese,Child,Trigram
6,3,14033,1.7565721123996503,1.7327554108419823,1.7557035515239232,1.7765717658833138,Japanese,Child,Trigram
6,4,14033,1.4135523206159937,1.396010012082718,1.4119178646978323,1.4275427642283485,Japanese,Child,Trigram
6,5,14033,1.3023702494477813,1.2859855093951236,1.3015352801361537,1.3202363082112636,Japanese,Child,Trigram
6,6,14033,1.1608415440501145,1.1450191748250127,1.1618864692549555,1.177603764270824,Japanese,Child,Trigram
8,1,5084,9.413802964587928,9.382330623126048,9.412830110306256,9.442295362637982,Japanese,Child,Trigram
8,2,5084,2.4793527771599364,2.4441527129579588,2.4782482382699693,2.511332256778969,Japanese,Child,Trigram
8,3,5084,1.8600829147992408,1.8320921672717687,1.8621200697174418,1.8993824851374566,Japanese,Child,Trigram
8,4,5084,1.5511929764698849,1.5152919072566964,1.5539143548393513,1.5824889314399753,Japanese,Child,Trigram
8,5,5084,1.4571284843560375,1.425841301205963,1.45688335770936,1.4856711176684951,Japanese,Child,Trigram
8,6,5084,1.300098366009542,1.27640228820166,1.300976301238914,1.3301576876176049,Japanese,Child,Trigram
8,7,5084,1.2439266453569653,1.2176570239074582,1.2430826876765626,1.269856285543586,Japanese,Child,Trigram
8,8,5084,1.1057049192189232,1.0835818624468323,1.106700445261178,1.1310349307491214,Japanese,Child,Trigram
5,1,22555,9.33228025098144,9.317102367607355,9.332799327250147,9.34485102178569,Japanese,Child,Trigram
5,2,22555,2.4150924183899005,2.3984668283440325,2.413169391683876,2.4299580311759352,Japanese,Child,Trigram
5,3,22555,1.6946639714973566,1.6805016146940817,1.6950228165548515,1.711810996982745,Japanese,Child,Trigram
5,4,22555,1.3522980014756207,1.3378738379370105,1.3527952337747031,1.3678804327682657,Japanese,Child,Trigram
5,5,22555,1.1942403683084206,1.1812177874565757,1.193772915532546,1.2068602125308012,Japanese,Child,Trigram
7,1,8378,9.408145664870299,9.386862444245864,9.405499213087898,9.429793328731206,Japanese,Child,Trigram
7,2,8378,2.4939222467289985,2.464763610670065,2.495626460201389,2.5256185116219223,Japanese,Child,Trigram
7,3,8378,1.8439463504773959,1.815498811236342,1.8437598717576935,1.8686454757048483,Japanese,Child,Trigram
7,4,8378,1.5016106198926222,1.4756771576571048,1.5013609588701136,1.5289931844963496,Japanese,Child,Trigram
7,5,8378,1.3844017711281065,1.3648188674377355,1.3853070339956781,1.4091997234056945,Japanese,Child,Trigram
7,6,8378,1.257961504440599,1.231528596122215,1.256749071348365,1.2811480509307112,Japanese,Child,Trigram
7,7,8378,1.1499082891603563,1.134606774745024,1.1496580492163877,1.1711308732276657,Japanese,Child,Trigram
9,1,3138,9.404912188829625,9.368459819702679,9.406603094633406,9.444662608307894,Japanese,Child,Trigram
9,2,3138,2.5317321635113164,2.4835170075686746,2.531748299151944,2.5838384975628763,Japanese,Child,Trigram
9,3,3138,1.8362507478988725,1.78878049953034,1.833906366411784,1.8805592038701338,Japanese,Child,Trigram
9,4,3138,1.5595154788860324,1.5092675263179647,1.5563940704400712,1.5975452447484602,Japanese,Child,Trigram
9,5,3138,1.5115448311683553,1.4752583327473463,1.5133983544934093,1.553071157682694,Japanese,Child,Trigram
9,6,3138,1.38706198241621,1.3426168611981901,1.3846123107335155,1.4214602413851414,Japanese,Child,Trigram
9,7,3138,1.318403022087175,1.2773736101738429,1.3170879656376544,1.3471810529819335,Japanese,Child,Trigram
9,8,3138,1.2139606582958886,1.1836102344926716,1.2140085678620274,1.2500929568074477,Japanese,Child,Trigram
9,9,3138,1.0878242421408533,1.0616034428791457,1.0891512943841304,1.1145879663617235,Japanese,Child,Trigram
