language,gram,slope1,slope2,slope3,slope4,slope5
Acehnese,Unigram,-0.005186144,0.022888212,-0.072799137,-0.027606977,0.015054727
Acehnese,Trigram,-1.314661111770965,0.3359312839946916,0.24676113038580905,0.4054461698326363,0.15357743313004446
Afrikaans,Unigram,0.065868319,-0.001033014,-0.013796086,-0.020571669,0.131093675
Afrikaans,Trigram,-1.1805286385212337,0.09709184298781276,-0.03780283145841324,-0.1159445316637056,-0.10275500802082016
Albanian,Unigram,-0.040655385,-0.005603841,0.00471427,-0.032828627,0.171099494
Albanian,Trigram,-1.08491382564003,0.031462900110886476,-0.03509221161882343,-0.058898498326934404,0.03826455246229738
Alemannic,Unigram,0.102913956,0.006254178,-0.002080554,-0.008048153,0.169867226
Alemannic,Trigram,-0.8533688487478294,0.1488467133523321,-0.0015839932901702115,-0.06555102231756478,0.0881325454142598
Amharic,Unigram,-0.012837353,0.005399489,-0.024081967,-0.080192661,-0.194017645
Amharic,Trigram,0.1298314017922174,-0.15451584576317012,0.138858653362848,0.056094054835622464,-0.2652589152179599
Anglo-Saxon,Unigram,0.007235254,0.003578205,0.009714788,-0.016450765,0.126518429
Anglo-Saxon,Trigram,-0.7140836795525399,-0.004333080312634825,-0.06665345711719302,-0.08350911873642358,0.007230782171366404
Arabic,Trigram,0.5615850973977415,-0.10713746938517345,-0.06180952092735166,0.006575485859893548,-0.33777524425814165
Aragonese,Unigram,0.037925968,-0.022865456,-0.008413262,0.003556379,0.186157341
Aragonese,Trigram,-1.0393418514176214,0.12198244412543775,0.013929647806880552,-0.08979291209709797,0.27210662048929035
Armenian,Unigram,-0.033262325,-0.024147751,-0.003798182,0.002142612,-0.026317751
Armenian,Trigram,-0.042109547317998874,-0.15321826156832474,-0.05769846771447474,0.10923215929598591,-0.3197660452884549
Assamese,Unigram,0.007133026,-0.002017408,0.002042083,-0.0077610760000000004,0.041346922
Assamese,Trigram,-0.6212673366884921,-0.05319440217139244,0.0068511451465784546,0.008175806489014725,0.18911391095098806
Asturian,Unigram,0.061553957,-0.007427315,-0.010265623,-0.007296108,0.172127841
Asturian,Trigram,-1.1226819032226096,0.033645304361011166,-0.035004141065956146,-0.10293500801109691,0.011879253580699925
Aymara,Unigram,-0.024381528,-0.025902532,0.001796661,-0.035261337,0.051141219
Aymara,Trigram,-0.4163016928930195,-0.039330470383237295,0.05511068600891882,0.3080323707589601,-0.5142078513718946
Azerbaijani,Unigram,0.00849069,-0.002409618,-0.002894012,-0.009191519,0.024881247
Azerbaijani,Trigram,-0.8546327053782969,-0.011130354690624488,-0.10645196560339469,-0.2611650966143748,-1.156211322033352
Bashkir,Unigram,0.024920159,-0.001117762,-0.001941257,-0.00649427,-0.026612721
Bashkir,Trigram,-0.7976463128439606,0.01578421230705478,-0.01095742588350781,-0.3332996009032132,-0.8509571051034884
Basque,Unigram,-0.01067447,-0.009832448,0.01156583,-0.051887957,-0.092804668
Basque,Trigram,-0.5119711027797736,-0.11443837060251852,0.05791431788371581,-0.3375758412031191,-0.9599680671817169
Bavarian,Unigram,0.042355828,0.011590417,-0.009173939,-0.03080931,0.124845838
Bavarian,Trigram,-0.6227385430283613,0.05165157868015314,0.03061043570013621,0.011557556556870794,0.12556904161488808
Belarusian,Unigram,0.051611441,0.006753877,-7.88e-4,-0.001752088,0.086293218
Belarusian,Trigram,-0.9807713607285053,0.1314664581535138,-0.01642108096542739,-0.10363953184504612,-0.17735450399479108
Bengali,Unigram,-0.003133545,0.005092838,0.011110871,-0.016907938,0.076904782
Bengali,Trigram,-0.035201241445614914,-0.05365526047192027,0.07030702052775976,0.044830006957787244,0.11705884542747007
Bhojpuri,Unigram,-0.097654351,0.009850129,-0.00761629,-0.023792096,0.068013842
Bhojpuri,Trigram,-0.5913644076170689,0.03683056940475929,0.04212716580039457,0.006998940363184025,0.3013806264615296
Bosnian,Unigram,0.027668324,0.002273505,-0.00874829,-0.010547556,0.15268023
Bosnian,Trigram,-0.7362248685820453,-0.02669050103833519,-0.08309948611170684,-0.034691814886462835,-0.032322715080370164
Breton,Unigram,0.033841929,-0.001592552,-0.024033446,-0.033410637,0.142926275
Breton,Trigram,-0.9773291750066626,0.07605632453004862,-0.0015039735137824485,-0.022632608190961065,0.1142547171325629
Bulgarian,Unigram,0.005303323,0.011957942,-0.010883277,-0.023297104,0.107424482
Bulgarian,Trigram,-1.0091818648935729,0.08927171673146019,-0.03220177964415543,-0.1732100241660308,-0.412525146018809
Burmese,Unigram,0.045081971,4.57e-4,-0.010854794,-0.016734676,0.023958118
Burmese,Trigram,-0.39725502745269464,0.013527657126853294,-0.02746969598864171,0.22730716387299046,-0.19278530803725008
Buryat,Unigram,0.036620436,-0.01449019,0.005165187,-0.012703886,-0.091211451
Buryat,Trigram,-0.6399372599279345,0.010286240826153271,-0.04449512128059727,-0.22235685603116523,-0.9530522296423746
Catalan,Unigram,0.066052618,-0.011298721,-0.004923766,-0.014303759,0.194424199
Catalan,Trigram,-1.221110558568239,0.07340623991844827,-0.0024966454222629087,-0.075499479907945,0.031586733858633295
Chinese,Trigram,-0.3426739325145166,-0.09395686440439041,-0.028751575760893534,0.012830327422942791,-0.020792715138347063
Chuvash,Unigram,0.043032813,-0.006273918,-0.004455389,-0.007301915,-0.051023004
Chuvash,Trigram,-0.7066995906710242,0.05998271703223758,-0.14757074478571958,0.0290915003592567,-0.7169597865119333
Corsican,Unigram,0.049822831,-0.003155661,-0.003765029,-0.009974202,0.144994958
Corsican,Trigram,-1.0131541410060478,-0.019450495874731882,-0.008300390154719955,-0.09271975622649259,-0.1664355941270724
Croatian,Unigram,0.047191907,-0.001640014,-0.004157942,-0.015944409,0.163404925
Croatian,Trigram,-0.792355471532039,0.02979472715662876,-0.07268179347801759,-0.040171699788031305,-0.1579657498639631
Czech,Unigram,0.045820085,0.009888219,-0.004726169,-0.012322458,0.133363318
Czech,Trigram,-1.0118356833754003,0.18450075879640687,-0.04235043045517045,-0.11642680605235146,-0.0998258875860686
Danish,Unigram,0.021204703,-0.004347524,-0.012634434,-0.019341637,0.187577805
Danish,Trigram,-0.9959332007805037,0.08997283744853127,-0.05974189989070278,-0.10123801831924203,-0.1133673721566276
Divehi,Unigram,0.05587173,0.014600773,-0.022910376,-0.021565864,-0.021272263
Divehi,Trigram,0.6307242142845867,-0.04479008938326049,-0.04147459513804653,-0.04898616297699864,-0.698694421504383
Dutch,Unigram,0.077711365,0.006911802,-0.00940565,-0.034181694,0.241030323
Dutch,Trigram,-1.5274884316953388,0.12372521500767206,0.006589245098896063,-0.1432029556924503,0.17042775098885216
Emilian-Romagnol,Unigram,0.119411365,0.006823009,0.008286749,0.008736316,0.194646188
Emilian-Romagnol,Trigram,-0.94938996707336,-0.03937700024755754,-0.06307136989557272,-0.14483806661636608,-0.20657168667611178
English,Trigram,-1.0521375264048392,-0.04153780002658014,-0.03477267418753119,-0.27634659356620545,-0.4258829036879696
Erzya,Unigram,0.020648240000000002,0.013948706,-0.037361283,-0.005697735,0.020598899
Erzya,Trigram,-0.6257192045634189,-0.2524684960483012,0.059837383511037866,-0.2880072636701255,-0.47159944050984465
Esperanto,Unigram,0.052400731,-0.019056704,-0.023286786,-0.010188479,0.187804611
Esperanto,Trigram,-1.2400628556937565,0.11196483891809605,-0.009892298674618258,-0.11925425419095392,0.09559479309515467
Estonian,Unigram,0.043818097,0.001221645,-0.002272408,-0.021934757,0.117876522
Estonian,Trigram,-0.48468025000773507,0.15269354394182028,-0.09594968423627476,-0.1883146208187883,-0.3402518521491257
Extremaduran,Unigram,0.06662033,0.001586931,-0.00308115,-0.009061836,0.149055207
Extremaduran,Trigram,-1.0624098568097482,0.01922708654649452,-0.006337908572041508,-0.07493313839080874,-0.07813349491756405
Faroese,Unigram,0.010422603,0.003694348,0.002334777,-0.01387692,0.113081259
Faroese,Trigram,-0.8150306494583134,0.05327164838972409,-0.07799583018130458,-0.14288007128709454,-0.20174137975925394
Finnish,Unigram,0.017382227,8.21e-4,6e-4,-0.020380972,0.068746175
Finnish,Trigram,-0.8499908303101174,0.12098873522880045,-0.12944785001856138,-0.20459767710246782,-0.1931958200181818
Franco-Provençal,Unigram,-0.052244061,0.007662276,-0.02309822,-0.043843555,0.131044255
Franco-Provençal,Trigram,-0.9259321243969659,-0.08316305620716595,0.00889431617446546,-0.041753754424738845,0.058794174394284
French,Trigram,-1.269167061812432,0.03748615555091674,0.026769546418005472,-0.14915439667960362,-0.21411123921916955
Friulian,Unigram,0.068662082,0.00268504,-0.01937768,-0.003579903,0.17230175
Friulian,Trigram,-0.9581880652842177,0.08009731111887873,0.08544384835574581,-0.11138068142924248,-0.015530874069697274
Gagauz,Unigram,0.040362383,0.015604364,4.99e-4,-0.007511161,-0.011100557
Gagauz,Trigram,-0.25003156448277486,0.1141689713177767,-0.09744402770603755,-0.15882240283435478,-0.6744579501426132
Galician,Unigram,0.084174499,-0.016202731,-0.008104789,-0.006163985,0.162361962
Galician,Trigram,-1.2212481408671114,0.0841681504963209,-0.0317359051730911,-0.0911097104620867,-0.023264541312071292
Georgian,Unigram,0.070479683,0.001133462,6.73e-4,-0.015804449,0.069499059
Georgian,Trigram,0.5950928479826516,0.19977946150815942,-0.022793207922073212,-0.24020010825161234,-0.6477829167069018
German,Unigram,0.091563891,0.008135117,-0.009406772,-0.021186372,0.205973892
German,Trigram,-0.8333803039276183,0.08166418263394085,-0.03966490900818589,-0.07552695723018615,0.14513741640025307
Gilaki,Unigram,-0.062328979,0.008496591,-0.022705561,-0.0315513,0.021596098
Gilaki,Trigram,0.2053042648145905,-0.0016544187801974118,-0.062353165678219434,-0.05902225697162089,-0.4331604224905091
Greek,Unigram,0.120463626,-0.003164083,-0.009401428,-0.013395134,0.168914046
Greek,Trigram,-1.1521295266399725,0.02348972326633264,-0.03311274939233197,-0.10075002611841911,0.024422853186185044
Guarani,Unigram,0.023763124,-0.012654039,-0.004919151,-0.013799379,0.063538601
Guarani,Trigram,-0.6995953853998993,-0.22997497094782174,-0.10209919562239558,-0.01248495816165494,-0.10065437597404542
Gujarati,Unigram,-0.059319846,-0.020848006,-0.005060203,-0.002260796,-0.311143816
Gujarati,Trigram,0.602258137508757,0.043909240887729774,-0.12010283140426534,-0.3826642617072865,-1.1731983328522477
Hakka,Unigram,-0.0056443,-0.025981033,-0.017311301,-0.045547076,0.026045803
Hakka,Trigram,-0.5930159431604691,-0.02188428474703253,-0.01565239068450559,-0.22188069296032834,-0.8389859239943257
Hausa,Unigram,0.005792753,-0.015236749,-0.011189976,-0.002371193,0.078575526
Hausa,Trigram,-1.011259148014354,-0.027200036545670315,-0.07157419184604336,0.025259819337470273,-0.02629077699097399
Hebrew,Unigram,0.047185774,0.007357971,0.001135395,-0.001545986,0.077017702
Hebrew,Trigram,0.6471076698837118,0.15131068781360554,0.01505067746906178,-0.15465720719578713,-0.6151413575940841
Hindi,Unigram,-0.089985472,-0.009563296,-0.005527326,0.011922408,0.028107059
Hindi,Trigram,-0.034104314384480375,-0.12909424303075542,0.18500505270087492,0.06391695557964604,-0.10927118027103325
Hungarian,Unigram,0.172043848,0.009799226,-0.006737403,-0.006349738,0.172501898
Hungarian,Trigram,-0.7167384309224261,0.09482184104299235,-0.026995272479880112,-0.18137884872276114,-0.5780627410928992
Icelandic,Unigram,-0.027715083,-0.001167475,-0.013190071,-0.021000994,0.15968867
Icelandic,Trigram,-1.1822312160763686,-0.018436151630722118,-0.119979289851463,-0.03171871378227124,-0.1727979307932649
Ido,Unigram,0.016047431,0.005864187,-0.014754321,-0.01900086,0.096508902
Ido,Trigram,-1.4922703427062989,0.3119786493077563,-0.013164131873284768,-0.003869316452107958,-0.32264971201706455
Indonesian,Unigram,0.012852901,-0.003596456,-0.008752228,-0.026282879,0.098158832
Indonesian,Trigram,-1.0901366567988924,0.03783696919098045,-0.012400078200717347,-0.09075969181665033,0.049783821764466954
Interlingua,Unigram,0.044585638,-0.02411069,-0.008806067,-0.016884049,0.164039003
Interlingue,Unigram,0.051952326,0.019920265,-0.040508809,-0.037781138,0.087787987
Irish,Unigram,0.057242612,-0.014323359,-0.003449736,-0.013062151,0.132541511
Irish,Trigram,-1.0641117292200095,0.06372078455481835,-0.02260291655481684,-0.15593817540745578,-0.01723880632879594
Japanese,Unigram,0.082420772,0.002377192,-0.005989019,-0.021756269,-0.018885298
Japanese,Trigram,0.29550624273489495,0.031227842353082118,0.0047287817764597884,0.04805197351500063,0.0946382825870976
Javanese,Unigram,-0.0058698759999999996,0.021644861,-0.040078585,-0.037184447,0.059466735
Javanese,Trigram,-1.177580712607251,0.17401994637217016,0.06681318467974455,-0.08763535849892455,0.027500440013378844
Kabiye,Unigram,-0.083836898000000007,-0.003778128,-0.013634887,0.004614925,-0.029357662
Kabiye,Trigram,-1.1029356344643761,-0.005519565250996507,-0.013486116618579468,-0.022173975802469725,-0.4226469477239873
Kabyle,Unigram,-0.024338721,-0.004133452,-0.007198937,-0.019412799,0.09731564
Kabyle,Trigram,-0.8431635763464133,-0.008950107615272328,-0.06957372051154918,-0.001155945740698592,-0.14936976667896829
Kannada,Unigram,0.063624435,0.003778973,-0.012348918,-0.012889994,0.095200426
Kannada,Trigram,0.39832212982809856,0.03819721558020403,-0.06325715221813348,-0.19611456703590383,-0.6546409962724995
Kapampangan,Unigram,0.007603014,-0.007600922,-0.031098972,-0.048321158,0.124234411
Kapampangan,Trigram,-0.9490448511546575,-0.15604743588177744,0.0099619818345542,0.033191983206159244,0.148639825105626
Karachay-Balkar,Unigram,0.043612026,0.021654289,0.005117276,-0.005761603,0.052370516
Karachay-Balkar,Trigram,-0.5648990640929995,0.08491652960731022,-0.05892255043474134,-0.2237554749823837,-0.7455143853466178
Kazakh,Unigram,0.050552826,0.012873645,0.002623665,-0.007028069,-0.046354951
Kazakh,Trigram,-0.8585878770386511,0.06089767882622284,-0.195313024093721,-0.1902486387952897,-1.193111253103669
Khmer,Unigram,0.040516663,-0.002755382,0.002079984,-0.002568013,0.085996877
Khmer,Trigram,-0.5926889870908331,-0.04101830136644825,-0.022075524674676876,-0.08722812377096469,-0.22756034497614894
Kirghiz,Unigram,0.041149776,0.001847617,-0.002481667,-0.010653056,-0.038217956
Kirghiz,Trigram,-0.8698613255522263,0.02109386491453698,-0.10347463336205093,-0.262743011700352,-1.0716568856613726
Komi,Unigram,0.0488218,0.003288148,3.94e-4,-0.054085677,-0.064266569
Komi,Trigram,-0.4979002298999702,0.1754350093188277,-0.041130700232356536,-0.1751913842228919,-0.6021648626503279
Konkani,Unigram,-0.006921102,0.005430264,-0.004517044,0.002903346,-0.013511327
Konkani,Trigram,0.21961559502787542,0.09058251579114981,-0.09556941293575645,-0.21355583176022552,-0.9737854059782624
Korean,Unigram,0.069437636,0.004073907,-0.003703728,-0.009064165,-0.086626772
Korean,Trigram,0.4481707630491717,0.05898246073235381,-0.07805379405380253,-0.21489966179307,-0.9948940647377992
Ladino,Unigram,0.077552711,-0.001053904,-0.00170689,-0.024916629,0.155585639
Ladino,Trigram,-1.1326205923870445,0.17079110539205278,-0.01763916514148544,-0.13592848871022228,-0.11158957007736449
Lao,Unigram,-0.030054428,0.005707663,0.002504682,-0.004121229,-0.06308437
Lao,Trigram,0.13854056205732718,-0.06536527877335035,-0.039986764816350474,-0.0787871702832136,-0.4349789294460576
Latin,Unigram,0.056352576,-5.05e-4,-0.034177445,-0.054039032,0.102301819
Latin,Trigram,-0.56956218428504235,-0.06900004215501286,-0.033901731424286284,-0.21039136180523663,-0.2999591556895378
Latvian,Unigram,0.062684378,0.009148855,-0.003169163,-0.016822092,0.093928694
Latvian,Trigram,-0.4880553353193071,0.18644967074367697,-0.08176624407052706,-0.18237387981561662,-0.389120173805937
Lezgian,Unigram,0.041092308,0.040940956,0.007794765,-0.018787199,-0.105929928
Lezgian,Trigram,-0.4854184294035673,0.05695440067785318,-0.1397061256613726,-0.24628885327102318,-1.0766926797270056
Limburgish,Unigram,0.103245831,0.001973965,-0.015523263,-0.017585712,0.16621979
Limburgish,Trigram,-1.0400182789002426,0.05747966088631078,-0.1334184846017004,-0.035676596925655446,-0.0964250656629065
Lithuanian,Unigram,0.037360287,0.003119509,-0.004689888,-0.018481141,0.027554216
Lithuanian,Trigram,-0.6885115438001299,0.16297449320139548,-0.03237026621044794,-0.18668823281252078,-0.4755718091724246
Lombard,Unigram,0.048972486,-0.001626411,-0.01985093,-0.036785812,0.22015486
Lombard,Trigram,-1.2181365624423586,0.26112572642314397,-0.14530992880071775,-0.08025279812948806,-0.05311512186056699
Luganda,Unigram,0.035680046,-0.033787943,0.002192273,-0.012640288,0.090713525
Luganda,Trigram,-1.012477404774851,0.01192105385209126,-0.04687619590989286,-0.07009383524156598,-0.15026827864464437
Luxembourgish,Unigram,0.014446272,-0.017229381,0.031787064,-0.044007002,0.122006474
Luxembourgish,Trigram,-0.820041931253211,0.14552675050920946,-0.0038084740998217755,-0.12030511505887749,0.08672780154447186
Macedonian,Unigram,0.006164999,-6.53e-4,-0.00438975,-0.021152592,0.157868166
Macedonian,Trigram,-1.1629053473635933,0.09550230217583854,-0.02564434272849634,-0.19288023513140787,-0.1680912297973824
Maithili,Unigram,0.034070031,0.0211838,-0.01337281,0.014200508,-0.032047173
Maithili,Trigram,-0.04909108061019969,0.18125871856579875,-0.0968534179629737,0.1210640308050905,-0.37451192845506887
Malagasy,Unigram,0.055954885,0.03009393,-0.015854186,-0.029962903,0.137177667
Malagasy,Trigram,-1.6102756538781315,0.1525427432996243,0.04984485133868462,-0.058497038924541174,-0.22587453669417182
Malay,Unigram,-0.003296985,-7.6e-5,-0.017992321,-0.033728642,0.084026828
Malay,Trigram,-1.203566611805045,0.01710283396406003,0.04604540598220503,-0.1406589731446767,0.004114196044894011
Malayalam,Unigram,0.017329882,0.008145307,-0.007622289,-0.016239785,-0.077103445
Malayalam,Trigram,0.28313699484513355,0.025183632281604664,-0.0946011470931203,-0.16540442237346817,-0.5629417948139667
Maltese,Unigram,0.035043812,4.34e-4,-0.009262987,-0.013652145,0.119414442
Maltese,Trigram,-0.8345954275122615,-0.00201215918697306,-0.09176206790713971,-0.10217073102322391,0.08510815234619994
Manx,Unigram,0.09009085,0.003297902,-0.016831562,-0.018280305,0.085735258
Manx,Trigram,-0.9309839080941226,0.09480341173355301,-0.0691366550117088,-0.10020245533113797,-0.006012514022680118
Maori,Unigram,0.01778155,0.003677169,-0.008756409,-0.003897555,0.091233908
Maori,Trigram,-0.6485129173037406,-0.8147852179670361,0.5533553198155021,-0.20377935014815549,-0.19974034869363688
Marathi,Unigram,0.006468318,0.001626354,-0.01299883,-0.021365963,-0.197399195
Marathi,Trigram,0.4570445338780817,-3.6589865199417173e-4,-0.07501243109176543,-0.18265528675509024,-0.935132230614098
Mazandarani,Unigram,-0.015998662,-0.03018777,-0.00906575,-0.030730914,0.02080248
Mazandarani,Trigram,0.517787527179393,-0.19395923456615002,0.12718268803556487,0.05192776749969865,-0.5305194894240871
Mingrelian,Unigram,0.093852917,-0.00282185,-0.007244232,-0.006762246,0.029034089
Mingrelian,Trigram,0.5764926022708524,0.1848559776232957,-0.19703530957675017,-0.07799474113248973,-0.7617626225405165
Mirandese,Unigram,0.05146694,-0.001248454,3.61e-5,-0.002985365,0.158658652
Mirandese,Trigram,-1.1164756763124184,0.04690988350331219,0.0023389392510932625,-0.08348234776810162,-0.14446615078886707
Mongolian,Unigram,0.025354001,0.005245819,-0.00571969,-0.004655718,-0.088272642
Mongolian,Trigram,-0.9082216016720809,0.006965437501918148,-0.05455582948762022,-0.20159414088376887,-1.1786640712479342
Nahuatl,Unigram,0.121441727,-0.024613537,-0.026829647,-0.043631301,0.084995515
Nahuatl,Trigram,-0.4555036949635532,-0.09147809388693583,-0.0055999956032874365,0.6721813933542033,-0.8056100748070444
Neapolitan,Unigram,-0.006622222,0.061660737,-0.088369859,-0.020794819,0.13827263
Neapolitan,Trigram,-0.6067837912533591,0.40476571180243626,-0.07357068294500553,-0.018129509365481064,0.15086869119654728
Nepali,Unigram,0.007427753,0.024372694,-0.028080694,0.008949468,-0.038165268
Nepali,Trigram,0.0233724412041639,0.12653849689306576,0.10832749142056125,-0.21346288358497567,-0.24610649304565016
Norman,Unigram,0.020252131,-0.026156721,-0.034131656,-0.038462081,0.227391865
Norman,Trigram,-0.8028945557687032,-0.04213215592510519,-0.27806697616349996,-0.04286260964988768,0.1546762179692283
Occitan,Unigram,0.007280662,-0.046678098,0.002234143,-0.048718706,0.179877977
Occitan,Trigram,-1.1801486211299523,-0.0809088141226947,0.01148586097031824,-0.1437669735490607,-0.0022336836811531076
Odia,Unigram,-0.16743494,0.018335176,-0.011397436,0.003929269,-0.097927681
Odia,Trigram,-0.7548473881242588,0.014223034416842719,0.10011843358241365,0.028033122884300363,0.010888628211213364
Ossetian,Unigram,-0.018353982,0.004703773,-0.003441619,-0.004577451,0.053393094
Ossetian,Trigram,-0.5670111216052316,0.11568962796571863,-0.008619499716832358,-0.16270801821597886,-0.44427739760909024
Pangasinan,Unigram,-0.005599256,0.003414246,-0.031347083,-0.056578806,-0.003220012
Pangasinan,Trigram,-0.6213433668045019,-0.05841598534259934,-0.28944990682848315,0.044130808260819436,0.1653332885463317
Papiamentu,Unigram,0.07201576,0.007778444,-0.002730017,-0.018509958,0.155146373
Papiamentu,Trigram,-1.0629954964218906,0.0626111438747166,-0.005698695979170178,-0.08250078562890453,-0.11313734570132361
Pashto,Unigram,0.032023333,-0.017553557,-0.008810137,-0.009006789,0.090057132
Pashto,Trigram,0.24356980121841063,-0.08066171897716796,-0.026776625859316033,0.01907286193199888,-0.45013707552908844
Persian,Unigram,-0.003095768,-0.008442905,-0.015591372,-0.014736479,0.0130756
Persian,Trigram,0.5114337435994086,-0.21115524834296254,-0.11706505453854653,0.024302924428904235,-0.44316953145142035
Picard,Unigram,-0.006260638,-0.005223057,-0.015378214,0.001172767,0.098159133
Picard,Trigram,-0.7094306004974528,0.05927300243954741,-6.717446585114863e-4,0.06252516284634217,-0.0906405857699959
Polish,Unigram,0.061512275,0.002257216,-0.00453696,-0.022717754,0.109439328
Polish,Trigram,-0.9371692901625585,0.1324330169499221,-0.012946432978372644,-0.1320309221657703,-0.02887465795345687
Quechua,Unigram,0.013677399,-0.045708626,-0.049060636,-0.026904353,0.102865821
Quechua,Trigram,-0.4267733277846848,-0.2014136466972265,-0.08359407837073009,0.23938868748843778,-0.75476716183
Ripuarian,Unigram,-0.061907394,-0.039275679,0.016654848,0.059626675,0.2233724
Ripuarian,Trigram,-0.6509267569337288,-0.02451479333992329,-0.01253431526342437,-0.10589450404349311,0.02865603578708053
Romanian,Unigram,0.012595897,0.001262545,-0.001537216,-0.014020908,0.169799423
Romanian,Trigram,-1.0226990590683875,0.04259223741963755,0.029985477394431255,-0.05847369165882538,-0.003662152224938237
Romansh,Unigram,0.087409591,0.006486653,-0.008638679,-0.007950507,0.176505831
Romansh,Trigram,-1.1269551939029716,0.09081642157064732,-0.008757065214143728,-0.11904814275449782,-0.050112128743827984
Russian,Unigram,0.081816534,-0.001683461,-0.005356687,-0.009944874,0.114995118
Russian,Trigram,-1.0339986937745682,0.1022638196901144,-0.0018539586700332146,-0.1415357378275159,-0.19562602358339728
Rusyn,Unigram,0.042451237,-0.007972207,-0.01787851,0.00471025,0.093397374
Rusyn,Trigram,-0.8210820326974044,0.1507755370489673,-0.07788016252595913,-0.12193112344485009,-0.20103668841419708
Sakha,Unigram,0.072627319,0.02150117,-0.001051126,0.00466556,0.010479932
Sakha,Trigram,-0.955181007729507,0.10275956717629597,-0.013947082749107184,-0.23729286789761184,-1.0155513940425471
Samoan,Unigram,0.079653781,-0.00574296,0.012372764,-0.024988261,0.175431198
Samoan,Trigram,-0.8268249396051329,-0.04136331328978518,-0.0319494610622898,-0.01855802184794944,0.10997497186601696
Sanskrit,Unigram,-0.021244342,-0.016019156,-0.013492419,-0.006934408,-0.140817042
Sanskrit,Trigram,0.22732861430689016,-0.02863823696295428,0.13329751998150238,-0.03179285909463322,-0.8367308259944323
Sardinian,Unigram,0.068646324,-0.007838332,-0.00902839,-0.006498168,0.175396348
Sardinian,Trigram,-0.8508881080181284,-0.008457701302886726,-0.04138489508986377,-0.12865664366811053,-0.06688580856652984
Scots,Unigram,0.008410793,-0.014899017,-0.02419462,-0.034190074,0.147428983
Scots,Trigram,-1.056456960173621,0.03713106607827576,-0.036546717567679285,-0.06445559761729659,0.15479062158737594
Serbian,Unigram,0.032311083,0.010571625,-0.013204739,-0.007080319,0.19401721
Serbian,Trigram,-0.9381587547787323,0.12175507742697311,0.0159444161973716,-0.10812843563089469,-0.06731061873680011
Serbo-Croatian,Unigram,-0.029964209,0.04062491,-0.005533041,-0.058397378,0.237509748
Serbo-Croatian,Trigram,-0.68841377477218,0.20673652336114387,-0.197570583054845,0.05010764147242914,0.21104565850710802
Sicilian,Unigram,0.046926507,0.001167332,-0.008986768,-0.010703114,0.140217234
Sicilian,Trigram,-1.1318189069772193,0.04326299972163772,-0.06446540450833144,-0.055113635713533636,0.020341682304629266
Silesian,Unigram,-0.048676464,-0.029859087,-0.007970087,-0.022556234,0.0052246
Silesian,Trigram,-1.0119012253447206,-0.7837151304663088,1.2343405781566448,-0.3999761368153766,0.3545402127961804
Sindhi,Unigram,-0.013100649,-0.001280669,-0.00420053,-0.014429586,-0.075195496
Sindhi,Trigram,0.34623279095762305,-0.029031264273466046,-0.029686832257313972,-0.001071596186545313,-0.7199972016938097
Sinhalese,Unigram,-9.85e-4,-0.013340794,-0.005610602,-0.013751595,-0.059243694
Sinhalese,Trigram,0.35672380496083506,0.017999241477422163,-0.05786375241259486,-0.11738911733217784,-0.8006112957846617
Slovak,Unigram,0.052940375,0.003214391,-0.009894247,-0.029977835,0.077991957
Slovak,Trigram,-0.9818925635148964,0.19792284491768042,-0.18392861628867913,-0.05993806662289728,-0.1308680159242811
Slovenian,Unigram,0.058068667,-0.01524552,0.019831898,-0.040466902,0.189070299
Slovenian,Trigram,-0.9162307932696099,0.15173182597174126,-0.054784215075999725,-0.15256249016305734,-0.08935590256019056
Somali,Unigram,-0.064151434,0.00330549,-0.008088972,-0.004460437,0.114765464
Somali,Trigram,-1.0236132476166142,0.039057326748374324,0.016577606320049124,-0.08084588107875643,-0.03435811848517452
Spanish,Trigram,-1.3785670889933663,0.04008283050568704,-0.03621431950700803,-0.08802583423302279,0.0029079256482941766
Sundanese,Unigram,-6.51e-4,-0.003502607,-0.023490099,-0.021471607,0.087129495
Sundanese,Trigram,-1.596103158591676,0.4960279774430642,0.18672942664335349,-0.3131654943824259,-0.29207561159263873
Swahili,Unigram,-0.004837979,-0.007045017,0.012805719,-0.052614967,0.100399379
Swahili,Trigram,-1.2452772340314953,0.14195202965670392,-0.049756193298121525,-0.05671369020765942,0.08248324536848027
Swedish,Unigram,-0.126784443,0.08274444,-0.028320547,-0.097248848,-0.016869449
Swedish,Trigram,-0.8069199141884954,-0.05182166642607752,0.06565743330061136,0.12193408863661037,-0.764823028788401
Tajik,Unigram,0.034070867,-0.012447738,-0.015079124,-0.005425521,0.008601496
Tajik,Trigram,-0.863043410614915,-0.060245748943441396,-0.3720309013711814,0.24205204877135544,-0.8410334025702639
Tamil,Unigram,0.017286581,0.005155047,-0.006649162,-0.015518293,-0.011560103
Tamil,Trigram,0.4924899902989163,0.07231065181944941,-0.11662589156402527,-0.3640574677321515,-0.8273649948880687
Tatar,Unigram,-0.024910218,-0.024241271000000002,0.005101342,-0.002907584,-0.044683909
Tatar,Trigram,-0.7737303397158555,-0.10547175992555383,0.37043077350739395,-0.645177800794128,-1.0388456896246296
Telugu,Unigram,-0.075505014,0.019076656,-0.025973059,0.022315941,-0.032275821
Telugu,Trigram,0.702468306192263,-0.07996958735709522,-0.07767341534737224,-0.3114758730730766,-1.1576784590918832
Tetum,Unigram,-0.002592009,-0.005579156,0.005888615,0.0033476,0.032886261
Tetum,Trigram,-0.8388733270249867,0.03916098463749719,-0.07501878660539424,0.01856706700879625,-0.06676836439144664
Thai,Unigram,-0.001514985,0.021968214,-0.001415912,-0.004972588,-0.360231497
Thai,Trigram,0.2293477005079325,-0.007788724260178014,-0.00529091442195036,-0.05566261809369257,-0.5644500458584876
Tongan,Unigram,-0.037335649,0.002413218,-0.01384624,-0.009902619,0.112597475
Tongan,Trigram,-0.9142181718284681,-0.016257248724442536,-0.15552697833507584,-0.11401006759916142,0.32087676139073407
Tsonga,Unigram,0.004569336,0.008923403,-0.012055535,-0.008823747,0.113300323
Tsonga,Trigram,-0.856969443918773,0.07412806382641329,-0.003081672608071547,-0.06808987300575917,-0.15481969258627049
Tswana,Unigram,0.037172738,-0.007027761,0.002608168,0.00121697,0.149044783
Tswana,Trigram,-0.8923936382695581,-0.015086541867339445,-0.0036532949591415137,-0.0058075969172448495,-0.11208392343986322
Tulu,Unigram,0.030938658,-0.007057047,-0.018296545,-0.024486355,4.79e-5
Tulu,Trigram,0.5030869514240616,0.01604568621452754,-0.07733154165056463,-0.1536234287984301,-0.5679495178575605
Turkish,Unigram,0.022887911,-3e-4,-0.010061921,-0.01126471,0.061171005
Turkish,Trigram,-0.8165803833652799,-0.09290841366657443,-0.1159579434740141,-0.26013938521835483,-0.9795597852622863
Turkmen,Unigram,0.07128092,-0.002476676,-0.015669159,-0.005524255,0.047346622
Turkmen,Trigram,-0.9601624253733244,0.04296194321337892,-0.0997556487997013,-0.30995548337585116,-1.098135675199835
Ukrainian,Unigram,0.0724359,-0.004284088,0.002571894,-0.00626752,0.099482821
Ukrainian,Trigram,-1.08106868446823,0.14018842664660464,0.07097231049077096,-0.1815387618410389,-0.21517397871783261
Urdu,Unigram,-0.106279296,0.012746186,0.046783147,-0.0457544,-0.007489182
Urdu,Trigram,-0.031162794492567838,-0.7140052780098206,0.18959477985578058,-0.08968613195941397,1.4073702914258648
Uyghur,Unigram,0.078982428,-0.001108044,-0.005205754,-0.008728516,0.004673096
Uyghur,Trigram,0.4118417540183294,0.01958968731673296,-0.018640741920847213,-0.050391606342640165,-0.6024983220020338
Uzbek,Unigram,0.052474352,-0.001308101,-4.2e-4,-0.016690995,-0.084471527
Uzbek,Trigram,-0.5775234459917693,8.634872046169455e-4,-0.1837640821921942,-0.2665384204483876,-1.1295764760105842
Venetian,Unigram,0.079808417,0.005539275,0.008850996,0.004306555,0.187467531
Venetian,Trigram,-1.0991678600806614,0.010528071835294405,-0.02781583035122955,-0.03145700660235118,0.026368718028849093
Vepsian,Unigram,0.043595587,0.018895503,-0.034119152,-0.015295279,-0.075596334
Vepsian,Trigram,-0.736513071417199,0.10508117653012453,-0.0355480549906558,-0.18022203827529526,-0.6989723457886978
Vietnamese,Unigram,0.040550861,-0.005005809,2.12e-4,-0.01885821,0.104408062
Vietnamese,Trigram,-1.0821504764716752,0.010046740812199239,-0.02597389025535696,-0.044507023217286786,0.18832054625001246
Walloon,Unigram,0.008128213,-0.003087503,-0.022705822,-0.019159067,0.159113343
Walloon,Trigram,-1.0094522045162346,0.041250406555398224,-0.021192153791976965,-0.09154523013896777,0.02525738930317021
Waray,Unigram,-0.143101634,-0.067622629,0.069226028,-0.188509336,0.501751153
Waray,Trigram,-1.6237663590948073,0.01407019250544503,0.4088062289777117,0.5598807278974188,-0.6758459562628715
Welsh,Unigram,0.005507542,0.004828946,0.001324653,0.003372971,0.125660131
Welsh,Trigram,-0.8664312801533611,0.11081202217591422,0.02011839546088534,-0.1452595163352639,0.12599389932206034
Wolof,Unigram,-0.005923912,-0.005572162,0.007928623,-0.016241739,0.05326632
Wolof,Trigram,-0.8605548507060351,0.037180819346466706,-0.0024346615782698347,-0.024536336079808672,-0.35053677839991415
Wu,Unigram,0.002306817,0.002722648,-0.012284505,-0.020201474,0.018721428
Wu,Trigram,-0.21626818853452523,-0.037279651095237794,-0.0069514389927699365,-0.015491392481648887,-0.10764692314308488
Yiddish,Unigram,0.080542442,-0.007136489,-0.012826273,-0.017169265,0.187918839
Yiddish,Trigram,0.5358508105762456,0.053139786064737515,0.01455770258775078,-0.10280566006490893,-0.4735128308889304
Yoruba,Unigram,-0.045538959,-0.014421078,-0.010125874,-0.016863116,0.116763776
Yoruba,Trigram,-0.9220196204075148,-0.6327547716373418,0.3206653156781822,-0.11398061186342627,-0.04691751631668893
Zazaki,Unigram,-0.042357404,4.66e-4,-0.021133644,-0.057967624,0.010753379
Zazaki,Trigram,-0.835545480827689,-0.01856510787207582,-0.10698861716997386,-0.23078358986268244,-0.5446409160833718
Zeelandic,Unigram,0.076466803,-0.009445028,-0.048257188,-0.049466002,0.166395748
Zeelandic,Trigram,-0.7247078195879803,-0.3096253140648865,0.03530204633262769,0.21371959162509402,-0.09510645419666856
