1,2,3,4,5,6,7,8,9,10,language,source,gram
2.418438669620242,2.6487301992655987,2.8013699333454847,2.745504235671108,2.7558919190622615,2.8590272475792315,2.781331024048056,2.7447174205251557,2.813161784173446,3.4187607442816543,Eng-NA,adult,unigram
2.134993761021494,1.627232684669891,1.3186096488538313,1.371252063809214,1.416339825725511,1.3614550593071226,1.3990743769911407,1.439632708347359,1.343319610807108,1.5704088099142266,Eng-NA,adult,trigram
2.342434969888315,2.5879276427399316,2.7277989132635345,2.8022228113257053,2.7522074088260475,2.83494135763073,2.770059989592967,2.8127662041540424,2.8629669054717657,3.423081960990443,Eng-NA,child,unigram
2.0955477310332635,1.753782255081035,1.4278400210838926,1.4757288555337038,1.4172567424486666,1.4662065484760547,1.403150667321268,1.4425992141247779,1.400350724338744,1.5627847136562913,Eng-NA,child,trigram
2.504291501420137,2.7352298432982556,2.826920302427434,2.982591878851568,2.727013566197429,3.066792549366424,2.6979989742061825,2.882713944252635,2.6803554442491717,3.645099906125766,Spanish,adult,unigram
2.045488500026937,1.4048260645900945,1.2884610895389983,1.246975523252624,1.1324488024752504,1.3343209395451112,1.2632558600099484,1.1114201552899423,1.190081635150235,1.3999152272125983,Spanish,adult,trigram
2.3028197838830664,2.6918613688190813,2.8596854470611213,2.966599275654162,2.795320073165372,2.8882720248536975,2.9793119056801953,2.87391573548306,2.6903168862953115,3.8688138348572956,Spanish,child,unigram
2.0286213388353387,1.4753826520754592,1.2927334863052158,1.3599688260243674,1.2713968697411022,1.3696713431550822,1.3208152635756987,1.3051383977886521,1.2197343455038436,1.5107898269457714,Spanish,child,trigram
2.4651960641828907,2.7172772485578256,2.965793505567506,2.903796002294891,3.0265919296528416,3.106084071898825,2.9873071320256352,3.2519630930928134,3.518833171540128,3.5528392159636923,German,adult,unigram
2.084858069095188,1.592661959000297,1.4477157019665596,1.4060670522835361,1.4990085966131095,1.42063399029955,1.3586775626724987,1.4596661829323048,1.379735777709666,1.4785769513843707,German,adult,trigram
2.4524799792501732,2.8411665186677633,3.0078477134326533,2.9541075460124353,3.065025293296678,2.973655338854536,3.0415759119387094,3.2448354461499025,3.1907127601585787,3.557981328982705,German,child,unigram
2.1400287605106176,1.468407069944575,1.3948642551109802,1.3413480286805013,1.3902684322563434,1.2923676267731108,1.3567657362209082,1.395853484144327,1.3185608197769731,1.4175583253972426,German,child,trigram
2.293019492775152,2.6313364303621087,2.8622258640567426,2.701815921071679,2.978325517829201,2.8081663646705937,2.645653201973487,2.8994888999846764,2.6478269226940645,3.520200639027599,French,adult,unigram
1.942463376440366,1.4496686070317844,1.148907609939864,1.0428079190889286,1.081354744657355,1.2287842315823079,1.0237956545496412,1.0802144709158148,1.2816818908425973,1.184578902876658,French,adult,trigram
2.22645602180397,2.5070064956083558,2.7352355393623995,2.6855071342863575,2.545841093626368,2.6971627282448107,2.8354462140392633,2.7090031276151523,2.4673837264701706,3.558676421277608,French,child,unigram
1.8593131533346137,1.4264684108961174,1.2072989356259476,1.1340989584674137,1.274555164401619,1.1294122322131668,1.2705880966063188,1.0981243968966894,1.3355488438829355,1.2120097687372007,French,child,trigram
2.8932990276656505,3.0114018921845305,3.052287883994513,3.294033186430389,3.024562402999606,3.183015911809656,2.894516769587714,3.024857482048952,3.1801693123712367,2.927857326683661,Chinese,adult,unigram
2.6071945756769286,1.6684616000685193,1.1293401104994352,0.9787786080471264,1.1166576206910095,0.9882030717887872,0.8539589057096687,1.1036589268617958,0.9888151430661132,0.8892527532346208,Chinese,adult,trigram
2.7140904645220685,2.843949565625475,3.013469981455821,2.845198229089484,3.0167148159982284,2.819424373714012,3.0611466830691376,2.861193872409244,3.0867221216141023,2.861546359852871,Chinese,child,unigram
2.4533699980123225,1.7213087606789834,1.2768589757807687,1.1980060377313015,1.096997526873332,1.2765135131384162,1.0940787239127034,1.24071780811233,1.0063593954495504,1.1610357980750987,Chinese,child,trigram
3.549730442829377,2.866282543683606,3.3060520485133793,3.0486918214451824,3.2994802747253935,3.111236080157931,2.854882493642415,2.9027667139307076,3.0528695613818915,2.6657587060511925,Japanese,adult,unigram
3.2668871913999076,1.7686013300478685,1.2463351124117723,1.1886003545248078,1.0831040909156606,1.2932136277128814,1.0850944312611857,1.2671101027874319,1.0115904129092472,1.095584072138319,Japanese,adult,trigram
3.137432433484469,2.7457905442737545,3.1911231100903596,2.8554101078341465,3.0970266838574134,2.9099593500304977,3.214977755991588,3.032226872629507,2.886688820419819,2.4888829455354466,Japanese,child,unigram
2.8457461187351,1.721794946234385,1.219904501235831,1.3698640978218641,1.2750485635350024,1.1369063875956162,1.3738975492115102,1.1916505015749836,0.9874331233800676,1.0201805767655003,Japanese,child,trigram
2.836132394782832,3.2866387749718995,3.2281377698357634,3.1894971982558005,3.2094031616922543,3.1949833569586517,3.2242849717283195,3.091537201324446,3.1472030039036776,4.164652198724651,bnc,adult,unigram
2.3826552442600155,1.7227203820458397,1.7409256796643013,1.7446911417253663,1.7569724683829218,1.76680510764734,1.775863300416959,1.7119681038851795,1.7573472359031685,2.043055749137979,bnc,adult,trigram
2.179328023384797,2.403659695241302,2.521780983081607,2.5978602145827097,2.643952517839606,2.6810458553531764,2.7227630270233276,2.760368817337948,2.8010847491316753,3.091621575380685,switchboard,adult,unigram
2.5627184641052736e-6,1.8291227970889399,1.5715160888755217,1.4289493933473465,1.4569007201806108,1.4302342306239246,1.4187802455178486,1.4353039304219046,1.4702294737128978,0.8459742553454627,switchboard,adult,trigram
3.534043459506138,3.6905335434408957,3.7594297751837074,3.729992132520453,3.640873288806029,3.783390179545613,3.6316897969586255,3.959490142076966,3.9646965899087525,4.321928434540326,Alemannic,wikipedia,unigram
3.119009908938201,1.9646360518534618,1.3331792126012088,1.2055822221811143,1.2252747416425758,1.2505595539793988,1.2165798019676146,1.2549810009534703,1.1490537599979727,1.288721640617315,Alemannic,wikipedia,trigram
3.3787530498154354,3.2220663595544003,3.1510531458706996,3.103229825759902,2.995050857083525,3.0869279396258618,3.1111153852419546,3.248037524148935,3.2264764914100956,3.5194412335226954,Wolof,wikipedia,unigram
2.9420102951029374,1.0451145220059979,0.7980103309023977,0.8748404682439144,0.9384667588102337,0.8441119876154994,0.9222674141125109,0.9958140772165363,0.9193659237356895,0.8423798057886802,Wolof,wikipedia,trigram
3.8727816287943817,3.5739844033126937,3.80049579904924,3.7039051112655375,3.4780359960907976,3.6432060946983635,3.8099723144173967,3.8769536978487515,4.013950992477962,4.301216208095405,Bosnian,wikipedia,unigram
3.568107815724828,1.525130893580286,1.149440048841433,1.3642796068583336,1.3059914426494164,1.3776902008612002,1.385799728021865,1.3266334982394508,1.4653052434472702,1.1310306522359566,Bosnian,wikipedia,trigram
4.759505857565593,3.8673799536640954,4.145451711475114,3.729469430769575,3.506677653358931,3.9583538495514756,3.626029232841842,3.850438094720719,3.5446367501796163,4.121487051350625,Urdu,wikipedia,unigram
3.851749433466184,1.3086503849247537,1.5696834612622719,1.338934718242917,1.1535588907917838,1.2488939394109582,1.4538282340341042,1.2562971979768867,1.0547812331726856,1.5205994811758121,Urdu,wikipedia,trigram
3.1286476452586736,3.401503403855367,3.439731223663058,3.2303927950863325,3.1582606567015055,3.299523271672045,3.2248762460608185,3.488492377484557,3.552053193808955,3.9723264817635937,Afrikaans,wikipedia,unigram
2.778612355350932,1.9294273928872194,1.5962078865848321,1.3656201626328974,1.5512273537858963,1.512269971746939,1.6237893378465422,1.5823463605956056,1.7302202487103788,1.7148561979169445,Afrikaans,wikipedia,trigram
3.598642326511021,3.453573122212946,3.3030899981981876,3.392938269066216,3.6113455797552554,3.4236836116249187,3.5061808910883006,3.5850225361544767,3.4769001172421756,4.271027388224652,Anglo-Saxon,wikipedia,unigram
3.1740626407554053,1.5212063971854572,1.1899972715692442,1.07209539699403,1.1463040542914407,1.0854451336211566,1.156647994771772,1.0932854015801952,1.1967832445276587,1.1671582641493563,Anglo-Saxon,wikipedia,trigram
3.9866967810425504,2.706340333816584,3.246871698142042,3.6504487778341974,2.9300838205543602,3.188499475972871,3.361812454313998,3.0031716595544,3.7570371019477844,3.6521745978765034,Silesian,wikipedia,unigram
3.572494200934184,1.4395594662383322,0.4883265201666399,1.0324837618458638,0.4315157098039701,0.5221220955798603,0.7631135444595808,0.6294088705773041,0.9848824993690413,0.8421659222250539,Silesian,wikipedia,trigram
3.631067322091268,2.7391283778602538,3.2550460458336223,3.2245729237848497,2.7832307458030545,3.0844341969589153,3.0679555131038465,3.0945119045161618,3.5014507216224073,3.23945127043895,Acehnese,wikipedia,unigram
3.6324487449068705,1.3282756232317114,0.8035894569696981,0.8993497308161538,0.793437157407403,0.7937385553767214,0.6813534619151067,1.032051092160774,0.5613267485497494,0.7201410005238731,Acehnese,wikipedia,trigram
4.890370822539226,4.239857362092083,4.426798375386232,4.080570987037603,4.305683536355014,4.053649593163518,4.213653148284071,4.305632472827528,3.876005170730282,4.606349165013407,Wu,wikipedia,unigram
4.702832283943883,1.2044455356524901,1.1692858141722173,1.0410910454776152,0.9672949538851667,1.0556075305326678,1.141146257564534,1.1018052830192686,1.0066806179875523,1.136376961448381,Wu,wikipedia,trigram
3.938867109217731,3.629760661086403,3.7230974051099177,3.7204463733856152,3.7219932728979046,3.7219932728979046,3.735170800010259,3.5371019180762446,3.186542872997875,3.9347890330551545,Chuvash,wikipedia,unigram
3.539519517830469,1.0186167590915722,0.7740132419498652,0.7697569103652617,0.6829171123779645,0.8393140898367525,0.8929021183174424,0.8630053892191634,0.7276698882793105,0.5147679032428633,Chuvash,wikipedia,trigram
3.9261831151913613,3.385494218702523,3.5774010255898276,3.8037662456230468,3.451254236885995,3.624772636776491,3.799063529016263,3.5326471911068316,3.7617451808729903,3.946835092413632,Gagauz,wikipedia,unigram
3.482315394783226,1.0525573066197247,0.8427656803854724,0.905951934081974,0.9485390799943553,0.844557536004331,0.9146370039553935,0.7585674170504642,0.8169056876189323,0.8336420374169745,Gagauz,wikipedia,trigram
3.923935939054203,3.705189292471046,3.6161233525633136,3.5080163485426707,3.6068765620406937,3.6170766728581802,3.5089159935654584,3.728362581234194,3.9332117596893825,3.868659390401369,Karachay-Balkar,wikipedia,unigram
3.587511207228929,1.3239995158359232,1.0672021039675408,1.1200353437380481,1.1803094324914143,1.1212436297900332,1.1725154420919786,1.0833369128136197,1.1620745933250975,1.0109111256733898,Karachay-Balkar,wikipedia,trigram
3.883819570769475,3.8106910337395736,3.753941407464132,3.6931338755021317,3.766745309637112,3.7348435065996037,3.8230360950974083,3.8846694347843465,3.9964971370307225,4.115560296438561,Sakha,wikipedia,unigram
3.546294942243224,1.5686665409216627,1.0671428565051475,1.072596850006385,1.1003768637256617,1.0620238378837101,1.0846039479371232,1.0595065920886564,1.0264673734342256,0.9351160550335323,Sakha,wikipedia,trigram
4.449744863118656,3.8876200686881446,3.7651150797015935,3.6531329333238483,3.7213706129726827,3.726050939220506,3.764900714688461,3.87770193359084,4.014190753079316,3.769198147686504,Basque,wikipedia,unigram
4.006175002870284,1.2449526140424934,0.7623485934756449,0.9249227117300834,1.012553485796329,0.9965379694203799,0.9802282770251377,0.9464922534187207,0.8129901084316415,0.7725920737736771,Basque,wikipedia,trigram
3.8873935201652174,3.963031194423809,3.825478102193255,3.743925408991274,3.5038698316303853,3.8677824215570182,3.8516559549653095,3.9498028628109583,3.9046422393334304,4.314080011839064,Slovak,wikipedia,unigram
3.5342027515826224,1.3604396404434516,0.8995944194603734,0.8043719918601572,0.7699226505522035,0.9077678602377575,0.7744813037602576,0.7511505024235127,0.6156166716857098,0.7320018455149581,Slovak,wikipedia,trigram
3.895331703484073,3.6321351807096556,3.4886106439181432,3.5889456578769923,3.047199757096206,3.656842169204846,3.298383040111109,3.91349387805875,3.513918390024493,3.6562808559379634,Bashkir,wikipedia,unigram
3.4235783337813515,0.9746417835774006,0.4829508099502799,0.7895331754818322,0.47789826065448054,0.6562230002585899,0.888792527082135,0.6813732712254398,0.582085736652193,0.4997765909025941,Bashkir,wikipedia,trigram
4.318231007239005,4.019773684515457,4.132083527335991,4.173369522823144,4.12046457838475,4.130622434460727,4.113566785016911,4.2459673953345405,4.18265640060376,4.411018619645879,Tamil,wikipedia,unigram
4.018608350203087,1.2903753384859142,0.4335204196667734,0.5117434863596321,0.45230675780037627,0.5354614070365846,0.46579524197383726,0.41497351042456193,0.41317012678022286,0.3477004524773838,Tamil,wikipedia,trigram
4.122140465617627,3.878953979052864,3.583627353976832,3.937585290010131,3.9488753261339546,3.976837561715904,4.0277867901645905,4.280760384839222,4.0911776440315855,3.750896492693489,Telugu,wikipedia,unigram
3.5331900215758574,0.9984052952491703,0.32587408982905514,0.46143256148536405,0.3278157890681713,0.454252705400959,0.3522178841534023,0.458285571291262,0.3918838102284594,0.3180136276822951,Telugu,wikipedia,trigram
4.273301769460275,4.041964510661627,3.9440076286006134,3.8471636311066635,3.9030707781551652,3.996024181836548,4.0495301513503605,4.16749040804521,4.287460107800101,4.473153996067773,Georgian,wikipedia,unigram
3.904573450839221,1.2852535667959548,0.6822608245677653,0.7612272566442277,0.7263358382518147,0.7421365997213047,0.7298000991231103,0.7224358498408469,0.6460881184683672,0.548593654429772,Georgian,wikipedia,trigram
4.113055512652899,3.823254319230567,3.5696594679799785,3.637994044299453,3.2494883932640692,3.8735179971153695,3.6026976953839713,3.4574689946128228,3.6551941627477667,3.902910146807088,Tatar,wikipedia,unigram
3.658791316785057,1.206288467312555,0.9600056325782533,0.9282842602364378,0.8023791665277912,0.9983977372569532,1.1567162983674664,0.9324200551074401,0.7136199842500507,0.9417539137908709,Tatar,wikipedia,trigram
4.185098840210667,4.259558606174087,4.2479625647415,4.230605950261929,4.294732425644799,4.233490484546849,4.260783635433584,4.35040021861611,4.425304648518909,4.371452582848817,Uyghur,wikipedia,unigram
3.681719159276643,1.5716728551807748,1.0333889337380242,0.946195806971695,0.9844364766046969,0.9474415933726124,0.9764225554515904,0.9431307737119853,0.919531977801997,0.8769000853923592,Uyghur,wikipedia,trigram
3.9821443388329576,3.6849726188807024,3.590664817886897,3.50812549489053,3.576095846951837,3.550295968673411,3.604901581972957,3.778410282358797,3.3639573799788796,4.500549287846046,Icelandic,wikipedia,unigram
3.627926169308932,1.583364897283007,1.1535953109031747,1.2211170122823523,1.2380487278443244,1.2063655901074612,1.229997516056877,1.1839930458077863,1.3238501695877245,1.2796184389797582,Icelandic,wikipedia,trigram
3.803985774121865,4.051315397793984,3.897189961893563,3.8309461031792464,3.637366315673167,3.8364212310108456,3.8250296377751982,3.890234524711579,3.9238917361078753,4.230922691142749,Belarusian,wikipedia,unigram
3.4295669526805077,1.6811596341728219,0.7555401567243164,0.6834104753420134,0.6671538099201335,0.6943745721358233,0.7858543910009983,0.8533834045477501,0.7644564249210236,0.6312424588473123,Belarusian,wikipedia,trigram
4.0067735956151385,3.7630071519982446,3.5497597938295895,3.6920053874486163,3.7960922079211437,3.7576216137580407,3.7753310879335635,3.9567740241675575,3.4164033243045173,2.5089853355515874,Gujarati,wikipedia,unigram
3.4437572375921413,1.5028214663938135,0.8296647576228462,1.0355592581258892,0.9247129453377162,0.818961623721163,0.8162762642876067,0.8131873016944521,0.6994366975083922,0.5314217384637433,Gujarati,wikipedia,trigram
4.344785693259045,4.233203353338603,4.149768548221574,4.0902162297046285,4.035623028258896,4.082919383807354,4.125850090430173,4.234259467210665,4.121777795500871,3.2078528598809157,Marathi,wikipedia,unigram
4.0087850472417985,1.7403422342292536,1.0301202680632247,1.0417337152246353,1.0737388496768296,1.1196839798972105,1.0727080745105575,1.0299305813592017,0.9468574749179389,0.7803293324662298,Marathi,wikipedia,trigram
4.316352506713982,4.1807119202888785,4.088144981946211,4.017787514768873,4.0480561794683325,4.083060465435031,4.081494881264022,4.215980089007919,4.381729091768644,4.731260778304171,Estonian,wikipedia,unigram
3.916586661655865,1.6363978140259958,0.8154646039030731,0.8942548026217422,0.8665745800311321,0.8665745800311321,0.8691887147653562,0.8697256852893025,0.7946900569078194,0.7600467380407543,Estonian,wikipedia,trigram
4.643371904176873,4.236883497115115,4.109200312483414,4.029763045630875,4.179785368469623,4.215114817788497,4.190107779985878,4.381463913968066,4.400698594774649,4.888986447969663,Finnish,wikipedia,unigram
4.22115714024709,1.2831425580512337,0.6293952201951454,0.7267425332106143,0.7021886408961047,0.682091790685395,0.677036596259987,0.6546652708438903,0.5662131310558307,0.5292766939260948,Finnish,wikipedia,trigram
3.3347010858434367,4.175991847361384,3.987642172458458,3.945428827393025,3.8528985349560174,3.7878593634685553,3.8944686167376177,4.1587255274593575,4.242115097259351,4.549469372024988,Hungarian,wikipedia,unigram
2.6081317117512315,0.9154150946103193,0.6881429669291191,0.7629784890445364,0.8253820108979121,0.8914359196502829,0.8266707036539778,0.825340765080527,0.7143375278493254,0.6467648927009051,Hungarian,wikipedia,trigram
3.8879238929813096,3.513951823977564,3.5843942856488042,3.3823768615485164,3.500277678025952,3.60933758518654,3.5043096456335485,3.602216120929904,3.6131499656558375,4.178291506395988,Bulgarian,wikipedia,unigram
3.521110625462558,1.3708490663893382,0.7871430384839835,0.8962807313203203,0.9294150260724564,0.959226539298781,0.9072039385409161,0.9103442434974429,0.9227058155768887,0.7612277579871491,Bulgarian,wikipedia,trigram
3.868664069298648,3.678947550764193,3.388799816319027,3.512254572061628,3.3127828471188954,3.3322205683806203,3.330663453734378,3.432214005430228,3.5391320216604187,3.8163305055690993,Yoruba,wikipedia,unigram
3.5217626803540867,1.455759074983968,1.0000213255547263,0.9615809536762709,0.9785317351626475,1.0772560375199751,0.9847712487929369,0.999842783952977,0.9785120349691071,0.8357150194390813,Yoruba,wikipedia,trigram
4.16969690071862,3.455339624892444,3.160207491971194,3.422779785250109,3.3320073429804227,3.2832504043939075,3.1033013073604634,3.2518566891371528,3.7242019566398885,3.8651518532085642,Quechua,wikipedia,unigram
3.7660034284566843,0.8485098610147414,0.9109267296056459,1.0115703572191574,0.864720420869986,0.8011587981716675,0.7091475220807917,0.818011991603161,1.1036171884982653,0.8581992314398851,Quechua,wikipedia,trigram
3.984753523275831,3.6481808657611605,3.923737339551821,3.7794468515311985,3.805365066044539,3.898391838909275,3.843753189292138,3.9713834785934394,3.8380695717193847,4.552760337667241,Croatian,wikipedia,unigram
3.621969790642952,1.4731074328550797,0.8805234779377928,0.903772878202307,0.9067115788746287,0.9459557049882132,0.9143408424969451,0.8537771129812016,0.8358495080252069,0.7976719948944223,Croatian,wikipedia,trigram
3.7047208718350295,3.4348825379347305,3.606423520009568,3.4410357011947035,3.2750032666681324,3.3907854997088434,3.5912842053927725,3.370970658531238,3.5858519555500723,4.318558951135165,Macedonian,wikipedia,unigram
3.3309488432594456,1.3643999561822964,0.7298336923519271,0.8510561012768156,0.8962212360397075,0.8048780097777307,0.9780861875598791,0.8450208355645622,0.8479831230401843,0.9255952609691241,Macedonian,wikipedia,trigram
3.924611159755338,3.0976616935892403,3.721230380389639,3.4564934185210507,3.592006445080718,3.620430942679466,3.61476802744396,4.0929305436557435,3.572268156504548,4.071168227692897,Serbo-Croatian,wikipedia,unigram
3.5672224547361773,0.8068839195162529,0.32243945410160263,0.5029016982308019,0.4815394690343708,0.4517238683309291,0.47063012897367906,0.610402736108365,0.4715806140320982,0.40937928974439597,Serbo-Croatian,wikipedia,trigram
2.842152527362831,3.6630153130456855,2.998699458361287,3.2739524726133404,3.2205723555189394,3.489100727013408,3.6030821707610103,3.2584989631690457,2.6659640026305134,3.297518246945243,Pangasinan,wikipedia,unigram
2.7369838327276454,1.5127955025623174,0.61843498307139,1.0604266740659383,0.8619185182382053,0.8318123983306085,1.0029386888927658,0.8953810036711763,0.48477754050714694,0.8060466370932745,Pangasinan,wikipedia,trigram
3.434873196934858,3.3234542422253366,3.1190977504387702,3.477403345725471,3.2666644450060685,3.315379161165062,3.329181874897588,3.468567569909232,3.0738431154205204,3.934586497127435,Kapampangan,wikipedia,unigram
2.843032834093829,1.5804525218859435,0.9302188646064699,1.0946324788809023,0.9847390062416457,1.0058705650999056,1.0174936737251274,1.0818425529947666,0.8553021663773603,1.0500317582721792,Kapampangan,wikipedia,trigram
4.325658994049065,4.207372788594772,4.299657322105405,4.224127724990742,4.380508097862689,4.213025264824035,4.2885833866316965,4.204959288679555,4.054209042853599,4.212405715640959,Khmer,wikipedia,unigram
3.669618452767345,1.3645715101130105,0.8149193254617988,0.85795176551483,0.8717422428127578,0.9015403368092818,0.8405745663147716,0.8254657448957904,0.8435025205047743,0.9215983512056359,Khmer,wikipedia,trigram
4.042341483456756,3.512774022963118,3.6962795387813823,3.564635138895956,3.58176577279582,3.670992659171714,3.7109077727958617,3.6141902837507547,3.5759518579486396,4.066594232705758,Javanese,wikipedia,unigram
3.7749021077745812,1.574295832128276,1.1033201779961792,1.1621414882312717,1.1401906881412853,1.2264738902403947,1.163243359814863,1.2840358786560735,1.212082120249547,1.0173523904749386,Javanese,wikipedia,trigram
3.8112429530403107,3.592920550738994,3.650061620534517,3.5673371204941127,3.5443982056762393,3.4647628737885867,3.539147521297984,3.554303003545145,3.6101563479992294,3.9877594772723994,Malay,wikipedia,unigram
3.509524440095594,1.5995029812269965,0.9393429009206242,0.9959045192459577,1.0463559784737442,1.00393200016301,0.9772718626930857,1.0266014778335202,1.0904192954209653,0.9967876590591332,Malay,wikipedia,trigram
3.780497907146952,3.0170092183842936,3.543782543467406,3.517147069670916,3.6043531233053816,3.4394078980168317,3.599487012359823,3.6693548995320286,3.5018448611914077,3.9241149792931433,Sundanese,wikipedia,unigram
3.4957698295808277,1.8003683961228714,0.9062986101655957,1.1553340451400218,0.9929502484545132,0.9898331247716554,1.0541758664025915,0.9432666530219933,0.5374223171519118,1.2511025123564028,Sundanese,wikipedia,trigram
4.183974937447403,3.0147761934142725,3.6100955162362003,3.1262536139957735,2.928952698960448,3.2092169797514005,3.398397633128411,3.1640188005087526,3.4380374750854252,3.6822619218643244,Hakka,wikipedia,unigram
3.737183386114053,1.0174479405807983,0.8936155285547638,0.9903168591474949,0.7262713205004806,0.8565595667402975,0.9399686437122085,1.1016488489646898,0.7476386295838358,1.0495959599263032,Hakka,wikipedia,trigram
4.33906451175255,4.025911459372499,4.081679276560313,4.004317682668289,4.005907575981074,4.011830831731727,4.0301288013595045,4.086169600865555,4.165050558445159,4.5003026515952085,Turkish,wikipedia,unigram
3.928801278609638,1.467035136897847,0.7821331233597867,0.7975881060630541,0.8102797352504715,0.7941034972354064,0.7672695803408788,0.746422204989303,0.7126801132216593,0.7007320031034633,Turkish,wikipedia,trigram
4.092805941807486,3.9201000424783463,3.8323947169807653,3.7381057880646313,3.890575340307816,3.482566542819458,3.943018929961366,3.829510241171965,4.1094243230804235,3.8476940859684667,Kazakh,wikipedia,unigram
3.6096015089303854,1.1138722939356265,0.6299582710019441,0.4990678340233758,0.5921312127144316,0.7295508568511296,0.5519651244482987,0.6080368859215475,0.5238728744408818,0.43125335703252293,Kazakh,wikipedia,trigram
4.347519477573563,4.002010360245186,3.6211356551489033,3.8898335198437803,3.8372561008311368,3.7594495436999424,3.8462883290187637,3.925951612942993,4.0992978436050285,3.9134055734431503,Kirghiz,wikipedia,unigram
3.9902341093580085,1.406829810758035,0.9496553559443752,1.0486289666621673,1.0266724361207091,1.1238830831454558,1.0416677192551196,1.0512538623928203,0.9646475378799118,0.7692918416053857,Kirghiz,wikipedia,trigram
4.089256797992207,4.012471184937132,3.991292227313475,3.9440599113946306,3.85331387265061,3.954246713957933,4.018620500580737,4.047807910478404,4.161502290704069,4.336837212661449,Turkmen,wikipedia,unigram
3.634886825952465,1.5769867454719997,1.0344040210604126,1.0587616097802917,1.0488736973321757,1.0776743249272585,1.0561620692636713,1.0418453167677746,0.9907629093350272,0.9432117289668773,Turkmen,wikipedia,trigram
3.9145150499129966,3.349557098398777,3.767564166285764,3.582345318189255,3.4147926397946824,3.5148208894438158,3.57112906904829,3.46811086470722,3.8843614733993133,3.135106457520592,Persian,wikipedia,unigram
3.374233528443867,1.4833703020115865,0.6817338909945572,0.5728492099961632,0.7147189227670515,0.6881792481066161,0.8810293460404078,0.7570866711275367,0.9339988372585933,0.5301782482966276,Persian,wikipedia,trigram
3.981206169562696,3.3335293717943677,3.802019840226814,3.436021237545994,3.002266222840254,3.5005751549140705,3.1893543542880507,3.343169051307213,3.681910764790241,3.3753672679731177,Tajik,wikipedia,unigram
3.5925130981451123,1.371420481081237,1.0305694507199996,0.8135367500215868,0.8751426200005614,1.1467025060259604,0.8231073595237465,0.8849690771547435,0.9594046026576987,0.6167044870416692,Tajik,wikipedia,trigram
4.249644125776735,3.8346652009026774,3.7555331685898934,3.518173483604131,3.684511385005845,3.8135599702655587,3.556327708276006,3.721909690171073,3.8522521209369724,4.042635469447705,Latin,wikipedia,unigram
3.9194420041958655,1.4588549102574189,0.9507428793362157,0.9618877407249408,1.0403984907802013,1.1596479585563844,0.9304603199272719,1.0114202593480148,0.8872424845872355,0.7996411343072404,Latin,wikipedia,trigram
3.354133192653174,3.728286499287385,3.492408095207367,3.4177924118362575,3.4409042800213445,3.363433978518896,3.3941299972682923,3.484273963047933,3.1641055273440784,4.308438793903849,Galician,wikipedia,unigram
2.9697796918358725,1.8496655185068471,0.9958129209371966,1.0874744243416334,1.1520820494065647,1.139046654942444,1.1232905623302651,1.1728609751721726,1.0250151439728779,1.2201622636051885,Galician,wikipedia,trigram
3.7518009189327333,3.530956679771057,3.685296750396992,3.5591923638530907,3.5125497944208113,3.5980782049825177,3.6436429828936525,3.6373440711638265,3.483160494049692,4.346704236500077,Romanian,wikipedia,unigram
2.9552959682252755,3.356076420169473,3.183134712326285,3.072494012531088,3.351047798921219,3.065412147360173,3.15480930832406,3.251611910609853,2.9591110245408134,3.9739575854693534,Norman,wikipedia,unigram
2.545741349861864,1.3848590641553822,0.9621968114913151,0.7953387944651888,1.1753886110485687,0.9230189392228116,0.9483069651299039,1.0331070950979644,0.7223310712694164,0.96073900099657,Norman,wikipedia,trigram
3.1467381409966637,3.255653999515395,3.42716112317834,3.1180264563401923,3.2163665551787877,3.093056146895738,3.2387087534777397,3.0584828121825542,2.8940435864164495,4.271865341176627,Corsican,wikipedia,unigram
2.7868442027087066,1.6464682504281933,0.9883852684625546,1.0139436608525965,1.0624120957260683,1.1276695924139928,1.0536005409699467,1.1754052903257215,1.0295550813404042,1.3552888737545898,Corsican,wikipedia,trigram
4.214919122354588,3.668327993670741,3.769722430278872,3.8818208080866214,3.7475055308083958,3.790414833194132,3.8392760998205837,3.9968749286733716,3.525024013104561,4.313503445909131,Bengali,wikipedia,unigram
3.432368581138904,1.2138639458529046,0.5930312318109934,0.7595605377059131,0.6839311250042914,0.702653861206569,0.7693826144557592,0.7094368607231459,0.6531533710033295,1.1161163197633697,Bengali,wikipedia,trigram
2.1980395026469624,2.4306408586028754,2.524681697762934,2.288920275325503,4.0753771254434605,2.70895906108881,2.5465335657428616,2.8395009346559488,3.0779920672866914,3.6192681544501673,Waray,wikipedia,unigram
2.097846960269753,0.4700996025763716,0.3083457115280826,0.15864938991373398,1.0576890700141888,0.3360679948630971,0.30761224361197353,0.2246978946444702,0.3515971503330627,0.6374914320695879,Waray,wikipedia,trigram
3.3565143898886447,3.2448175653550257,3.1638322346002097,3.321503725742648,3.1609549993047055,3.422888534759145,3.2732189909288234,3.133679206258955,3.2871899955249635,4.157029281528608,Welsh,wikipedia,unigram
2.711723345251439,1.3798302532086826,0.8267179443437982,1.0695275296145321,0.970187630756143,1.130947218920314,1.0156172017083611,0.9459923328272349,0.9991101994147422,1.2325148046064047,Welsh,wikipedia,trigram
3.8259377586654377,3.259504545257744,3.7205400049717205,3.3829757060601713,4.049877738156262,3.450847094944674,3.968912672770427,3.5018631068392914,3.1465149076540384,3.811802628185859,Armenian,wikipedia,unigram
3.0382530415306417,1.2711552183309944,0.5691307556991144,0.44296592020769693,0.697617341633129,0.5075365787447128,0.3772965170112157,0.45239314924398655,1.0569660210486704,0.5797651209802972,Armenian,wikipedia,trigram
5.020276646220005,4.583754005079251,4.727128716447331,4.567705710334503,4.6198071046065206,4.519200921592038,4.61005888436787,4.707995479039224,4.807677391136136,4.470138398629555,Korean,wikipedia,unigram
4.46285562649861,1.226444109778723,0.49835678655772864,0.6061127443169886,0.5818018648847286,0.5620529637793713,0.5400796337547193,0.5405679724123101,0.5088445537805444,0.48139104127225746,Korean,wikipedia,trigram
3.87473830559309,3.4698044780569735,3.9264482343905693,3.7461117961175283,3.775630308865377,3.7418942427369024,3.871203350109044,3.7451581318651446,3.536502345969371,3.682898601796564,Assamese,wikipedia,unigram
3.227020236981885,1.7777263792685656,1.0202528834898745,1.1178543620740862,1.0862472740837055,1.0513959068159595,1.0149609883514592,1.0951208334973808,0.8894001431984151,1.147024704321593,Assamese,wikipedia,trigram
3.7740451238705557,3.49299078440986,3.3075835899488792,3.7453870199227395,3.348051583858188,3.61240302721718,3.4443274471150973,3.1988349499229587,3.6156550662195728,3.219861532912537,Bhojpuri,wikipedia,unigram
3.182200546029511,1.5480926426320905,0.7890671660588243,0.9946929986154965,0.8885329958898225,0.8371727088318371,0.8520519476209673,0.7267840273338168,0.9706150836210261,0.7384162467021821,Bhojpuri,wikipedia,trigram
3.8728587972685307,3.886977589916195,4.120957840805062,3.9243284687708235,4.007789690322539,4.055336764907639,4.142316406821647,4.026099827539148,4.101820750898783,4.151864575149228,Divehi,wikipedia,unigram
3.4673096621337307,1.3520825633956077,0.8415646068767254,0.793546120221519,0.7417031121409751,0.7887713186275006,0.937270520949362,0.7795289877223235,0.8303333350902101,0.744084584863834,Divehi,wikipedia,trigram
3.6525636188765045,2.9615131308780374,3.203251859450366,3.160885989407449,3.1266202357115978,3.1234118733497525,3.0793338333114866,3.244519422803243,3.313481277021232,2.9710595393028765,Kabiye,wikipedia,unigram
3.143306539781099,1.1773234377692814,1.157354850347271,1.0318098352988225,1.1410446837323531,1.097401925375964,1.1883073846499637,1.1441876833318647,1.0931270929696804,0.9844721942402457,Kabiye,wikipedia,trigram
3.4069156920276,3.6401285347945134,3.4635541260053304,3.432352181204746,3.402258958033448,3.4407249649500034,3.425611728955324,3.4932179759909063,3.317198055696696,4.500109366126558,Catalan,wikipedia,unigram
3.0211643925335974,3.1269658787796537,3.088551734367415,3.1620840818813636,2.9671016821083844,3.0355900095703094,3.003972634311454,3.266462393020136,2.869462332853091,3.9336977640123543,Walloon,wikipedia,unigram
3.0515243140250545,3.4216545344093077,3.45358619130118,3.1915733698561053,3.284181989551623,3.1749040938431303,3.212817158444168,3.2980292851631443,3.335481067049466,4.197385808253141,Yiddish,wikipedia,unigram
3.9174177975972277,3.5644714013429843,3.6660306203332103,3.5999885086288943,3.540202814255167,3.637940481281274,3.5610123905664173,3.7564243485288955,3.7875467562086946,4.408045732866248,Maltese,wikipedia,unigram
3.1313793440674567,3.4458443481846,3.2926601229638686,3.2513528307929254,3.2584272063635615,3.248090203623011,3.278190831157567,3.2119585208207857,3.1425245109843454,4.392120822444763,Romansh,wikipedia,unigram
3.39908214047492,3.9365990857824946,3.9365990857824946,3.4130292504053252,3.6471994034636426,3.677329884779067,3.7410233501661514,3.6093375599938913,4.083978311497062,4.095640249090344,Bavarian,wikipedia,unigram
3.7709182709460656,3.5034802383734007,3.3903051264036086,3.318007437654546,3.472343607394514,3.4420039902679904,3.4515544133096525,3.6600643117963516,3.2297090503417762,4.262019936225637,Faroese,wikipedia,unigram
3.1927955349577446,3.6649843074086665,3.395910304740691,3.2809581192085955,3.4083496844966765,3.33923081235899,3.5107149250959044,3.5884982776595407,3.7808725608319254,4.235041487783698,Ripuarian,wikipedia,unigram
3.4619443828578453,3.6416770713055815,3.5713366319379194,3.4741512374787633,3.3396895230003874,3.4908987192260112,3.430079853466966,3.4901333242106443,3.653931436886986,4.142466471734944,Luxembourgish,wikipedia,unigram
3.0201187439844546,3.4650512987305966,3.468519521749237,3.3653613586671236,3.363159975948585,3.378766145711912,3.4212983231520426,3.6222333289687936,3.6031667453405376,4.520179897110789,Limburgish,wikipedia,unigram
3.5072663011558727,3.3559925019982715,3.458086627575435,3.303549777049691,3.374531102826411,3.3163050163522114,3.3762061434286728,3.276206487879981,3.324133005555001,3.9370555002811507,Scots,wikipedia,unigram
3.2340600936011823,2.9299083839614117,3.0449004080995272,2.487456488109214,3.0465751067265314,3.383344216245884,2.7829895541195198,3.331450423393352,3.171180531810577,3.9199618621922583,Zeelandic,wikipedia,unigram
3.1439558440255673,3.314183409983776,3.186451114743412,2.949663066823713,3.1024482497953745,3.2753788186369417,3.3179685580859526,3.018184823536281,3.1353736056893977,4.285633168595927,Aragonese,wikipedia,unigram
3.6256287697104046,3.566128830772609,3.4623048667643017,3.502784348412362,3.4460734027372597,3.398945652397422,3.474460359626703,3.4329058905612615,3.314644052742316,4.4153450863078305,Asturian,wikipedia,unigram
2.755241096436728,3.126947223288332,3.188495159189986,3.11267539763204,3.274772039754982,2.9210766098114997,3.1914251757184324,3.4018398837522135,3.224081736220867,4.403657685330595,Emilian-Romagnol,wikipedia,unigram
3.2102642311721667,3.617719591840633,3.400661019420818,3.3367309717984983,3.273898377834332,3.3922257299731853,3.4173040266916193,3.354978240088961,3.1729469380891255,4.320750428313214,Extremaduran,wikipedia,unigram
3.1719040974134485,3.0064379658946785,2.7972536672572637,2.8206987921712967,3.270659085958183,3.0196717840949048,2.7042125270767547,3.144464658029866,2.7827882442128313,3.8125675592364536,Franco-Proven√ßal,wikipedia,unigram
3.1221673494750855,2.9718112142700743,3.40994384538539,3.352579525194688,3.0344862570957707,3.26061877024968,3.1426161591216526,3.3300531384552055,2.9348994975561973,4.096998415349958,Friulian,wikipedia,unigram
3.0694051389147976,3.249053749835226,3.0275264924049696,3.0863480121933673,3.191520878699914,3.123589011854216,3.015148210879933,3.1545721348236664,2.79035084829355,4.141384372686736,Ladino,wikipedia,unigram
3.2912842165573997,2.8701037711541235,3.342073209788536,2.869797153451162,3.198255676675106,2.939000468758343,3.341186374734479,3.109650119387649,2.869411751109895,4.283257554594241,Lombard,wikipedia,unigram
3.4006083252281885,3.236203442165834,3.402175078969649,3.2494273747479787,3.2821597283734616,3.2045437725341985,3.3053639960461827,3.086877672846241,3.066592714555508,4.30276728220124,Mirandese,wikipedia,unigram
3.736395382558385,2.8779276651693704,3.129203355157132,2.854803512261005,2.5802226987235173,2.6074689241703726,3.308715104019056,2.7472786948623327,2.3372928407647846,4.139716373999215,Neapolitan,wikipedia,unigram
3.5305852977891488,3.320857033276104,3.529470706698688,3.4383625275088163,3.3758214135169435,3.292087748349748,3.4215348226118363,3.4815931085464213,3.0431658324779547,4.53403815750416,Occitan,wikipedia,unigram
3.116442865559821,1.6285009480557715,1.1123609010333917,1.010048870760555,1.244047114942469,1.1922864747735473,1.1025582847591229,1.1119936076336994,1.0651890653427005,1.417486331117825,Occitan,wikipedia,trigram
3.6261206421569314,3.2273062808009936,3.462765387379624,3.151443385726699,3.3074641950533894,3.1895199069247693,3.220241605090224,2.973933401254781,3.264841837622143,3.859771434771424,Picard,wikipedia,unigram
3.1266574099446554,1.3289337753391282,1.0374925791835266,0.8950120287203398,0.9670163931729092,1.065310905594912,1.0131307025431069,0.9261708656843886,0.7581231756351353,1.023599179677476,Picard,wikipedia,trigram
3.2683101044731506,3.5117624087341635,3.265326135503586,3.1675789741527907,3.3313345288904364,3.1723876788504355,3.280823346678131,2.983465136846756,3.033986603070606,4.4126506860569235,Sardinian,wikipedia,unigram
2.893840429099719,1.4648946838400405,1.0481149016070497,1.1260772804370942,1.2356989752580358,1.1364475462524848,1.1944518945289502,1.0792641686956626,1.0926371919581863,1.4867175501093683,Sardinian,wikipedia,trigram
3.474959237327814,3.0616477603131744,3.3087010260466503,3.562803976187796,3.4092570425124005,3.4709547790994133,3.425627595938417,3.389259175123579,3.276714451420031,4.249802459813071,Sicilian,wikipedia,unigram
3.035837568375593,1.6703913587853114,0.9227696875629247,1.1366497081497027,1.0740276268432025,1.0776232905207996,1.0886308095150903,1.080327250455046,1.0278273161625224,1.2139958700905555,Sicilian,wikipedia,trigram
3.102388612188429,3.467340007790365,3.523243341012185,3.0934856697055335,3.343309375552137,3.288705260981722,3.4895689492736515,3.3470941989296312,3.2656662310194866,4.459475788721144,Venetian,wikipedia,unigram
2.7167899557236264,1.6766099644979728,1.1917954255129313,1.0171477447166586,1.17177680812151,1.1593871828741162,1.2677195188862724,1.1957152171415355,1.0872030867403346,1.3550236321184206,Venetian,wikipedia,trigram
3.81328445285318,3.9057244523328962,3.9781903901076072,3.916673778104713,3.8622099745841765,4.005934527980524,3.941769898619236,3.9512272050902193,3.9667454421469075,4.592524240130845,Czech,wikipedia,unigram
3.5503518167340613,1.4932680126402165,0.7639988211891036,0.8006811241077552,0.8359631257181219,0.8154068276698713,0.7928280577590227,0.7948150078489058,0.7532641404094469,0.6923567808655267,Czech,wikipedia,trigram
3.907477875537925,3.750460504745728,3.446813682416252,3.636515464234445,3.6155300270019524,3.6369960616281793,3.777592710929397,3.659984883694283,3.839309725344943,4.194229284118237,Rusyn,wikipedia,unigram
3.5714789562636486,1.4057013433083874,0.9902234523893011,0.9312776053678902,0.9084584964479405,0.9840368868494755,1.0518054845541263,0.941582832779103,0.8946473664772777,0.76806350744219265,Rusyn,wikipedia,trigram
4.081007604568357,3.682765882680917,3.8353071104223906,3.690990079470911,3.7583150824185347,3.8722175608522496,3.8596004311243504,3.877245175055841,4.089500876597063,4.569856584525525,Slovenian,wikipedia,unigram
3.748532220448022,1.538449392542751,0.9138731268890907,0.9977859704419619,1.028594004827938,1.0606609357643186,1.0353435476869937,1.0386417017319627,0.9773334370649592,0.9117387603034949,Slovenian,wikipedia,trigram
4.216606136254727,3.956754423325113,3.8796094184544447,3.845808678425063,3.8636058673765956,3.8346290882138647,3.885354688046832,3.964708317161,4.141175438099321,3.635755124229847,Uzbek,wikipedia,unigram
4.044962529446512,1.6453750638082418,1.1483492155133481,1.1359278501805135,1.1390002003742545,1.2540221570727557,1.1716446971503336,1.1560142008390057,1.0790086811890913,0.7949960558375373,Uzbek,wikipedia,trigram
4.183790541650764,3.9700380570689737,3.6412733289751755,4.167714352330229,3.730553429632839,3.8418922652503715,3.627707888370274,3.7151261293700295,3.9583884268390293,3.021178887994465,Amharic,wikipedia,unigram
3.8364155722577586,1.3268332117079333,0.8328151171855025,0.7768479843297669,0.7370141553686068,0.6972498154284875,0.6325814915179768,0.6383821754016944,0.9920034961388047,0.6002977027078382,Amharic,wikipedia,trigram
4.239415890216875,3.573610393878248,3.6221182126437164,3.4198783086969002,3.514796068680784,3.5792107514251756,3.4967513450532315,3.5575129713420335,3.662977376977718,4.039149088237221,Zazaki,wikipedia,unigram
3.854091789210356,1.3428726189257063,0.9076593710062864,1.101834675500114,1.0391722594711013,1.0767213779407343,1.0451613928317762,1.0468862333769322,1.0384945966628312,1.108650150672759,Zazaki,wikipedia,trigram
3.998572172545226,3.6518394379855827,3.7361870482426847,3.558981802560638,3.4896588248077505,3.0947604598180125,3.443825332998707,3.4976208597383622,3.7825467849957453,3.5909748682376077,Gilaki,wikipedia,unigram
3.613944475318766,1.1807070695591748,0.971431107727786,0.9177820712220248,0.8044552941593305,0.6317606298146231,0.7442834006190585,0.7175477559492611,0.8303433241741902,0.7174489564641418,Gilaki,wikipedia,trigram
3.656290284138996,3.2987902093815173,3.3582973216881955,3.461273114180007,3.246054387258189,3.101583671538939,3.5440222005960567,3.262212346822324,3.619974576476262,3.095376622426665,Mazandarani,wikipedia,unigram
3.019897794852834,1.358880655212719,0.9691944329370774,0.792875626951553,0.7450529347204,0.670676075999835,1.1733523456822097,0.84160541213184,0.9843163547007405,0.5894266669015337,Mazandarani,wikipedia,trigram
4.269187856124965,3.6948960711029404,3.4764697069701094,3.5262289454582416,3.6039349972408834,3.426838411689319,3.549658196748431,3.7417525867161316,3.72086251986128,3.9215724360302278,Ossetian,wikipedia,unigram
3.9423338281340463,1.1873947095105615,0.9892023094544937,1.0173190978765088,1.042370535182377,1.1094050267905022,1.0463840393842527,1.0089181699680134,1.0151580970912186,0.9147153394014168,Ossetian,wikipedia,trigram
3.521827712955569,3.8047861913816985,3.6341482029620362,3.608637342036267,3.6606996042677613,3.548927567336092,3.6285517806038854,3.7533523708040417,3.995416592921438,3.6093702996744894,Pashto,wikipedia,unigram
3.137421128610157,1.8440418584559515,1.1444003895925634,1.149863426549644,1.1953507616582864,1.1763098935454697,1.2536849130119887,1.1846794603902158,1.1541139565559855,0.9217062053543232,Pashto,wikipedia,trigram
4.175733948231206,3.7642154030020594,3.6998155558983576,3.425735014786407,3.712307619578209,3.5622690057889015,3.6427119531779946,3.7143119778205715,3.9038117737902107,3.794104119164692,Komi,wikipedia,unigram
3.8602581365670416,1.136249935834262,0.895644594712077,0.913722281560307,1.002901369298055,0.8993640854661809,0.9716763431572083,1.0154605134374963,0.9866653556668229,0.7700415676504878,Komi,wikipedia,trigram
3.4626673141006417,3.6652618203456235,3.3869416615218384,3.4683309626105827,3.2023349700806825,3.502092503041711,3.37954373767818,3.3750718761803453,3.412482453985843,3.724797872550285,Vepsian,wikipedia,unigram
3.003427115441069,1.380461061470993,0.9241371757372248,1.0707474928837946,0.9899852395645297,1.0968704271569536,1.0114638440540196,1.0605577285712684,1.0144244320172107,0.8437890264778636,Vepsian,wikipedia,trigram
3.814727488821656,3.452088178518391,3.3884652655843626,3.503637889700828,3.467130669887078,3.4871318360915367,3.4609907656540275,3.5841403960393823,3.708900684684112,3.18699111397832,Erzya,wikipedia,unigram
3.4577806140714107,0.9454770795578901,0.7449169585895724,0.6821983538988666,0.6522328404751645,0.7169972460792838,0.7086435975097474,0.8588366866926982,0.7527666681949895,0.518311518364007,Erzya,wikipedia,trigram
4.2062695456295405,4.05746250681642,4.149265737245637,4.0048618861502545,4.089762086313482,4.128891345351959,4.182923240513637,4.160150811959892,4.292313966759,3.898711606414095,Konkani,wikipedia,unigram
3.7272978036190003,1.4226419869439244,0.9066536994596173,0.78653758510096194,0.8554369766210963,0.9221588781000392,0.8139800269286769,0.8041660931702292,0.8096842792174369,0.7311226137056254,Konkani,wikipedia,trigram
3.989193710790664,3.699560017526594,3.805393935791294,3.55590740786475,3.8117667618800715,3.487319432503798,3.883423136998867,3.750333069923046,3.094377504499901,3.2132804456294637,Odia,wikipedia,unigram
3.452078204828575,1.5344882010152876,0.7432747734413816,0.8722268592176124,1.1086292207165755,0.8882358574020955,1.046618009138943,0.8897276409299035,0.8305933590440744,0.8125442738044082,Odia,wikipedia,trigram
4.181167016844649,3.458251646580667,3.683594500099421,3.4274570827294846,3.3947281964776646,3.2112851841161203,3.686058135923943,3.448882727680113,3.0883701228677416,3.4877867355556353,Maithili,wikipedia,unigram
3.6741999895766155,1.1509045254917891,0.8930074204217696,0.6221186008996565,0.7826899812832118,0.5486511612097751,0.9931792373839663,0.8019961093568154,0.6313960909892516,0.9591886012736317,Maithili,wikipedia,trigram
4.588180216745747,4.211099365030819,3.965626776236157,3.8427341881014123,4.179017628427268,3.969126312829683,4.196047506187413,4.008582453957033,3.710151542900939,3.5373421881438794,Sanskrit,wikipedia,unigram
3.904124542082595,1.2536933336855804,0.849825542279894,0.9342230213728149,1.0661342304367385,0.9366717286554419,0.8869816018478298,1.0339962434013188,0.6684852893919971,0.9790987073672284,Sanskrit,wikipedia,trigram
3.798215144825235,3.4826292253635445,3.541516886694874,3.589862957285999,3.536831674263451,3.624117310869721,3.5360510213635026,3.5662939319743296,3.7151352349856097,3.056116824825711,Sindhi,wikipedia,unigram
3.3647705762585662,1.5677936886973642,1.208856791219228,1.236027501045628,1.190266845752492,1.2054918716605518,1.2456603657464014,1.1660536657332432,1.1267651077186691,0.8790848884911581,Sindhi,wikipedia,trigram
4.187048603818309,4.127435919839621,4.0741364301996725,4.0719070219295395,4.0906454754713195,4.012264017539616,4.120595037565649,4.113004954772111,4.021094115701832,3.858870678340402,Sinhalese,wikipedia,unigram
3.7296136666478623,1.8406575034078525,1.0276199459271653,1.0469856887889042,1.0867299549596678,1.054626437176609,1.0406465779655152,1.0150153000636397,0.9796095469340332,0.9250498112383669,Sinhalese,wikipedia,trigram
3.3173901677527735,3.5858721246058836,3.7071188751200763,3.4518726821293204,3.5056184111913087,3.545909436439183,3.3313964794421786,3.4609561576780594,3.4081742400238313,4.515456881740646,Esperanto,wikipedia,unigram
2.966443539670198,1.746503416887819,1.0851593383496525,0.9214956662160384,1.0404874716361403,1.108703312327221,0.9889654817842866,0.9725924876130008,0.863105401349376,1.1401771622231776,Esperanto,wikipedia,trigram
3.1026372700302063,2.6893106354961698,3.2368711374918857,3.552120541945795,3.0562222647405792,3.5087661171234914,3.1852703101025592,3.4508177263554707,2.906233350407487,3.933263587027525,Ido,wikipedia,unigram
2.7378426111351657,0.7206503495492907,0.9364349078450129,1.3184717338956913,1.0756413345145142,1.471373028145831,1.087349543384891,1.2221599594924208,0.7352822819908057,1.300866058790652,Ido,wikipedia,trigram
4.339170969886008,4.1347155033540774,4.048491589702137,3.941886324421421,3.961724856142438,3.913093657151977,3.883246471398723,4.039049208349026,4.100374229267082,4.260567683936564,Lithuanian,wikipedia,unigram
4.072397125811554,1.5898752672567535,0.8479216722594274,0.925524965126477,0.9751861592160476,0.9611200553655981,0.9541423760053661,0.955726978290938,0.936572992854208,0.7264715684556934,Lithuanian,wikipedia,trigram
3.963131680635458,4.015640071479269,3.911792926662768,3.7993433605928617,3.884222621445115,3.9231558433661946,3.9145090077442952,3.9006861397312615,4.189374576624723,4.435263529047451,Latvian,wikipedia,unigram
3.629918470327492,2.0367291205208167,1.505270065398026,1.5501180997637691,1.6006628869035562,1.6018231364898863,1.6326084803027645,1.666495201686735,1.6159447724849394,1.613030841798948,Latvian,wikipedia,trigram
4.345887680838118,4.376194106098933,4.3130567979821866,4.225036109325312,4.328400159380977,4.30251937135406,4.371162982758339,4.457560576001378,4.629763044750069,4.9219679022046465,Kannada,wikipedia,unigram
3.948446277424374,1.5619918962388077,0.5796162942235292,0.5943253905933789,0.616334169336093,0.5993102300837219,0.6371457874819635,0.5979620404112349,0.5549190865080502,0.5134783708688203,Kannada,wikipedia,trigram
4.874765128485929,4.5263351706950585,4.640458079493524,4.536187815962309,4.579128693770906,4.58829808632997,4.437532079739752,4.597285538019366,4.574611134713366,4.7201474220916815,Malayalam,wikipedia,unigram
4.4753599255092515,1.1913481315243457,0.47156397577168546,0.4733972609196313,0.49073640573581223,0.5270867055488878,0.48493692095878754,0.4824833838413379,0.4890273891985165,0.45118171716792066,Malayalam,wikipedia,trigram
3.703531734943324,3.1492870242347695,3.3881276984173048,3.3396287501608786,3.2768492281723303,3.366914171622777,3.335859344819258,3.4161731291433677,3.225617432480663,4.216971174318726,Breton,wikipedia,unigram
3.346187448852731,1.3122300647632839,1.1006167659504846,1.039333303436814,1.3509188981010274,1.26772929472584,1.3237869986868647,1.1944533579307313,1.2811615473191122,1.4141138438822003,Breton,wikipedia,trigram
3.2319123604282605,3.360397843765763,3.441387381604054,3.3633172701922125,3.286342719684966,3.242771651442263,3.320110167628848,3.3914733736863334,3.2212979600654505,4.122750367386344,Irish,wikipedia,unigram
2.6383241854402137,1.6095017059616463,1.1326226816269331,1.24692332772832,1.291286450668601,1.2657523868960687,1.280388951748778,1.320729834433164,1.221462233857923,1.3539315232048292,Irish,wikipedia,trigram
2.6668419118641102,3.3106299897067526,3.1218123013797667,3.219311006916913,3.103425416894714,3.130735388512637,3.1947421514254004,3.098356112090135,3.1798359604859874,3.7066153270147346,Manx,wikipedia,unigram
1.937509288576516,0.93006809864131,0.9214254149462218,0.9270948645553325,1.1459517451027001,1.0247272087654715,1.0117294840120912,1.1185745270439171,1.050287343459674,0.9570413764184085,Manx,wikipedia,trigram
4.955881472727396,4.426564041369311,3.987436392914633,4.510793945285133,4.0731244879956225,4.25539960349639,3.90746192703917,3.781633158251615,3.7495618364774983,4.028854820672175,Burmese,wikipedia,unigram
4.061059834006998,1.4221842896480814,1.22411075248198,1.3566240428860958,1.0488729560164194,1.383950782990062,1.1552181098855345,0.8862364162276983,0.9521255180801603,1.0819138778136037,Burmese,wikipedia,trigram
4.142673981768552,3.851975051939987,3.5214613629680316,3.726917067429768,3.807496211403334,3.6994356992990776,3.726289458988226,3.900943497013842,4.079141629684158,4.220504363141348,Mingrelian,wikipedia,unigram
3.824918667648893,1.315671505581194,0.990642181143079,1.2877540814689097,1.157625300587204,1.1113225349308558,1.0926734831110971,1.1434660811918975,1.1887074834264146,0.9080481392339669,Mingrelian,wikipedia,trigram
4.435945250948309,3.8284333069051955,4.057511513831655,3.8038465735949814,3.932507019643267,4.084875107776671,3.8462442709328486,4.040621825517116,3.9340721156240237,4.117032642001967,Lao,wikipedia,unigram
4.121415293053956,1.2107113301477115,0.8494655668217618,0.8063538601072167,0.9797009350940987,0.8713688309178365,0.9323856428082105,0.8733727735482218,0.9089571153302114,0.8682617175741887,Lao,wikipedia,trigram
4.315365158689667,4.17338486117994,4.240574768265212,4.303988670363089,4.478448175596962,4.365917367991292,4.336629889174825,4.1261167791330156,3.981983090083481,3.131137939555425,Thai,wikipedia,unigram
3.709584821716515,1.3917542597121422,0.40714622240768567,0.528577358515615,0.4351389599277937,0.4150222239032621,0.4683674024108214,0.40848735835789324,0.44247337936881465,0.4800922261037331,Thai,wikipedia,trigram
3.9345606543621274,3.597846428377353,3.5261194020004165,3.3850971512653834,3.574066604185001,3.596847269770389,3.502252404226285,3.694395429090127,3.8306638904467016,3.387340386295749,Lezgian,wikipedia,unigram
3.5223643913576894,1.1211320836637895,0.8637578025037923,0.9397059219557864,0.9963436082068452,0.9480379543457207,0.9041496517215654,1.026314942465917,0.8813625639913971,0.7174887682539194,Lezgian,wikipedia,trigram
3.7371479409070654,2.78337505551222,2.396701256955214,3.405198414492835,2.3833370182580347,3.512497042691057,2.973860492470436,2.4778283279453968,2.8095422158720407,3.5144579872019586,Malagasy,wikipedia,unigram
2.888900683404687,1.0083010372815369,0.4999132466479223,1.1740328312131367,0.48262265405190435,1.6096101394179343,0.7224211215878314,0.6499315426628756,0.3676370307230784,0.9514168963929387,Malagasy,wikipedia,trigram
3.162341224143704,2.8597467267924714,2.9946229905807065,2.8897417094676374,2.8064277991726287,2.8545820930325663,2.996582814919628,3.0476966226917193,2.7917356423209614,3.927630985639661,Papiamentu,wikipedia,unigram
2.796782402893074,1.4010237685600797,1.0428575676230547,1.11350580022872,1.1278419304529919,1.0351958024894423,1.1389367224300957,0.9580615394735733,1.0939934614026876,1.2347165693358455,Papiamentu,wikipedia,trigram
3.961249113526496,3.5057369207666436,3.435887287017879,3.3862108469911663,3.32394295726526,3.4883532228142724,3.306363288933541,3.607170849458391,3.0677549904619177,4.458663393822776,Albanian,wikipedia,unigram
3.514670122185116,1.5862738210161038,1.1958329735764266,1.3650731224825148,1.3285381188289294,1.3710035345384566,1.3409897068839403,1.410156794233713,1.2214421628251249,1.5241383176100332,Albanian,wikipedia,trigram
3.575248149036964,3.474913252929621,3.3805079448221464,3.320038283332715,3.4570643342082557,3.3296336802573414,3.2777240290463006,3.3564789341185985,3.4885074084191823,3.7113533595377994,Luganda,wikipedia,unigram
3.128437033517218,1.141342469290909,0.7595143572291908,0.8896529787376724,0.892373248659055,0.8416633012497277,0.8965652910179562,0.8533221138647641,0.7470760078007925,0.8840645544551058,Luganda,wikipedia,trigram
3.811025697326265,3.275770051714116,3.354950223400915,3.614407975940799,3.3789799313163864,3.2268730230657727,3.469904789079876,3.4069743956760625,3.117138797061984,4.064317357623521,Swahili,wikipedia,unigram
3.4638477751884693,1.2969649386391366,1.11238141660809,1.1547188087413456,1.2279380997165446,1.020825828110953,1.3065621995904961,1.0507923913774044,0.9532555715666458,1.3612465452094922,Swahili,wikipedia,trigram
3.1174992416553855,2.7704610398902907,3.0237046418450624,2.8538733093287822,2.994029101194646,2.8014309050392496,2.8836082616225482,3.230570515756028,2.652649404714912,3.7790027348095023,Tswana,wikipedia,unigram
2.7833658313030116,1.0076170758784937,0.8312297251868175,0.9098125775955439,0.9766398882959455,0.8851609361232544,1.0309715991379416,0.992274964167465,0.768513237503288,1.0706497455093278,Tswana,wikipedia,trigram
3.3844939008168566,3.0105018528599685,3.317694749780972,3.0806448000985704,3.1990891997792184,3.0274442879888395,3.087967441763533,3.3280097661310406,2.970645822160055,3.6883736807793426,Tsonga,wikipedia,unigram
2.972865242671896,1.0973939565528232,0.9300513130288945,0.8853523209410827,0.9717137265753178,0.8348616652960508,0.9979768465225355,0.8521344663979965,0.8078179552316059,1.047766032343697,Tsonga,wikipedia,trigram
4.041008168799472,3.7837828309287573,3.6745281913165915,3.890303162260405,3.6808062980372784,3.811259427019711,3.870169878664975,3.915938434730388,4.0261300521081544,3.4943633827774008,Buryat,wikipedia,unigram
3.623737769918513,1.1636043386940824,0.910029328323573,0.9699509609859475,0.9722689547397204,0.9654003393612206,1.0617264420549855,0.9707329946955013,0.9151543896686466,0.8227341500475014,Buryat,wikipedia,trigram
2.224026389283479,2.5226654833346234,2.8109147048967436,2.425255343736362,2.6914218036866773,2.434974530497296,2.640522810769578,2.34889729497475,2.4874171419995186,3.6147297223384967,Samoan,wikipedia,unigram
1.8126108560243326,1.199248797936699,0.8654484250572488,1.0614069654403373,0.8436265178124821,1.021912363861011,1.0740241462245201,0.9093328458509027,0.9178625077643722,1.3123737645991647,Samoan,wikipedia,trigram
2.430325464689676,2.7604231983766274,3.091236690846748,2.7680085436332216,2.4497996821234147,2.631548239205389,2.749161635421435,2.859445616569793,2.663254126260922,3.299341649360201,Tongan,wikipedia,unigram
1.9968594744903767,0.9974979569166575,1.232824819799417,0.7354935803302927,0.8281253663756984,0.7811393472286565,0.8665480077966894,0.96749226683804,0.6024966101404452,0.9855716286837897,Tongan,wikipedia,trigram
3.63366839654852,3.45944794163206,3.33991232027611,3.564141730705305,3.259842663616101,3.435212790257068,3.4508389728522104,3.5352397559051183,3.292433823918815,4.010357579419541,Nahuatl,wikipedia,unigram
3.0715281319597807,1.2403892337990756,0.8195154460173224,0.879860384471261,0.6811151429739183,0.7787682304534433,0.6968121292607438,0.8576889835024935,0.71967406356389,0.7976671228641737,Nahuatl,wikipedia,trigram
3.9281970763462994,3.493478049737915,3.238270423873149,3.4959641208189365,3.424373486709583,3.474745596545222,3.526699064268181,3.5457907493701635,3.638886155403986,3.968011358985334,Somali,wikipedia,unigram
3.5146742905980717,1.217212495588555,0.820501180488436,0.896632628882398,0.905900759628843,1.0746940944648817,1.0294509030641863,0.990955868255881,0.9837326345290965,0.9958568546547096,Somali,wikipedia,trigram
3.70906653976892,3.0886539678774096,2.782998798835407,3.288851562327101,3.089663837311162,3.345646302728632,2.808836809406865,3.3376265919992396,3.10064110482839,3.4772753466011475,Aymara,wikipedia,unigram
3.2286828888997,0.6513636083312655,0.8380151954121154,0.6641367638844659,1.1516167888823379,0.7040069355143841,0.8667836223360157,0.7225320664824103,0.9114183334991208,0.7526248065309814,Aymara,wikipedia,trigram
3.8577794105694365,3.6011374284972644,3.278027701471058,3.0120577325266935,3.129964286163289,3.2612127596700984,3.1743624766309084,3.572365788887102,3.610688144370716,3.661116448543202,Guarani,wikipedia,unigram
3.3984848554267857,1.1535830098265913,1.0829039138854493,0.9308597340014143,1.0220805825790922,1.088070232414137,0.8998263133276,0.9551159342223907,1.3017949468193086,0.9829393261712023,Guarani,wikipedia,trigram
3.805782952790247,3.2081553101846185,3.3632662750590727,3.0276942629853463,3.2691254702726047,3.0429572473973345,3.2689889093013447,3.3595524578707514,2.9270398619849733,3.987225599186246,Kabyle,wikipedia,unigram
3.390284681743344,1.2111348147550391,1.0195333751545554,0.937739085355151,0.809800367375164,1.0336011494551434,1.0485605023422986,1.0694458789723393,0.886971993737088,1.1360395017220422,Kabyle,wikipedia,trigram
3.5274599460945884,3.201488219198553,2.8157137841114466,3.19821515524175,2.9354852975560366,3.1286913903051516,2.979187421507149,3.256934182429395,3.161988501227705,3.5317791586622915,Hausa,wikipedia,unigram
3.1093166018965,1.1103157702015432,0.8813783139653965,0.8866092046106816,0.7623810282016329,0.9841884416245128,0.8777884141171551,0.8256819819778413,0.6456780978323806,0.9944909624065369,Hausa,wikipedia,trigram
3.383292884264901,2.8093925131197306,3.1737101697295467,2.894062082053074,3.127035920855433,3.28225020656055,3.0618093847934182,3.2818278315500393,3.1000790120769315,3.512394797140843,Tetum,wikipedia,unigram
2.9623234642706984,1.2682544832699498,0.9040490042062889,0.7504907469944829,0.8218550170094406,0.8277450408714804,1.12905125382921,0.9195507507940052,0.7459887545188619,1.0434812723989888,Tetum,wikipedia,trigram
4.220989959927699,4.1321955004521405,4.0669969453374915,3.9724895357029637,4.119247355074308,4.036597569032881,4.155883820577566,4.105156149307031,4.247464080955976,4.137911934306927,Tulu,wikipedia,unigram
3.87122625113866,1.524231842734448,1.0391339218655786,1.0006154295271599,1.0251880019077224,1.0484583303310038,1.006130501082692,1.0112082402583336,1.0455140760810253,0.9816934736626515,Tulu,wikipedia,trigram
2.139049907518362,3.0148003291893684,2.2882875841576085,2.63689534331632,2.355423274593117,2.7871369704204874,2.099736780279607,2.323153787810328,2.6259931073582705,3.176061312764567,Maori,wikipedia,unigram
1.6053825906033241,0.9505246418281691,0.725580955918342,0.8485415466907665,0.532347304480707,0.8753091810925094,0.3943226660580397,0.6897660257451478,1.072975489638779,0.7697910852166003,Maori,wikipedia,trigram
4.562760583209343,3.83180033691133,3.6886818697669455,3.553635439866167,3.514540764253101,3.459371999359305,3.2243244583049946,3.4430627695143694,3.320188918225739,3.7317045078153077,Nepali,wikipedia,unigram
3.925483157223612,1.108948415023142,0.9580878284640478,0.8668248740550681,0.8248378266684033,0.7691369265554641,0.6955722319362736,0.777030665385886,0.5803008194418562,0.9704088723193806,Nepali,wikipedia,trigram
4.259808025113963,3.8262649236684148,3.9676290283439344,3.925818314215776,3.9476605888780063,3.891809786228123,3.962186578687803,4.0219561323356405,4.111820959578106,3.7752201008085833,Mongolian,wikipedia,unigram
3.833360707134567,1.547300202181782,1.2431120739713313,1.1871015462764734,1.2113307406027036,1.185930189720873,1.173226670717341,1.1685920923851492,1.1219445106936101,1.0655699415316835,Mongolian,wikipedia,trigram
4.0835964504800595,3.833751702031671,3.924856676342499,3.723902405700876,3.891331123053966,3.8629334049387234,3.7905189153612198,3.9111378923148803,3.5108247031669917,3.650414059041649,Hindi,wikipedia,unigram
3.3813734460338165,1.4171533754847079,0.6311314108739847,0.7047793135358152,0.7673080392250741,0.8282501355700891,0.7486377721420959,0.7873868630720335,0.6904095614008205,0.7617380342872364,Hindi,wikipedia,trigram
3.7715146464574882,3.5584950440547054,3.568551763684894,3.4642467596824607,3.5537529910419985,3.577420619199194,3.5625250897460243,3.684000255281294,3.4098787860654602,4.5724075398957185,Danish,wikipedia,unigram
3.4013975330312185,1.673016768973727,0.987161415729898,1.066252528570937,1.1216656189564536,1.1103289281275392,1.127473410784842,1.1409783271137226,1.0644186981654418,1.1629664825959107,Danish,wikipedia,trigram
4.218055045391011,4.138118610926555,4.131849769198415,4.033752313434345,3.9763454959219344,4.056948950540375,4.070994864720868,4.145271207811794,4.273764461431864,4.499479663169883,Hebrew,wikipedia,unigram
3.781262497445855,1.3538028818224213,0.6521991759270752,0.6817506058692923,0.7003105316471089,0.7372132836513025,0.6855034916043584,0.6699778270792075,0.6333773893971095,0.5938533875828196,Hebrew,wikipedia,trigram
3.780233454545323,3.5219549019400818,3.651443395945604,3.5529560400327767,3.5993445555319648,3.578082387052137,3.4672662909232916,3.611449695976067,3.584159476426609,4.087226808164707,Indonesian,wikipedia,unigram
3.5028384928987872,1.5008487859560056,0.8228188376346277,0.8914619871065399,0.9076970872196194,0.903282705613404,0.9548756837057146,1.016317377519928,0.9596386518622637,0.9386880209533487,Indonesian,wikipedia,trigram
4.208929217697058,3.8083036450036616,4.004410381543324,3.845353356703697,3.9370909027369443,3.8358322738810546,3.8952821291166546,3.9828632929394527,4.213224905882913,4.572263529277072,Serbian,wikipedia,unigram
3.8068189124786826,1.3381085502000982,0.8019795501830433,0.858049680483099,0.8030970822255331,0.8563595745322738,0.8025700516640514,0.7590022480519776,0.7516015076828576,0.7277666676043699,Serbian,wikipedia,trigram
4.1344788636300915,4.025079192684404,3.9533690579420653,3.9143198593593467,3.840365792800183,3.9930761476456134,3.91131861911422,3.7546778255925455,4.185039034626484,4.404429560298708,Ukrainian,wikipedia,unigram
4.104228223875772,4.047152887829725,3.9950322607588906,3.9392974724110696,3.865405187172506,3.9382047374868696,3.991245888200645,3.9666883714078356,4.227202200538732,4.451169157848896,Russian,wikipedia,unigram
3.7567344321505622,1.49488607524168,0.6465741523948549,0.6757446666077992,0.7016915788856313,0.7499533914014022,0.6970605827896591,0.6851479255272338,0.6873908987965661,0.5732490669419048,Russian,wikipedia,trigram
3.4445420334405377,3.8545473545254922,3.664387925250773,3.635510743834538,3.5717470315241457,3.6529878074171465,3.6361563931344576,3.648262172063582,3.9660281577092307,4.383590892041567,German,wikipedia,unigram
3.584549247905405,3.1280917965799553,3.2129781831204434,3.054153972063235,3.111671663937054,3.1367435383902182,3.1807077033044253,3.204222748091037,3.395165892014358,3.0657104880590267,Kabiye,wikipedia,unigram
3.1426137642604495,1.177172040265776,1.157202491221751,1.0282502607442736,1.1367451861603293,1.0941539159882838,1.188780165722001,1.1426257021139412,1.0937404564135147,0.9841346088664291,Kabiye,wikipedia,trigram
4.743256133658253,4.137399042013399,4.536318632624998,4.344656748100392,4.336676038227129,4.395165713779893,4.309373200987417,4.358036734860588,4.208294336414471,4.007954389650481,Japanese,wikipedia,unigram
4.093559513053297,0.8654922008910111,0.2832840086114589,0.32090082327083674,0.3740518542646199,0.32677968585059347,0.36060015163532355,0.3426873106868771,0.4662547011365649,0.3754567065653559,Japanese,wikipedia,trigram
3.7197922800867333,3.2003352869876034,3.5840112955052534,3.729293875311649,3.6016425219791444,3.5954492686811004,3.620653676759799,3.532258166356857,4.065360406048161,3.9013197596634526,Arabic,wikipedia,unigram
3.044784728302672,1.0183089156100469,0.4721972133743341,0.5321335905195043,0.4455525874204802,0.46147681783184286,0.9107691807376547,0.6159442917840838,0.5212953043215278,0.3207755411636846,Arabic,wikipedia,trigram
2.7948079276982014,1.3760259071288912,0.9854607342972448,1.156175400421198,0.984493183744259,1.1742008556625336,1.0432365000830395,0.9217753837064504,1.0520083390165191,1.3461406125314297,Aragonese,wikipedia,trigram
3.156530924503383,1.654200369526234,0.9272204307160767,1.0100770673805501,1.0697922433143183,1.1085969191412706,1.0649741890193243,1.0586078357239852,1.0486130925147656,1.1942417984829738,Asturian,wikipedia,trigram
3.0209260360372006,2.0095899263136197,1.0491774075195517,0.9574993401848391,1.1516224913308817,1.0663855050786881,1.1893157963145873,1.0582511043221188,1.1146665051668563,1.0857708131805608,Bavarian,wikipedia,trigram
3.0300518855106677,1.7246531661919846,0.9852814708722458,1.0458582730663872,1.0821815556852892,1.1138123339343902,1.1574484360704373,1.0873775334424607,1.0588646113095632,1.2992359588341413,Catalan,wikipedia,trigram
2.2619875792868864,1.0524951287673316,1.4991551302491521,0.873106374404719,1.0349534260235482,0.9963924916879502,1.0502419839224792,1.0019345683123912,1.1387382600825686,1.2724451204940093,Emilian-Romagnol,wikipedia,trigram
2.8465738930740074,1.7128529517631426,1.0924554447428116,1.1585401666654263,1.02552041187777,1.0831521590495221,1.183899816162399,1.0949305658373272,1.0542913411483945,1.2526304248955347,Extremaduran,wikipedia,trigram
3.4640387309124527,1.4740320005910357,1.1329198599365593,1.1570218863940644,1.1693671988646412,1.161630880027673,1.197774918841187,1.2461315076929218,1.011540776601774,1.1725434366957617,Faroese,wikipedia,trigram
2.670716768103361,1.2149401763842163,0.7841095305811312,0.7091928161024202,1.0543701738444433,0.7999470294246658,0.6365662914239005,0.9029219250134036,0.6353689284817772,1.0513484258699817,Franco-Proven√ßal,wikipedia,trigram
2.7490645834546945,1.5913902397504995,1.0993364972246353,1.0637863443577875,0.9818478481557927,1.164710785416241,0.9632603042771046,1.1060519827579438,1.134139670005352,1.1767121021743832,Friulian,wikipedia,trigram
3.067027480909838,1.9128175995164358,1.000426544320432,0.8626033890973219,0.9324743129295611,0.9848640766520406,0.9632931826141805,0.9757043290567426,0.844963136077392,0.7934014811728848,German,wikipedia,trigram
2.6771561039295357,1.414655961456412,0.8582874181488267,1.0469637616534369,0.9884675089912813,1.1191861679203647,0.9677088728985743,0.931020173411142,0.9407391632071519,1.1722286137619526,Ladino,wikipedia,trigram
2.3497381656438843,1.13356076850875,1.2209786237193592,1.2208893695204792,1.228942830159345,1.2194832748455788,1.2607445038413634,1.2147630824242068,1.322111140567523,1.3819178295922043,Limburgish,wikipedia,trigram
2.700712747238813,1.0305140230514154,1.2328876510035294,0.6578199310575562,0.7633435537013858,0.8345257353503317,1.0941300808490824,0.6894239903414302,0.885492990605037,1.2377027251511867,Lombard,wikipedia,trigram
3.096604213360393,1.7748576872200226,1.1931278122276192,1.292389107999893,1.3173947801738306,1.3274927317359817,1.312263224495278,1.3563375396669133,1.314908066572236,1.260004274872059,Luxembourgish,wikipedia,trigram
3.4554450871506925,1.4262181143074748,1.053158125720278,1.161313505237502,1.1830626114206766,1.212269761751334,1.1901412084271328,1.2283675833431658,1.1626373896128248,1.2514291320164406,Maltese,wikipedia,trigram
2.878315238134063,1.732017606889716,1.1685553499536532,1.1867634143787948,1.3002841993378662,1.3153668169806012,1.3389135402629033,1.3215387741626656,1.234684031705315,1.5390274012184324,Mirandese,wikipedia,trigram
3.341941453727943,0.8089249472905629,1.499876239618679,0.9321029207284213,0.8577696175512232,0.9652285808780183,0.8608965955710439,1.112706360175512,0.647110582689114,1.7293285091442803,Neapolitan,wikipedia,trigram
2.801621391665467,1.8237990757081324,1.1009180031379173,1.157062564228544,1.207298712104414,1.1579830360466727,1.2388740707647383,1.1789534026184296,1.1941587497438126,1.1529187046303426,Ripuarian,wikipedia,trigram
3.3842546014954293,1.493365354007734,0.8477506331822966,0.9063694642138201,0.9445046452616451,0.9875076567541347,1.0335150118923588,0.964161842913922,0.9177943959227899,1.0305600679107818,Romanian,wikipedia,trigram
2.689062345777113,1.6257915537402539,1.274165697515796,1.1938345304891185,1.1972609976644533,1.1959106502192547,1.2187307920979842,1.180418618177966,1.100739418881311,1.4471269318573636,Romansh,wikipedia,trigram
3.118250578352525,1.707528964931292,1.1035378710308372,1.1870014540723859,1.183392073015189,1.1738031349030549,1.2158449256875636,1.1627285522609478,1.311456152853744,1.2742307874796177,Scots,wikipedia,trigram
3.764959325172215,1.4183648567621832,0.5885244515242355,0.656362026310841,0.7456107905402765,0.6697261238924352,0.6929577227947998,0.6379532810156543,0.5967445016135746,0.5493018404075024,Ukrainian,wikipedia,trigram
2.7394869681608327,1.455704608712167,1.1017622956365354,1.1826163603823412,1.1049248598230363,1.2150607538191196,1.248475076500689,1.1642278647092066,1.0936118861629913,1.4810410828811513,Walloon,wikipedia,trigram
2.6558528569451654,1.6198182318489918,1.1073849488623981,1.1454747467006139,1.2430645053148885,1.1997877574189633,1.2344174342215462,1.1568000327404835,1.181023853042156,1.2632632986125987,Yiddish,wikipedia,trigram
2.6273590945115743,1.6855453698868583,1.0049898422979036,0.5266341161946622,0.8126127003880137,1.162127575802713,0.6882624771517317,0.7646476064709615,1.1147798776851805,0.9595871672045252,Zeelandic,wikipedia,trigram
2.306432890056962,2.6751965868066097,2.6151618341371363,2.962070510066942,2.5927219439405995,2.964648094936555,2.651451937319436,2.9962302045119853,2.7362490038117997,3.4539932124929935,sbc,adult,unigram
1.8649128343305668,1.1929447654532113,0.9594049491101565,1.1099428854290874,0.8398612757298825,1.0429838415762835,1.1040760331336146,0.9379591787591289,0.8732870736466747,1.1256319208888927,sbc,adult,trigram
