language,source,gram,family,1,2,3,4,5
Basque,wikipedia,unigram,Basque,0.4811878819735722,-0.08655009275835246,-0.2228536006967885,0.03606185750508262,-0.20784604602351298
Basque,wikipedia,trigram,Basque,2.465897301329587,-0.5782453565058613,-0.5307720293938321,-0.6018156378865059,-0.7550642775433873
Alemannic,wikipedia,unigram,Indo-European,-0.2923514491856336,-0.11184769059395316,-0.19007557374709405,0.1166964177738481,0.4775782957528327
Alemannic,wikipedia,trigram,Indo-European,1.3502079453708054,0.1958340882860663,-0.49091988339696835,-0.6063642782197454,-0.4487578720401575
Wolof,wikipedia,unigram,Niger-Congo,0.13848929037562918,-0.022189891060794498,-0.12225420214720994,-0.2157934624833655,0.22174826531574032
Wolof,wikipedia,trigram,Niger-Congo,1.6249898647440912,-0.38533281593598223,-0.3184268425715546,-0.4281049837673113,-0.4931252224692435
Bosnian,wikipedia,unigram,Indo-European,0.03912601023271245,-0.16117482021396645,-0.33891898354348715,0.011667623760029944,0.44930016976471077
Bosnian,wikipedia,trigram,Indo-European,1.7908750227399366,-0.5956261969850696,-0.4440865311295199,-0.43420429291437634,-0.3169580017109712
Urdu,wikipedia,unigram,Indo-European,0.7375054826918221,0.010318826061346265,-0.30420152650916377,-0.4642567994330782,0.020634017189074427
Urdu,wikipedia,trigram,Indo-European,2.0183179794990362,-0.3613061954266852,-0.5656992660923064,-0.7593562449336577,-0.331956273046387
Afrikaans,wikipedia,unigram,Indo-European,-0.2959304334407826,-0.18028314614284646,-0.1473174604321721,0.0886582410907577,0.5348727989250426
Afrikaans,wikipedia,trigram,Indo-European,0.9219227426709313,-0.3092463480380263,-0.257762579707864,-0.23260420288155403,-0.122309612043487
Anglo-Saxon,wikipedia,unigram,NA,-0.04404596307812314,-0.15731689958571105,-0.3113683670215788,-0.12118054175544213,0.6339117714408551
Anglo-Saxon,wikipedia,trigram,NA,1.5629124240132108,-0.08994381955673725,-0.45810173446196045,-0.5866299232095031,-0.4282369467850098
Slovak,wikipedia,unigram,Indo-European,0.03802274842250153,-0.37046093071310304,-0.008204115969396408,-0.057928564577057085,0.398570862837055
Slovak,wikipedia,trigram,Indo-European,2.1029531860684925,-0.0708099250706784,-0.5378698117177915,-0.8123581224276863,-0.6819153268523357
Silesian,wikipedia,unigram,NA,0.6733663937281795,-0.25090469777566016,-0.7394334426311957,-0.04336622166720616,0.3603379683458834
Silesian,wikipedia,trigram,NA,2.124937363228229,-0.007997371467622472,-0.9841886132218927,-0.388199701532826,-0.7445516770058874
Acehnese,wikipedia,unigram,Austronesian,0.4637458150283904,-0.5312240653509224,-0.03607948622304491,0.3337685403706314,-0.23021080382505454
Acehnese,wikipedia,trigram,Austronesian,2.196366026406698,-0.38662042043091105,-0.3270917032142222,-0.819650421361958,-0.6630034813996072
Wu,wikipedia,unigram,Sino-Tibetan,0.441142468779109,-0.19527960253218435,-0.05716576325413225,-0.3574773836374492,0.168780280644655
Wu,wikipedia,trigram,Sino-Tibetan,2.8871750361930024,-0.7337091351194929,-0.666093283919617,-0.7101682129666056,-0.7772044041872872
Bashkir,wikipedia,unigram,Altaic,0.28368376877253,-0.08356948086145932,0.26622274565108706,-0.5194760120273116,0.05313897846515303
Bashkir,wikipedia,trigram,Altaic,2.1833263840598898,-0.5567258288648178,-0.2641178414356473,-0.605279742676615,-0.7572029710828095
Chuvash,wikipedia,unigram,Altaic,0.27505359412045527,-0.13506483299940575,0.08710786419440364,-0.48677045343175296,0.2596738281163007
Chuvash,wikipedia,trigram,Altaic,2.223043876547165,-0.3014315390470075,-0.49346924951782334,-0.6231698038283262,-0.8049732841540086
Gagauz,wikipedia,unigram,Altaic,0.19958664799539205,-0.2800126856046914,-0.11082019963776757,-0.013965348462621652,0.20521158570968856
Gagauz,wikipedia,trigram,Altaic,2.068955823274395,-0.3668472932514275,-0.6200516637871166,-0.5524209136252304,-0.529635952610621
Karachay-Balkar,wikipedia,unigram,Altaic,0.173640560376064,-0.07003431718968667,-0.22501233184344338,-0.026037248748997488,0.1474433374060644
Karachay-Balkar,wikipedia,trigram,Altaic,1.9741654002761564,-0.4436168323341825,-0.42122476947428633,-0.5158379914245841,-0.5934858070431037
Sakha,wikipedia,unigram,Altaic,-0.023641064508158838,-0.15865146144296638,-0.10048589701058308,0.04534463147474854,0.2374337914869602
Sakha,wikipedia,trigram,Altaic,1.9118671757345136,-0.06576122558704767,-0.5492063787198755,-0.5975878599524127,-0.699311711475178
Tamil,wikipedia,unigram,Dravidian,0.08687112483796167,-0.24505651276480123,-0.07536192146320264,0.029484459942183072,0.20406284944786002
Tamil,wikipedia,trigram,Dravidian,2.6946208358042747,-0.033612175912898445,-0.8080791495595985,-0.8806383088572941,-0.9722912014744838
Telugu,wikipedia,unigram,Dravidian,0.13877894301478433,-0.34439906268375786,0.01803249704959109,0.32462678758218777,-0.13703916496280621
Telugu,wikipedia,trigram,Dravidian,2.4025325471889305,-0.13225217913775633,-0.7983445537283733,-0.6784006466741169,-0.7935351676486837
Georgian,wikipedia,unigram,Kartvelian,0.1017851127727658,-0.20991059740549423,-0.15732545661935582,0.01063281425476692,0.25481812699731776
Georgian,wikipedia,trigram,Kartvelian,2.4753568499365532,-0.14396303410671307,-0.6961555497667755,-0.7566555950220799,-0.8785826710409851
Tatar,wikipedia,unigram,Altaic,0.2568736195495349,-0.40069839137756524,0.11668959016116487,-0.1560029706021,0.18313815226896457
Tatar,wikipedia,trigram,Altaic,2.150937004995328,-0.5604843548613009,-0.31587189306388885,-0.7620805641332998,-0.5125001929368388
Uyghur,wikipedia,unigram,Altaic,-0.09342085832345948,-0.007502520590811024,-0.035568742931829433,0.026768259567428565,0.10972386227867048
Uyghur,wikipedia,trigram,Altaic,2.066970174935211,-0.04307612916065717,-0.6279656949226102,-0.6658936990138131,-0.7300346518381303
Icelandic,wikipedia,unigram,Indo-European,0.13375595878977942,-0.37427338656100995,-0.13737604240848222,-0.27426743762315553,0.6521609078028678
Icelandic,wikipedia,trigram,Indo-European,1.8495729764838889,-0.19498829554203634,-0.4619173505603773,-0.6837231645984769,-0.5089441657829985
Belarusian,wikipedia,unigram,Indo-European,-0.2170889238054814,0.08564065447512181,-0.12608224719147376,-0.03207094944786437,0.2896014659696977
Belarusian,wikipedia,trigram,Indo-European,1.9684184029781686,0.2200110844704828,-0.7224588289922907,-0.6277259724335501,-0.8382446860228109
Gujarati,wikipedia,unigram,Indo-European,0.5021049801296398,0.20403446164635763,-0.08471813753128199,0.36479599544881935,-0.9862172996935343
Gujarati,wikipedia,trigram,Indo-European,1.975741182995405,0.0348054117970773,-0.5007141942637109,-0.6231746402998509,-0.8866577602289201
Marathi,wikipedia,unigram,Indo-European,0.33865024059243476,0.20068823360757682,0.06502331298689024,0.18749999013888585,-0.7918617773257881
Marathi,wikipedia,trigram,Indo-European,2.2799806652260743,0.011537852213529431,-0.6319264670332649,-0.7248672945343548,-0.9347247558719838
Estonian,wikipedia,unigram,Uralic,-0.10262327920998082,-0.27462803962984506,-0.12033532588206697,0.07402747909318208,0.423559165628709
Estonian,wikipedia,trigram,Uralic,2.306037296480885,0.02584844885101578,-0.7405076935374484,-0.7589669916313276,-0.8324110601631247
Finnish,wikipedia,unigram,Uralic,0.190296753319803,-0.3101945883606536,-0.25112946165440597,-0.06488400041733833,0.43591129711259313
Finnish,wikipedia,trigram,Uralic,2.7485051258108957,-0.18950945638496108,-0.7849998091195712,-0.8392250853288877,-0.9347707749774753
Hungarian,wikipedia,unigram,Uralic,-0.6440596940349477,-0.07714235964944649,-0.05789280297887567,0.20838626451666542,0.5707085921466035
Hungarian,wikipedia,trigram,Uralic,1.4696106943829135,-0.3440629492910302,-0.25357443233514554,-0.38740888978625243,-0.48456442297048574
Bulgarian,wikipedia,unigram,Indo-European,0.15194659915108621,-0.1681765661919319,-0.2681065459931289,-0.15797769953179053,0.44231421256576464
Bulgarian,wikipedia,trigram,Indo-European,2.0430763018265976,-0.10718525724662209,-0.6701884477312896,-0.5460743338328927,-0.719628263015793
Yoruba,wikipedia,unigram,Niger-Congo,0.24399921819055992,-0.2843023588853235,-0.11299430875968675,-0.06498118830273292,0.21827863775718326
Yoruba,wikipedia,trigram,Niger-Congo,1.9465994064194256,-0.1194041989506931,-0.5838187093223806,-0.5040111397541991,-0.7393653583921531
Quechua,wikipedia,unigram,NA,0.5879053659763112,-0.13226283110186987,-0.2653137908574732,-0.4233812278201219,0.2330524838031538
Quechua,wikipedia,trigram,NA,2.284145953240654,-0.5779669250643679,-0.7000117244388829,-0.37173833000126866,-0.6344289737361344
Croatian,wikipedia,unigram,NA,0.0016704390406090397,-0.3464241569582165,-0.14340948101416817,-0.07603359877106453,0.5641967977028406
Croatian,wikipedia,trigram,NA,2.0850397946805117,-0.06382256310736056,-0.6120569047170862,-0.67117050134665,-0.7379898255094144
Macedonian,wikipedia,unigram,Indo-European,0.014341319236538475,-0.19188836135317722,-0.3401406309432362,-0.11684166340200175,0.6345293364618767
Macedonian,wikipedia,trigram,Indo-European,1.8840374831023223,-0.08251140397482692,-0.6464846847017343,-0.4990462254510185,-0.6559951689747426
Serbo-Croatian,wikipedia,unigram,NA,0.18429313996568508,-0.6206450933221808,-0.16489310705545002,0.4123994511263471,0.18884560928559901
Serbo-Croatian,wikipedia,trigram,NA,2.3773559381336593,-0.23052743889066463,-0.5534723221058261,-0.7310839817342265,-0.8622721954029424
Pangasinan,wikipedia,unigram,Austronesian,-0.4342053170839648,0.3443467493389001,0.44171563867325947,-0.38547293734608523,0.033615866417889606
Pangasinan,wikipedia,trigram,Austronesian,1.4460764957614778,-0.3730007637106455,-0.1804586657698708,-0.27453383238651474,-0.6180832338944469
Kapampangan,wikipedia,unigram,Austronesian,0.04670045920948285,-0.055700897189634446,-0.33506416366976666,-0.20445951388054917,0.5485241155304683
Kapampangan,wikipedia,trigram,Austronesian,1.370907918535458,0.11739171714287555,-0.45090314845502033,-0.6417239438541208,-0.3956725433691921
Khmer,wikipedia,unigram,Austro-Asiatic,0.14073767252246316,0.05235405579270935,-0.11279507111645692,-0.10616647040446914,0.02586981320575532
Khmer,wikipedia,trigram,Austro-Asiatic,2.1471283053890535,-0.15791863726528121,-0.7137240863730417,-0.6612918167560131,-0.614193764994717
Javanese,wikipedia,unigram,Austronesian,0.25591773813002705,-0.2762036208805885,-0.09821895496715527,-0.16826228961485823,0.28676712733257537
Javanese,wikipedia,trigram,Austronesian,2.020875254891367,-0.17973102075493808,-0.629052613760166,-0.48562509067162396,-0.7264665297046389
Malay,wikipedia,unigram,NA,0.09490059177932686,-0.17748240879584998,-0.12391141262736749,-0.08419148537529608,0.29068471501918713
Malay,wikipedia,trigram,NA,1.876699086239559,-0.03332237262903859,-0.6798690939885546,-0.6133635497595171,-0.5501440698624491
Sundanese,wikipedia,unigram,Austronesian,0.24789749351809265,-0.15856398932935845,-0.5891292567518902,0.09327210139015518,0.4065236511730004
Sundanese,wikipedia,trigram,Austronesian,1.9242930289325078,-0.011342590768222749,-1.006433949406026,-0.5702462154755015,-0.3362702732827578
Hakka,wikipedia,unigram,Sino-Tibetan,0.7128427922263598,-0.4994212559587923,-0.2593185430642584,-0.12746472229065597,0.17336172908734593
Hakka,wikipedia,trigram,Sino-Tibetan,2.236083345710319,-0.713262747459943,-0.5441244726740073,-0.4126095842461379,-0.5660865413302312
Turkish,wikipedia,unigram,Altaic,0.11915494575224628,-0.19106755507984197,-0.14504598265344004,-0.06343449361386888,0.2803930855949046
Turkish,wikipedia,trigram,Altaic,2.397689661158907,-0.0640764805528844,-0.7397193697376159,-0.7705419632773951,-0.8233518475910117
Kazakh,wikipedia,unigram,Altaic,0.21612848608592605,-0.09425816091107597,0.041565949309946504,-0.33118034068817703,0.16774406620338
Kazakh,wikipedia,trigram,Altaic,2.3282526693877212,-0.16747654560703773,-0.6081708091382029,-0.7094661859910428,-0.8431391286514383
Kirghiz,wikipedia,unigram,Altaic,0.23843559086328447,-0.27149485395124406,-0.08662876447041512,-0.016728257977423944,0.1364162855357991
Kirghiz,wikipedia,trigram,Altaic,2.352569749545193,-0.2308345490547805,-0.559828104277666,-0.6935345780053159,-0.8683725182074299
Turkmen,wikipedia,unigram,Altaic,-0.06393827378698891,-0.21466683482037974,-0.055718366028524535,0.07833075998794392,0.2559927146479506
Turkmen,wikipedia,trigram,Altaic,1.9854865889401074,-0.07241349154035781,-0.5927968293929109,-0.6250818647313534,-0.6951944032754854
Persian,wikipedia,unigram,NA,0.3402067287442705,0.023982930295825877,-0.18178231841748005,0.28794257616036845,-0.47034991678298477
Persian,wikipedia,trigram,NA,1.9627385794148133,0.07187535298253267,-0.65777913882916,-0.5047731359562357,-0.8720616576119506
Tajik,wikipedia,unigram,Indo-European,0.48437005528076904,0.11894547548986534,-0.10830664205964213,-0.47759779856202966,-0.01741109014896347
Tajik,wikipedia,trigram,Indo-European,2.1316993149084817,-0.41138842570167156,-0.30702757752851384,-0.5669710181481353,-0.8463122935301606
Latin,wikipedia,unigram,NA,0.36567892407000624,-0.27724419518952415,-0.048149967552948425,0.07807863661776127,-0.11836339794529449
Latin,wikipedia,trigram,NA,2.2944935227598586,-0.16609357117858803,-0.5879527009593002,-0.715204659411672,-0.8252425912102981
Galician,wikipedia,unigram,Indo-European,-0.29292828970548745,0.08606932234975018,-0.17388288205371172,-0.2911709240334659,0.6719127734429158
Galician,wikipedia,trigram,Indo-European,1.3565963225213247,0.23648214919229926,-0.6250714333746072,-0.5276492506004704,-0.44035778773854606
Romanian,wikipedia,unigram,Indo-European,-0.0021687120118887293,-0.1376694408327106,-0.25293482337233364,-0.20158904411251166,0.5943620203294455
Romanian,wikipedia,trigram,Indo-European,1.8324189515147988,-0.058470295972896436,-0.6826808150063152,-0.5271012204694061,-0.5641666200661807
Norman,wikipedia,unigram,NA,-0.2380954927732879,0.038276296168678225,-0.3820654313454783,-0.1313993662656876,0.7132839942157752
Norman,wikipedia,trigram,NA,1.225553301596508,0.06467101589002633,-0.484515525162729,-0.2821331200574908,-0.5235756722663144
Corsican,wikipedia,unigram,NA,-0.24282317099143036,0.04151424844502705,-0.22038213824355646,-0.44910726697637404,0.8707983277663347
Corsican,wikipedia,trigram,NA,1.1985602089438092,0.058184256663295963,-0.5842807868913569,-0.44558128551397225,-0.2268823932017756
Bengali,wikipedia,unigram,Indo-European,0.2906305879918074,-0.19474101112724052,-0.05880921275659334,-0.42629527565432435,0.38921491154635035
Bengali,wikipedia,trigram,Indo-European,2.0009134790977385,-0.21759115618826086,-0.7072115282882958,-0.7607720123433861,-0.31533878227779577
Waray,wikipedia,unigram,Austronesian,-0.8491664042545888,0.9880482011539704,-0.18714012974391148,-0.4200495958199659,0.4683079286644958
Waray,wikipedia,trigram,Austronesian,1.346913778543362,-0.24970344303212422,-0.4088155155050764,-0.6017949617905766,-0.0865998582155848
Welsh,wikipedia,unigram,Indo-European,-0.14197007224795843,-0.31083643279476236,-0.03984384479229286,-0.2258400223838466,0.7184903722188607
Welsh,wikipedia,trigram,Indo-European,1.274657290338196,-0.2956947808264274,-0.28518809160754466,-0.4837531382845064,-0.2100212796197174
Armenian,wikipedia,unigram,Indo-European,0.1845267617092068,-0.36220862372579,0.03204463600468754,0.32819949657123004,-0.18256227055933438
Armenian,wikipedia,trigram,Indo-European,1.7238787431955753,-0.5502455062670468,-0.49877608365959325,-0.037706857374042224,-0.6371502958948935
Korean,wikipedia,unigram,Korean,0.33485319984514206,-0.14128995774029374,-0.06366292719084221,0.08538473283129999,-0.21528504774530788
Korean,wikipedia,trigram,Korean,3.0015087627087587,-0.23490275401112815,-0.8822528383290958,-0.9144343855563555,-0.9699187848121785
Assamese,wikipedia,unigram,Indo-European,0.15233360361111314,-0.25436081595792537,0.16785178855936778,0.04255157789849662,-0.10837615411105217
Assamese,wikipedia,trigram,Indo-European,1.6099445766185372,0.16065071890521798,-0.5385470900268594,-0.7358113016447982,-0.4962369038520973
Bhojpuri,wikipedia,unigram,Indo-European,0.3125952058775261,-0.068504207269235,0.16544803386150342,-0.35629230546471335,-0.05324672700508115
Bhojpuri,wikipedia,trigram,Indo-European,1.7339297789100294,0.09982187551260902,-0.5220106606477523,-0.5910596810882316,-0.7206813126866546
Divehi,wikipedia,unigram,Indo-European,-0.15569807603176455,0.026696202832325433,0.10117409231811259,-0.06517854066221318,0.09300632154353838
Divehi,wikipedia,trigram,Indo-European,2.028140684017564,-0.08708641472055878,-0.6033428078126111,-0.6355694054653397,-0.7021420560190546
Catalan,wikipedia,unigram,Indo-European,-0.2500476456222822,-0.02844274363024324,-0.22453545607360903,-0.3401201831505416,0.8431460284766756
Catalan,wikipedia,trigram,Indo-European,1.3917570490271245,0.08635832970844137,-0.6380534205304831,-0.5010030805556804,-0.3390588776494019
Walloon,wikipedia,unigram,NA,-0.3048228816429157,-0.0664296756453231,-0.2130917930131062,-0.13146731324553107,0.715811663546877
Walloon,wikipedia,trigram,NA,1.1766952614123378,-0.3909720452882197,-0.36904109835124554,-0.33493149390552945,-0.08175062386734355
Yiddish,wikipedia,unigram,NA,-0.3866368881122497,0.012864909663109714,-0.24139763702329553,-0.1380586840384339,0.7532282995108699
Yiddish,wikipedia,trigram,NA,1.0938369626159825,0.04845843783563719,-0.454605342649931,-0.3810104632635316,-0.3066795945381575
Maltese,wikipedia,unigram,Afro-Asiatic,0.073058104646881,-0.23652020928286888,-0.29402408064692764,-0.10619985463298631,0.5636860399159014
Maltese,wikipedia,trigram,Afro-Asiatic,1.7947993847502992,-0.47896817491104904,-0.46679942633458227,-0.4449102514304544,-0.4041215320742131
Romansh,wikipedia,unigram,Indo-European,-0.3371105557134575,-0.034364083573954485,-0.2111236994251624,-0.32850982420428876,0.911108162916864
Romansh,wikipedia,trigram,Indo-European,1.061718849456542,-0.0015519425803172116,-0.36333899561841454,-0.5166113467946023,-0.18021656446320744
Bavarian,wikipedia,unigram,Indo-European,-0.2981645316513535,-0.08992298765033357,-0.03486587773876604,0.023293961678042763,0.3996594353624108
Bavarian,wikipedia,trigram,Indo-European,1.3668373422319688,0.35550123250838794,-0.6776011905832932,-0.4739363903632132,-0.5708009937938505
Faroese,wikipedia,unigram,Indo-European,0.0926079584749182,-0.26056005441335417,-0.22350923843665083,-0.2092091788954651,0.600670513270551
Faroese,wikipedia,trigram,Indo-European,1.784739309653233,-0.22361225451996813,-0.5715475890255735,-0.5268503299408143,-0.46272913616687705
Ripuarian,wikipedia,unigram,Indo-European,-0.38993714575079297,-0.2522647733672523,-0.11712539123054633,0.14615028965627452,0.613177020692317
Ripuarian,wikipedia,trigram,Indo-European,1.1885561471035924,0.21073383114625766,-0.475635832787316,-0.5077021250029454,-0.4159520204595888
Luxembourgish,wikipedia,unigram,Indo-European,-0.20772207743375848,-0.06292405687077807,-0.20586751789004643,-0.00945887508758192,0.48597252728216445
Luxembourgish,wikipedia,trigram,Indo-European,1.358646577542656,0.03690005140228547,-0.4496403916969067,-0.407040993544201,-0.5388652437038333
Limburgish,wikipedia,unigram,NA,-0.6143299372662372,-0.19440889033733288,-0.11380740250609911,0.008720355722888318,0.9138258743867809
Limburgish,wikipedia,trigram,NA,0.8638640010610388,-0.392691862784063,-0.229177310910732,-0.15149306530093853,-0.09050176206530569
Scots,wikipedia,unigram,NA,-0.015668403028619604,-0.16914374605024607,-0.13766839891697957,-0.13263598194130521,0.4551165299371509
Scots,wikipedia,trigram,NA,1.4178789381149142,0.007157324693680911,-0.5712022556608034,-0.40115745329330665,-0.45267655385448546
Zeelandic,wikipedia,unigram,Indo-European,0.006448935875589701,-0.6956527731153592,-0.1962144461144737,0.1679290156745421,0.7174892676797011
Zeelandic,wikipedia,trigram,Indo-European,1.1698950031958317,-0.5525220611218257,-0.36807259039697937,-0.029374822604401718,-0.21992552907262541
Aragonese,wikipedia,unigram,NA,-0.13514346332503413,-0.3840847613298841,-0.2717105426391253,-0.16660153976516368,0.9575403070592072
Aragonese,wikipedia,trigram,NA,1.3117086135069609,-0.35544794687879233,-0.3082396996551604,-0.5060486634793917,-0.14197230349361623
Asturian,wikipedia,unigram,Indo-European,-0.026099046985300856,-0.15395762740135366,-0.23631384710686154,-0.34306964963443987,0.759440171127955
Asturian,wikipedia,trigram,Indo-European,1.5506261240259769,0.048295569048828035,-0.6626375879796589,-0.5246211031007144,-0.41166300199443207
Emilian-Romagnol,wikipedia,unigram,Indo-European,-0.5382281189293594,-0.1250985111799534,-0.37812935482300647,-0.05668469545984989,1.0981406803921683
Emilian-Romagnol,wikipedia,trigram,Indo-European,0.9167271727422497,-0.12008182820621616,-0.5142796481335277,-0.245930563390514,-0.036435133011992304
Extremaduran,wikipedia,unigram,NA,-0.2963651703276118,-0.14934054595932356,-0.061058085875368207,-0.29856382921006963,0.8053276313723741
Extremaduran,wikipedia,trigram,NA,1.2513951910949566,0.11767424978409169,-0.43651607381834756,-0.5811198703314349,-0.3514334967292658
Franco-Provençal,wikipedia,unigram,NA,0.030274417934537556,-0.34249212842047694,-0.026312334015667016,-0.35406422678200355,0.6925942712836091
Franco-Provençal,wikipedia,trigram,NA,1.3977107119907115,-0.06254242732148896,-0.43300949737128247,-0.6301899768058953,-0.2719688104920446
Friulian,wikipedia,unigram,NA,-0.2223645185532508,0.07544678466848875,-0.41501974244184936,-0.20033479226736928,0.7622722685939802
Friulian,wikipedia,trigram,NA,1.2189695553422089,0.06129521163801388,-0.5052609645613506,-0.4141966997472184,-0.36080710267165417
Ladino,wikipedia,unigram,Indo-European,-0.20195665543421892,-0.1078316911004138,-0.09694510611942064,-0.4701795925190977,0.8769130451731519
Ladino,wikipedia,trigram,Indo-European,1.300947975406043,-0.4117357722739554,-0.3612998520989783,-0.3071325903139839,-0.2207797607191253
Lombard,wikipedia,unigram,NA,-0.019823099135595434,-0.44416287329716164,-0.12725252669142995,-0.38822025565040263,0.9794587547745892
Lombard,wikipedia,trigram,NA,1.369322902978349,-0.5474187111306245,-0.42574016152966077,-0.3254686477475992,-0.07069538257046504
Mirandese,wikipedia,unigram,NA,-0.17098479439339842,0.015829155296993136,-0.24333504396984118,-0.41693789705885775,0.8154285801251051
Mirandese,wikipedia,trigram,NA,1.1535493006704403,0.007251669426093343,-0.5527024661705848,-0.422359967680759,-0.1857385362451902
Neapolitan,wikipedia,unigram,Indo-European,0.5466344577883189,-0.12378150768410423,-0.8130629362892026,-0.5597454630441598,0.9499554492291487
Neapolitan,wikipedia,trigram,Indo-European,1.7939901856347769,-0.8771835437629505,-0.6660948213856004,-0.4694813279417034,0.21876950745547696
Occitan,wikipedia,unigram,Indo-European,-0.035730102714900625,-0.16992456172455084,-0.23570878859430344,-0.5143012375017921,0.9556646905355466
Occitan,wikipedia,trigram,Indo-European,1.4246950218443475,-0.06324689565970187,-0.6112504126346079,-0.47593620095238975,-0.2742615125976484
Picard,wikipedia,unigram,NA,0.21510037575326635,-0.08934536574318797,-0.19102549451157103,-0.39073396269722416,0.4560044471987159
Picard,wikipedia,trigram,NA,1.6775341157420405,-0.12087393524479428,-0.4249379386727199,-0.6801107796297271,-0.4516114621947991
Sardinian,wikipedia,unigram,NA,-0.09566559112539208,-0.17979251236380156,-0.2545506736946561,-0.43055059746230384,0.9605593746461532
Sardinian,wikipedia,trigram,NA,1.2748516321362027,-0.15409411312347565,-0.5737469577234233,-0.41473931443515544,-0.13227124685414782
Sicilian,wikipedia,unigram,NA,-0.03636215888825545,-0.43629668774119157,-0.07091801380717122,-0.2119810310389454,0.7555578914755645
Sicilian,wikipedia,trigram,NA,1.4612632621404595,0.0958170525501778,-0.4643850132512579,-0.7307483388228336,-0.36194696261654613
Venetian,wikipedia,unigram,NA,-0.4200228957189056,0.028909297905744147,-0.37315075650664165,-0.1828188391458716,0.9470831934656752
Venetian,wikipedia,trigram,NA,0.9823989923002545,-0.3648053695545881,-0.29632497492673626,-0.21860836215995993,-0.10266028565896979
Czech,wikipedia,unigram,Indo-European,-0.2211210115583655,-0.08422130466402544,-0.18783897132682537,-0.0524609744868596,0.5456422620360772
Czech,wikipedia,trigram,Indo-European,2.0862696348835996,0.029185830789754785,-0.6593418378903775,-0.6907118646492688,-0.7654017631337081
Rusyn,wikipedia,unigram,NA,0.03649883943216192,-0.32590871754924056,-0.09976379411337577,0.014971754018446415,0.37420191821200843
Rusyn,wikipedia,trigram,NA,2.025778890595629,-0.13999872235963218,-0.6020075063776555,-0.5100993490888539,-0.7736733127694871
Slovenian,wikipedia,unigram,Indo-European,0.06954906487603285,-0.23590032043720788,-0.3182310960546628,-0.07381569321736414,0.5583980448332007
Slovenian,wikipedia,trigram,Indo-European,2.1050246714564804,-0.10505815644879068,-0.6114328459422607,-0.6558012119002917,-0.7327324571651368
Uzbek,wikipedia,unigram,NA,0.22451747792587096,-0.06200083625341435,0.07181703485955993,0.18995593176089365,-0.4242896082929093
Uzbek,wikipedia,trigram,NA,2.266171086444233,-0.12647685489840965,-0.5371328872172298,-0.6187659571638517,-0.9837953871647418
Amharic,wikipedia,unigram,Afro-Asiatic,0.40859687697741665,0.17007184273901954,0.12276494516524838,0.013332228981802086,-0.7147658938634862
Amharic,wikipedia,trigram,Afro-Asiatic,2.4014092161515412,-0.13555232797202854,-0.6277347808213832,-0.7513237662636466,-0.8867983410944829
Zazaki,wikipedia,unigram,NA,0.4514648947348805,-0.29934769363188973,-0.23273984783792212,-0.15865424360499691,0.23927689033992827
Zazaki,wikipedia,trigram,NA,2.2249043415691867,-0.58950425191693,-0.5093535593389742,-0.5799450279766052,-0.5461015023366771
Gilaki,wikipedia,unigram,Indo-European,0.39694824347785573,0.10493401838996697,-0.5112064518100343,-0.14887090588785856,0.15819509583007108
Gilaki,wikipedia,trigram,Indo-European,2.2557785843760167,-0.3666783350642414,-0.7282024757092542,-0.6156906198059305,-0.5452071537965908
Mazandarani,wikipedia,unigram,Indo-European,0.2734002006427394,0.028424796528300877,-0.2960365450509448,-0.0907917754881522,0.08500332336805672
Mazandarani,wikipedia,trigram,Indo-European,1.6832017783799935,-0.026059788622234903,-0.5880852745892025,-0.32151586057424075,-0.7475408545943153
Ossetian,wikipedia,unigram,Indo-European,0.46027572294767394,-0.28570951559724156,-0.21466175406862176,-0.072564756134748,0.11266030285293649
Ossetian,wikipedia,trigram,Indo-European,2.321738375451009,-0.5337649715079809,-0.5052885052236935,-0.5860992017706848,-0.6965856969486498
Pashto,wikipedia,unigram,NA,-0.18240832769899562,0.10473486819909628,-0.08698732986326974,0.25952653034324324,-0.09486574098007505
Pashto,wikipedia,trigram,NA,1.4769013067324055,0.1835220365782,-0.5065523833335648,-0.4241489894870545,-0.729721970489986
Komi,wikipedia,unigram,NA,0.4074215806639363,-0.03417177946500205,-0.34125623228082036,-0.1173540897401395,0.08536052082202605
Komi,wikipedia,trigram,NA,2.3252817820297675,-0.3987264187030124,-0.6256345434632862,-0.543840633834441,-0.7570801860290282
Vepsian,wikipedia,unigram,Uralic,0.12336415704457426,-0.029569039444465428,-0.2884645832846666,-0.05363427264626974,0.24830373833082753
Vepsian,wikipedia,trigram,Uralic,1.5613065384953246,-0.06165951547475146,-0.511424769980378,-0.38015269131315543,-0.6080695617270396
Erzya,wikipedia,unigram,Uralic,0.3101703412517316,-0.14576451289959902,-8.107734936237954e-4,0.16200374471373813,-0.32559879957224647
Erzya,wikipedia,trigram,Uralic,2.1573868779767347,-0.3592703593091011,-0.5639979790561729,-0.45780964580923333,-0.7763088938022276
Konkani,wikipedia,unigram,NA,0.09217023930237644,-0.11932588112839948,-0.03123219591186288,-0.013407927086211302,0.07179576482409544
Konkani,wikipedia,trigram,NA,2.1909146156767827,-0.11374120099829299,-0.6835002091063205,-0.6120997437325809,-0.7815734618395882
Odia,wikipedia,unigram,NA,0.25357958647529033,-0.09410194082443812,0.21378894736161014,0.08408766357143493,-0.4573542565838973
Odia,wikipedia,trigram,NA,1.9329695984149309,0.015379594601643287,-0.6715922427366402,-0.5102453786152148,-0.7665115716647192
Maithili,wikipedia,unigram,Indo-European,0.5558304962900178,-0.38105307910439956,-0.03721997950733247,0.12209180813235498,-0.25964924581064075
Maithili,wikipedia,trigram,Indo-European,2.2759268561718144,-0.7083373093722035,-0.5939016133352005,-0.5450468536964124,-0.4286410797679986
Sanskrit,wikipedia,unigram,NA,0.49556142872588715,-0.08827918925673162,0.12703781567902173,-0.07108626268998641,-0.4632337924581895
Sanskrit,wikipedia,trigram,NA,2.375599759472246,-0.6769840566479917,-0.6215251385297094,-0.47758212761972296,-0.5995084366748217
Sindhi,wikipedia,unigram,Indo-European,0.2667852862362423,0.03700089931246797,0.009757278652954504,0.1617695695616166,-0.4753130337632814
Sindhi,wikipedia,trigram,Indo-European,1.7208957429636864,-0.07608114459751558,-0.46920098698863066,-0.41556344554855995,-0.7600501658289803
Sinhalese,wikipedia,unigram,Indo-European,0.1251338740818353,0.04664052012648767,-0.044837819071981144,0.0475906162703188,-0.17452719140666106
Sinhalese,wikipedia,trigram,Indo-European,2.0036806369585123,0.11472447371850247,-0.6535843596456827,-0.688632474320741,-0.776188276710591
Esperanto,wikipedia,unigram,NA,-0.3627724497238045,-0.012207929805764905,-0.17564225309043424,-0.28467163164406406,0.8352942642640682
Esperanto,wikipedia,trigram,NA,1.3914416350325174,0.17150151225013865,-0.6496036518155273,-0.5112011354048662,-0.402138360062263
Ido,wikipedia,unigram,NA,-0.48475000957768355,0.2541981826199775,-0.3438220658675992,-0.12747726329307163,0.701851156118376
Ido,wikipedia,trigram,NA,1.3588259425957527,-0.6955899077771152,-0.37615026451934885,-0.2089351605505274,-0.07815060974876098
Lithuanian,wikipedia,unigram,Indo-European,0.08842162348681182,-0.1613534747221883,-0.1346939046680382,0.019055673551064523,0.18857008235235106
Lithuanian,wikipedia,trigram,Indo-European,2.4317403826443647,-0.05078147591043547,-0.7860370114755365,-0.6807367205468975,-0.9141851747114956
Latvian,wikipedia,unigram,Indo-European,-0.03448401758064401,-0.21263815027249056,-0.12366084067416772,-9.488438463947091e-4,0.37173185237369744
Latvian,wikipedia,trigram,Indo-European,1.5397061236344611,-0.05348322617221424,-0.5639586529742671,-0.44822207002087544,-0.4740421744671053
Kannada,wikipedia,unigram,Dravidian,-0.16079869709876338,-0.2687227375359438,-0.09090086654956586,0.10107169133688299,0.41935060984739003
Kannada,wikipedia,trigram,Dravidian,2.5015821370951272,0.11512775590956115,-0.8292069053333864,-0.8646224833397742,-0.9228805043315274
Malayalam,wikipedia,unigram,Dravidian,0.24697468744561224,-0.06475099178294474,-0.1916906239049867,-0.0677367337415955,0.0772036619839156
Malayalam,wikipedia,trigram,Dravidian,3.0505049750288054,-0.23350681895610048,-0.9447668931708981,-0.9022696770810857,-0.9699615858207209
Breton,wikipedia,unigram,Indo-European,0.166593883739782,-0.3798750234262238,-0.24781451635027985,-0.21893766707846218,0.6800333231151838
Breton,wikipedia,trigram,Indo-European,1.6506654455407455,-0.5406810411378689,-0.37695926328275897,-0.3403614993689348,-0.3926636417511824
Irish,wikipedia,unigram,Indo-European,-0.22603513460567948,-0.07748223277134825,-0.19444153022249067,-0.16138842798463138,0.6593473255841502
Irish,wikipedia,trigram,Indo-European,1.0739279411714115,-0.3275091242982333,-0.2797256043733287,-0.24935391168306875,-0.2173393008167812
Manx,wikipedia,unigram,Indo-European,-0.533951265976945,0.09093594805074767,-0.05951994438602082,-0.0032868868614621682,0.5058221491736794
Manx,wikipedia,trigram,Indo-European,0.7321008728273486,-0.38136661572926023,-0.10542029041446188,-0.07274984620219782,-0.172564120481429
Burmese,wikipedia,unigram,Sino-Tibetan,0.6905071256602238,-0.16736037396666337,0.21419591423027384,-0.6040386658660757,-0.1333040000577581
Burmese,wikipedia,trigram,Sino-Tibetan,2.343898330151574,-0.3615428137309886,-0.5182788866951478,-0.8414288222478018,-0.6226478074776356
Mingrelian,wikipedia,unigram,Kartvelian,0.2234626832057116,-0.30101350052017173,-0.12196688187872429,-0.0545854987707437,0.254103197963929
Mingrelian,wikipedia,trigram,Kartvelian,2.1755394446684306,-0.3337077173992684,-0.6301354055513695,-0.47036523797129726,-0.7413310837464956
Lao,wikipedia,unigram,Tai-Kadai,0.364342085955804,-0.23155564562620556,-0.12180078220896373,-0.04931492350198141,0.038329265381348065
Lao,wikipedia,trigram,Tai-Kadai,2.5276833643267413,-0.3830205985795032,-0.7691325746611266,-0.6654522245974053,-0.7100779664887061
Thai,wikipedia,unigram,Tai-Kadai,0.29332880427736807,0.1872356311572725,0.42085008957531134,0.0017417958519061472,-0.9031563208618576
Thai,wikipedia,trigram,Tai-Kadai,2.424109432018247,0.10627887001387437,-0.8412242428585621,-0.8754340072590276,-0.8137300519145317
Lezgian,wikipedia,unigram,Nakh-Daghestanian,0.29072214627488924,-0.13896851308507907,-0.06250832749794677,0.1712539224187153,-0.2604992281105787
Lezgian,wikipedia,trigram,Nakh-Daghestanian,2.072704699625815,-0.3269198804909894,-0.572393482438454,-0.46280074774820745,-0.7105905889481646
Malagasy,wikipedia,unigram,NA,0.5691805495612927,-0.629299795814549,-0.33264182517890806,-0.07369395782775578,0.4664550292599192
Malagasy,wikipedia,trigram,NA,1.5321666369971014,-0.6766858522312541,0.41180262105268883,-0.8883994076035249,-0.37888399821501184
Papiamentu,wikipedia,unigram,other,-0.002737247543773247,-0.30014829365038365,-0.16160522239913133,-0.30216165980833143,0.7666524234016201
Papiamentu,wikipedia,trigram,other,1.3348868067037751,-0.33873096473527653,-0.31101132847276647,-0.4443527517217425,-0.2407917617739892
Albanian,wikipedia,unigram,NA,0.26105411903513565,-0.17295393493080002,-0.273217947570513,-0.6028953199473399,0.7880130834135182
Albanian,wikipedia,trigram,NA,1.6964473219521365,-0.5351408067168801,-0.4472612681322379,-0.41996076448007225,-0.2940844826229463
Luganda,wikipedia,unigram,Niger-Congo,0.06259329122980573,-0.08872733714637437,-0.180241084231211,-0.01919472856875437,0.225569858716534
Luganda,wikipedia,trigram,Niger-Congo,1.8024666950939316,-0.18462786913237705,-0.5594580949327492,-0.6056812215802168,-0.4526995094485886
Swahili,wikipedia,unigram,NA,0.26280100690393615,-0.2503582275956995,-0.11238440107311876,-0.41615104543631,0.5160926672011921
Swahili,wikipedia,trigram,NA,1.800608967031862,-0.6008520292494148,-0.4710966865329207,-0.4335463413992,-0.2951139098503264
Tswana,wikipedia,unigram,Niger-Congo,0.049348151911331684,-0.245107272907243,-0.31529341772172703,-0.16365889386879529,0.6747114325864336
Tswana,wikipedia,trigram,Niger-Congo,1.4735966137674796,-0.4231150157430712,-0.38844304603250857,-0.3711803481384508,-0.29085820385344885
Tsonga,wikipedia,unigram,Niger-Congo,0.07243207500845417,-0.2597958494089285,0.010474786452562945,-0.2074245866700717,0.38431357461798354
Tsonga,wikipedia,trigram,Niger-Congo,1.603038412700587,-0.39264047509989475,-0.3534437429667052,-0.5348933970063753,-0.32206079762761197
Buryat,wikipedia,unigram,NA,0.21611220712167833,-0.10790717598684507,0.011473396710544925,0.1910573984671271,-0.3107358263125062
Buryat,wikipedia,trigram,NA,2.0942194007805472,-0.3440029610344364,-0.5679638837664804,-0.47502953906728007,-0.7072230169123506
Samoan,wikipedia,unigram,Austronesian,-0.4898665089742864,-0.2234199680580895,0.04540280864113777,-0.2356283736314917,0.9035120420227298
Samoan,wikipedia,trigram,Austronesian,0.5582211131056081,-0.18871458357653093,-0.07918917300659367,-0.341009819947267,0.050692463424783174
Tongan,wikipedia,unigram,Austronesian,-0.3572626487674784,-0.1331155314750676,-0.03782706537702607,0.020830196101275344,0.5073750495182976
Tongan,wikipedia,trigram,Austronesian,0.9085355906059194,-0.3863703178038971,-0.14405465611738566,-0.07298894687634383,-0.30512166980829236
Nahuatl,wikipedia,unigram,Uto-Aztecan,0.026895912204734973,-0.27200286664666473,-0.1183466037062666,-0.09218356576583098,0.45563712391402733
Nahuatl,wikipedia,trigram,Uto-Aztecan,1.7337995615160606,-0.08964409710452736,-0.4688940115917797,-0.6362692088666774,-0.5389922439530763
Somali,wikipedia,unigram,Afro-Asiatic,0.2751803327742195,-0.35112367240725373,-0.1955575218546297,-0.043493753925589296,0.31499461541325413
Somali,wikipedia,trigram,Afro-Asiatic,2.001671662602906,-0.5404517179993468,-0.4380858663379441,-0.5373137747582342,-0.48582030350738026
Aymara,wikipedia,unigram,NA,0.4573802797844788,-0.4097453936681825,0.02825272969238979,-0.3045425764850811,0.22865496067639413
Aymara,wikipedia,trigram,NA,1.9063889463017922,-0.6326183970893208,-0.1996822026157874,-0.48162975997314783,-0.5924585866235365
Guarani,wikipedia,unigram,NA,0.26412602926259243,-0.4175462867376303,-0.17741918262769385,0.13200886298460235,0.19883057711812846
Guarani,wikipedia,trigram,NA,1.8415733641760916,-0.5444260302053172,-0.4866811306631347,-0.22735527266950117,-0.5831109306381382
Kabyle,wikipedia,unigram,Afro-Asiatic,0.3447022668695916,-0.25214876379272777,-0.15341082459513355,-0.4766838869848944,0.537541208503165
Kabyle,wikipedia,trigram,Afro-Asiatic,1.8869797964886414,-0.5485818546914086,-0.5155936137860525,-0.4555389444785203,-0.36726538353266025
Hausa,wikipedia,unigram,Afro-Asiatic,0.23083253400478343,-0.3911848504290041,-0.1060239785809367,-0.028370684088345755,0.2947469790935022
Hausa,wikipedia,trigram,Afro-Asiatic,1.744717808604685,-0.5589294533325978,-0.45684625804551215,-0.40069821075013623,-0.3282438864764383
Tetum,wikipedia,unigram,Austronesian,0.18137969641021723,-0.38877198372240196,-0.11833097643835133,0.0017300339968828737,0.3239932297536532
Tetum,wikipedia,trigram,Austronesian,1.5933243951785587,-0.10074458582218981,-0.4644082286866119,-0.6974361952612852,-0.33073538540847136
Tulu,wikipedia,unigram,Dravidian,0.03862020104133457,-0.12431577164006935,-0.029764965182096148,0.11535583011043027,1.0470567039888579e-4
Tulu,wikipedia,trigram,Dravidian,2.192456290647317,-0.1545381177568952,-0.6496296970609716,-0.6843918471735202,-0.7038966286559303
Kabiye,wikipedia,unigram,Niger-Congo,0.3300564480634063,-0.06318307691873093,-0.16433239048898285,0.10390754169318672,-0.20644852234887923
Kabiye,wikipedia,trigram,Niger-Congo,1.6459904005289303,-0.32471355898931487,-0.45974901245507205,-0.35932993186538154,-0.5021978972191615
Maori,wikipedia,unigram,Austronesian,-0.49495814300500385,0.3296819838856315,-0.3984520824536313,-0.012600378053916117,0.5763286196269193
Maori,wikipedia,trigram,Austronesian,0.6320164250740011,-0.19385693632026124,-0.047242889777635244,-0.4887864813111572,0.09786988233505267
Nepali,wikipedia,unigram,Indo-European,0.8116435101009891,0.037652658056742894,-0.27063990174439745,-0.5187617639212445,-0.05989450249208961
Nepali,wikipedia,trigram,Indo-European,2.461606452697987,-0.4444531121294968,-0.6626847464000456,-0.8610007619622001,-0.4934678322062448
Mongolian,wikipedia,unigram,NA,0.2755512080065339,-0.06443974524509954,-0.08831649245801154,0.08624174599542389,-0.2090367162988458
Mongolian,wikipedia,trigram,NA,2.0718772828673395,-0.21418322208544516,-0.555771309522149,-0.6103716147771514,-0.6915511364825941
Hindi,wikipedia,unigram,Indo-European,0.24395816048699315,0.020645874830677258,-0.1420126341042054,0.0771560918342451,-0.19974749304770922
Hindi,wikipedia,trigram,Indo-European,1.9842097453568965,0.019989674807787905,-0.746686640952216,-0.6624972272334181,-0.5950155519790505
Danish,wikipedia,unigram,Indo-European,-0.05878934295175808,-0.2724385129161577,-0.10491628087663774,-0.36319230854285234,0.7993364452874059
Danish,wikipedia,trigram,Indo-European,1.8134148906654515,-0.4773799510131329,-0.45670037671666064,-0.4543184031658014,-0.4250161597698563
Hebrew,wikipedia,unigram,Afro-Asiatic,0.0014867636091295822,-0.13349394451299101,-0.19451586476656724,0.012272873054013367,0.31425017261641663
Hebrew,wikipedia,trigram,Afro-Asiatic,2.3594627655420237,-0.0679968500814101,-0.6988879667700639,-0.7617822406963547,-0.830795707994195
Indonesian,wikipedia,unigram,Austronesian,0.08872929222919712,-0.06373261495309279,-0.24757977625685967,-0.1388789094828513,0.36146200846360577
Indonesian,wikipedia,trigram,Austronesian,1.9457095153411839,-0.05628019160159781,-0.721647589941778,-0.550924351527396,-0.6168573822704118
Serbian,wikipedia,unigram,NA,0.07173454338644447,-0.291817776823335,-0.18968203970359943,-0.02530358182597059,0.43506885496645875
Serbian,wikipedia,trigram,NA,2.3103176905076466,-0.15839267177093785,-0.6592052096768712,-0.7267383002711406,-0.7659815087886966
Ukrainian,wikipedia,unigram,Indo-European,0.09899096016565334,-0.05530876023313791,-0.25712307709734805,-0.11584851401587137,0.3292893911807049
Ukrainian,wikipedia,trigram,Indo-European,2.3549566438217706,0.00836217541173867,-0.7138435744442543,-0.7907066331758797,-0.858768611613375
Russian,wikipedia,unigram,Indo-European,0.019704036332433006,-0.08591023162832157,-0.18346528607618362,-0.07002116261964186,0.31969264399171404
Russian,wikipedia,trigram,Indo-European,2.3139070268049453,0.052058669896063,-0.7238480556605068,-0.7725393026367888,-0.8695783384037121
German,wikipedia,unigram,Indo-European,-0.39593799886471226,0.012265122459245603,-0.22187697378177873,0.09804072009301912,0.5075091300942272
German,wikipedia,trigram,Indo-European,1.5428073372684132,0.38859745587501093,-0.5636037970317119,-0.6441950149764514,-0.7236059811352604
Japanese,wikipedia,unigram,Japanese,0.3484777983554723,0.18693280346317565,0.023823960674439704,-0.15898119426133928,-0.4002533682317466
Japanese,wikipedia,trigram,Japanese,2.891912825222748,-0.33615448693953764,-0.9132819170351392,-0.8588520499320969,-0.7836243713159738
Arabic,wikipedia,unigram,Afro-Asiatic,-0.42962446620087924,-0.04435115875202289,-0.013000241964483017,0.1043443118884797,0.38263155502890633
Arabic,wikipedia,trigram,Afro-Asiatic,1.9445201601481932,-0.08195565254443182,-0.635641961278886,-0.46054606305541024,-0.7663764832694647
English,wikipedia,unigram,NA,-0.3088063783373354,0.05141129202510042,-0.1660622530247906,-0.0818234541244629,0.5052807934614894
English,wikipedia,trigram,NA,1.224140888418455,0.31018569764528126,-0.5098859895201195,-0.5982601727602983,-0.4261804237833189
Chinese,wikipedia,unigram,Sino-Tibetan,0.3799745900861504,-0.3357679123424928,-0.12201956239128808,-0.007016085048063836,0.0848289696956952
Chinese,wikipedia,trigram,Sino-Tibetan,3.4392715337320987,-0.9086862382560976,-0.8516736673395644,-0.8908299866823921,-0.7880816414540444
Spanish,wikipedia,unigram,Indo-European,-0.4478423723331453,0.056316545366977167,-0.3080917021025176,-0.19915185855797235,0.8987693876266585
