sentence_length,word_position,H
1,1,5.943733678189239
2,1,7.077364869019986
2,2,7.726022350421553
3,1,6.682144978744498
3,2,6.736148547023426
3,3,8.04266742269339
4,1,6.394990228224615
4,2,6.725562351369209
4,3,6.685519784248609
4,4,8.234432216400366
5,1,6.084591781193372
5,2,6.716868568963914
5,3,6.73341927877032
5,4,6.830643561773445
5,5,8.196401698946833
6,1,5.922995559574933
6,2,6.644447271130969
6,3,6.822499455689869
6,4,6.87348996151565
6,5,6.72274116682475
6,6,8.208891778192319
7,1,5.782636719950418
7,2,6.636475223588577
7,3,6.705446500473635
7,4,6.988314332979572
7,5,6.818329460635138
7,6,6.655913924035493
7,7,8.258036731987474
8,1,5.715092625150586
8,2,6.690675707330389
8,3,6.71582636485382
8,4,6.946621080208738
8,5,7.0074320867799305
8,6,6.812274334690574
8,7,6.675409060085418
8,8,8.324937760426286
9,1,5.662568865120751
9,2,6.760128149365835
9,3,6.766584749350822
9,4,6.9306639359773135
9,5,6.954002477482951
9,6,7.031337660656589
9,7,6.827307356678326
9,8,6.679682396966927
9,9,8.389745177248107
10,1,5.6379160131054205
10,2,6.829897566367052
10,3,6.806866560387859
10,4,6.986322023439068
10,5,6.968308709082163
10,6,6.969088326099127
10,7,7.048905860459238
10,8,6.820415951441809
10,9,6.683766175484962
10,10,8.45543030520729
11,1,5.644526278637138
11,2,6.878473965787206
11,3,6.86104050406183
11,4,7.012962853986454
11,5,7.038108265651012
11,6,6.984873535074154
11,7,7.0252941089298835
11,8,7.088632197440123
11,9,6.808323021071711
11,10,6.714588588716924
11,11,8.521716860248747
12,1,5.635073197800473
12,2,6.9459655600172745
12,3,6.916164760307967
12,4,7.035884351857371
12,5,7.0604341871905
12,6,7.065258331591937
12,7,7.039537696946384
12,8,7.042980103978307
12,9,7.109663615244867
12,10,6.824730326055479
12,11,6.746364917259677
12,12,8.575978286674879
13,1,5.620243497205566
13,2,7.002915190465591
13,3,6.9476722255481445
13,4,7.066666417150848
13,5,7.0752710460411485
13,6,7.081283033522198
13,7,7.08238609947141
13,8,7.051950891942686
13,9,7.068617036477746
13,10,7.129889584806542
13,11,6.808273114970443
13,12,6.780530795842368
13,13,8.619038619956171
14,1,5.625827257105874
14,2,7.032735995334406
14,3,6.9856798462458745
14,4,7.083278925507345
14,5,7.115844143271177
14,6,7.100174635591674
14,7,7.113075259546025
14,8,7.0761169981002805
14,9,7.050688756439047
14,10,7.077658646079246
14,11,7.139103428389142
14,12,6.792404306776872
14,13,6.790967823017371
14,14,8.631884919710004
15,1,5.609439041446269
15,2,7.074913197946649
15,3,7.005120954850137
15,4,7.094960090512901
15,5,7.1291034312133394
15,6,7.121745772255355
15,7,7.134561574707499
15,8,7.117909629079747
15,9,7.0962344262444
15,10,7.065435018261611
15,11,7.107447528306896
15,12,7.139781386303584
15,13,6.7955671441613354
15,14,6.811655686950654
15,15,8.669820274397905
16,1,5.606895638818625
16,2,7.105524285810645
16,3,7.021298683565802
16,4,7.095078744349381
16,5,7.1308486273330605
16,6,7.118905868925053
16,7,7.138437751360838
16,8,7.142936769211213
16,9,7.129859175263318
16,10,7.08994717569244
16,11,7.061620105204584
16,12,7.096683397256295
16,13,7.168101290544346
16,14,6.798041841130175
16,15,6.802480155067924
16,16,8.685554335880507
17,1,5.595656949943624
17,2,7.114800445749328
17,3,7.046313387146712
17,4,7.102280048162877
17,5,7.135665044458975
17,6,7.146026367143955
17,7,7.158484586227244
17,8,7.1507017865804166
17,9,7.12837393013
17,10,7.122476865325879
17,11,7.110807085372175
17,12,7.074444839813589
17,13,7.095170130496103
17,14,7.159885124958142
17,15,6.788038250374268
17,16,6.8213434086424485
17,17,8.690025406323942
18,1,5.596576029963369
18,2,7.129319598778354
18,3,7.061864152384038
18,4,7.113385659278684
18,5,7.14315400559886
18,6,7.150128565468588
18,7,7.158140263146718
18,8,7.15906594121274
18,9,7.131255389692283
18,10,7.136358357048086
18,11,7.116420786838683
18,12,7.121377281444298
18,13,7.06184661992333
18,14,7.099949124622243
18,15,7.171948871235822
18,16,6.770585701524655
18,17,6.8162794949595105
18,18,8.70423403608832
19,1,5.580303223982466
19,2,7.151703219765991
19,3,7.062976102187665
19,4,7.1359829325599975
19,5,7.135031306238298
19,6,7.150686525985421
19,7,7.160131594848676
19,8,7.161345766752787
19,9,7.154154783444328
19,10,7.14514307127679
19,11,7.122061587628981
19,12,7.117532246921372
19,13,7.115058030056198
19,14,7.054548352851936
19,15,7.112764172608425
19,16,7.1591957066402445
19,17,6.776813096908648
19,18,6.821111189889667
19,19,8.697363592714606
20,1,5.57416745782802
20,2,7.165772426299436
20,3,7.0781326540641105
20,4,7.121129732190281
20,5,7.154134455697329
20,6,7.148687994417508
20,7,7.180361291172822
20,8,7.1436578942734394
20,9,7.159277707766823
20,10,7.148119756161035
20,11,7.133441912758431
20,12,7.12342521353041
20,13,7.10790992239562
20,14,7.1200034544378505
20,15,7.054931662065983
20,16,7.095706998094263
20,17,7.169021537143219
20,18,6.75063542920852
20,19,6.841447759624445
20,20,8.710670672550881
21,1,5.54243571968112
21,2,7.161876974116393
21,3,7.07297937406806
21,4,7.112361090537578
21,5,7.16219859874792
21,6,7.144927125983054
21,7,7.169895074693494
21,8,7.152199349168554
21,9,7.142778112887131
21,10,7.16536106638843
21,11,7.133516319175094
21,12,7.126940407976999
21,13,7.116368432532678
21,14,7.108860977769528
21,15,7.098246341674759
21,16,7.052334655408935
21,17,7.100022036109782
21,18,7.160138884904431
21,19,6.744093976725519
21,20,6.845099059687919
21,21,8.706349593814563
22,1,5.548878897945283
22,2,7.15855386563941
22,3,7.093579370012703
22,4,7.113641044011696
22,5,7.146277053243612
22,6,7.149521247122163
22,7,7.1672222747109675
22,8,7.163033895439146
22,9,7.158424281199536
22,10,7.1567317747687795
22,11,7.146237130904095
22,12,7.124693203394302
22,13,7.126206965217425
22,14,7.111022166126093
22,15,7.119261870697426
22,16,7.097192521674105
22,17,7.051633928724175
22,18,7.107637357333453
22,19,7.162425381479778
22,20,6.740618975730927
22,21,6.838127293665676
22,22,8.699874537135807
23,1,5.543537405651239
23,2,7.146866750586657
23,3,7.0841411774507375
23,4,7.108036277873909
23,5,7.150914642013313
23,6,7.1338358529801145
23,7,7.157220500500268
23,8,7.1541247747947505
23,9,7.165498404978367
23,10,7.153799271764993
23,11,7.1448404247261275
23,12,7.118134638395461
23,13,7.109665524965341
23,14,7.1060112865039455
23,15,7.116726782635242
23,16,7.088881350680722
23,17,7.082756053702354
23,18,7.04280514213648
23,19,7.091959610358922
23,20,7.149108484584308
23,21,6.748831804010134
23,22,6.811721035548652
23,23,8.70068695348088
24,1,5.521960198109737
24,2,7.143429634857475
24,3,7.080858779139937
24,4,7.109530253924631
24,5,7.1413783906610036
24,6,7.1436785862225936
24,7,7.158421805569165
24,8,7.172484710057443
24,9,7.171055953661233
24,10,7.1574820953197245
24,11,7.132890069602861
24,12,7.135947473925729
24,13,7.130581338201878
24,14,7.1037884802927955
24,15,7.108555226647695
24,16,7.098685129425897
24,17,7.103991350939181
24,18,7.077700100428993
24,19,7.034568929567141
24,20,7.079484195492535
24,21,7.145111110052906
24,22,6.718442309133012
24,23,6.828360758818274
24,24,8.698215704082699
25,1,5.497318949602662
25,2,7.1452771311063
25,3,7.072847496806156
25,4,7.101808344517711
25,5,7.130352383287527
25,6,7.141745263993996
25,7,7.149194410950959
25,8,7.158228699360431
25,9,7.141966678045344
25,10,7.147925638824103
25,11,7.149438688191227
25,12,7.124112592556368
25,13,7.117766744871596
25,14,7.1244075991193645
25,15,7.117250698016893
25,16,7.106303059983639
25,17,7.076578491219773
25,18,7.07923907023942
25,19,7.064370154633105
25,20,7.053038724915415
25,21,7.069552420982482
25,22,7.135943708736936
25,23,6.709777002131461
25,24,6.836617241866014
25,25,8.685168020570698
26,1,5.503027514031839
26,2,7.133136200942413
26,3,7.0671583757166605
26,4,7.085220418127441
26,5,7.106155755988396
26,6,7.135230740657984
26,7,7.151318095139613
26,8,7.13510065647183
26,9,7.144251712241307
26,10,7.1355309162069664
26,11,7.13888260657633
26,12,7.119553479469981
26,13,7.090778512032754
26,14,7.12213207118409
26,15,7.088497033475646
26,16,7.104359042033943
26,17,7.087638713431512
26,18,7.085139736243589
26,19,7.06062276657685
26,20,7.085166618908992
26,21,7.019682954712636
26,22,7.08118179305254
26,23,7.1400617396564225
26,24,6.701212575748948
26,25,6.839471490653623
26,26,8.681268858384952
27,1,5.485365540359939
27,2,7.129155249300842
27,3,7.06427066285139
27,4,7.076601940577529
27,5,7.116617147734796
27,6,7.13895902227851
27,7,7.133406613671027
27,8,7.13431450579306
27,9,7.111375270537434
27,10,7.14478808053537
27,11,7.124600679178435
27,12,7.1283674478088646
27,13,7.107782240786721
27,14,7.082573869817651
27,15,7.111089455054272
27,16,7.071905178931813
27,17,7.081921276909944
27,18,7.06063326096727
27,19,7.060003773811235
27,20,7.0649914637673055
27,21,7.058698513298629
27,22,7.006730160557538
27,23,7.06892180622338
27,24,7.12360180987611
27,25,6.694086446849042
27,26,6.810086926210446
27,27,8.66983902329643
28,1,5.467296133101415
28,2,7.1068510264697435
28,3,7.039106991074509
28,4,7.06985843001724
28,5,7.091843991151293
28,6,7.1362075120340425
28,7,7.12152459734463
28,8,7.118829071281355
28,9,7.127428432389568
28,10,7.134734814703509
28,11,7.111168891273129
28,12,7.092602375785822
28,13,7.0895876053038975
28,14,7.0894985332146305
28,15,7.096313466822781
28,16,7.058222777537639
28,17,7.069039481427165
28,18,7.066305298862681
28,19,7.057711051765355
28,20,7.021383755548086
28,21,7.061357307136817
28,22,7.041993582024232
28,23,7.000408086650763
28,24,7.0401444096452295
28,25,7.105049291626356
28,26,6.689102418906321
28,27,6.806156275989822
28,28,8.664757705900744
29,1,5.450956999500687
29,2,7.0970433006540725
29,3,7.062065444042529
29,4,7.034120011508464
29,5,7.066674440386179
29,6,7.107263001984025
29,7,7.127697432269391
29,8,7.119436747135001
29,9,7.116705520367496
29,10,7.101305303457054
29,11,7.091281967594649
29,12,7.104432235130665
29,13,7.087160462681599
29,14,7.093461957850874
29,15,7.093175284948484
29,16,7.049461357152282
29,17,7.07574939718201
29,18,7.066174550385774
29,19,7.073397133969332
29,20,7.064450945310212
29,21,7.034608322226627
29,22,7.028043604575329
29,23,7.030129811560862
29,24,6.988727632115318
29,25,7.0385724501597675
29,26,7.099620844058028
29,27,6.661067001544848
29,28,6.809244317061946
29,29,8.635922544672043
30,1,5.432113495301148
30,2,7.076824472472477
30,3,7.057955842285327
30,4,7.024935951889811
30,5,7.065267138659413
30,6,7.0827240358080275
30,7,7.109490703035396
30,8,7.095109582002688
30,9,7.119706768626093
30,10,7.105796923568382
30,11,7.087324616355196
30,12,7.092211842355171
30,13,7.091512314192464
30,14,7.063575996135551
30,15,7.063104249028662
30,16,7.060026002950276
30,17,7.063600132620805
30,18,7.0591323663772245
30,19,7.043947829530251
30,20,7.054357621927474
30,21,7.039790782250958
30,22,7.038625957396713
30,23,7.041192940199634
30,24,7.030237928494253
30,25,6.962907328636516
30,26,7.027777912397488
30,27,7.093060081252175
30,28,6.650787955134382
30,29,6.780339792194099
30,30,8.630072061072777
31,1,5.433070370527989
31,2,7.055991638339544
31,3,7.035815825706611
31,4,6.996862522501359
31,5,7.052312735175619
31,6,7.077377858126794
31,7,7.090822517823934
31,8,7.096463495654566
31,9,7.087726991251133
31,10,7.107906811585996
31,11,7.091054083879372
31,12,7.07483591068412
31,13,7.056780728463076
31,14,7.067862737456191
31,15,7.067519993334677
31,16,7.06217433506173
31,17,7.0504819932341265
31,18,7.04868002482371
31,19,7.02214825337952
31,20,7.037999827299082
31,21,7.039453047116362
31,22,7.012872018876008
31,23,7.020592530556716
31,24,7.028350388242559
31,25,7.014732926514531
31,26,6.962864057933324
31,27,7.033186731603868
31,28,7.096964642049205
31,29,6.644373141967661
31,30,6.768881770286552
31,31,8.613868545313794
32,1,5.3984291078022615
32,2,7.029399847643034
32,3,7.017250234527204
32,4,7.0088140291298116
32,5,7.035091344832367
32,6,7.079943710382363
32,7,7.063487760064227
32,8,7.072289140781108
32,9,7.064820989503765
32,10,7.072532065586345
32,11,7.085115486289568
32,12,7.045796040269592
32,13,7.050866464206833
32,14,7.072803188646555
32,15,7.047946282624112
32,16,7.026362651465169
32,17,7.045901371361717
32,18,7.025754522052091
32,19,7.044479282201825
32,20,7.016386710825777
32,21,7.008529619288142
32,22,7.001833831393814
32,23,7.003739118490487
32,24,6.999220882861812
32,25,7.011979508923342
32,26,6.99805397647375
32,27,6.963020462460949
32,28,7.01211651847796
32,29,7.056814828998842
32,30,6.623916599706616
32,31,6.745497376386382
32,32,8.59648083618533
33,1,5.360903107846592
33,2,7.038764348263908
33,3,6.994014124708948
33,4,6.998532151082601
33,5,7.025684839654122
33,6,7.058634103895111
33,7,7.063090186331684
33,8,7.043878692229638
33,9,7.084903382525907
33,10,7.05691481544378
33,11,7.068346528887449
33,12,7.051856183020263
33,13,7.051402159629133
33,14,7.043651159074837
33,15,7.033245358304524
33,16,7.038931683628673
33,17,7.020412378907329
33,18,7.011667544144329
33,19,6.999948521228687
33,20,7.001597900441629
33,21,7.030321915977234
33,22,7.001380145347975
33,23,7.0023287342584375
33,24,6.986154872272111
33,25,6.994108302600637
33,26,6.972956472280581
33,27,7.003977042071747
33,28,6.953926757907565
33,29,6.976403002917991
33,30,7.052486879576511
33,31,6.612867802355474
33,32,6.7584762402055825
33,33,8.5748659468411
34,1,5.351020038039292
34,2,6.997129757406415
34,3,6.980134478413589
34,4,6.962159214576233
34,5,7.022487954739627
34,6,7.046608300989797
34,7,7.028380182398018
34,8,7.071323273151472
34,9,7.042261679777682
34,10,7.076602391033399
34,11,7.025011699724461
34,12,7.032047760302555
34,13,7.014135441264536
34,14,7.035813750469567
34,15,7.02530148214016
34,16,6.996161649162799
34,17,7.028187121036215
34,18,7.020047100292223
34,19,7.008837906352393
34,20,7.005402446639412
34,21,6.990049841109894
34,22,6.993236020694461
34,23,6.984767965221205
34,24,6.987358790163785
34,25,6.971680131926841
34,26,6.973267452775901
34,27,6.980251555489968
34,28,6.955810967924041
34,29,6.925315342266889
34,30,6.99099330689776
34,31,7.026594496506638
34,32,6.599466351956487
34,33,6.775191527971845
34,34,8.553035682610977
35,1,5.347151606733749
35,2,6.964141413577105
35,3,6.962606403925468
35,4,6.940572882459592
35,5,7.005703007494303
35,6,7.010032976864363
35,7,7.025755488402167
35,8,7.021229054296432
35,9,7.014910059179542
35,10,7.02613365629024
35,11,7.03376689607659
35,12,7.036345687409822
35,13,7.015186763879702
35,14,6.988838758519218
35,15,6.996329333437791
35,16,6.986199548387262
35,17,7.009537089398047
35,18,6.97235981923295
35,19,6.98024415518916
35,20,6.970248745355427
35,21,6.96568619911038
35,22,6.973874522918651
35,23,6.977679299377691
35,24,6.998129275842324
35,25,6.961942949700228
35,26,6.950759356596836
35,27,6.967485473795382
35,28,6.951548003172612
35,29,6.94577664075987
35,30,6.901464769881349
35,31,6.960887918526869
35,32,7.010568755977405
35,33,6.5762242854710315
35,34,6.737964103230444
35,35,8.525117493571372
36,1,5.314068587880152
36,2,6.951457943593414
36,3,6.9541472017191435
36,4,6.920304433122688
36,5,6.987442591667004
36,6,7.0076377185696686
36,7,6.990921200708277
36,8,7.01580328862707
36,9,6.99748295913121
36,10,7.004948404321705
36,11,7.003181914286287
36,12,7.008501227915847
36,13,7.0019887010506805
36,14,6.9720870304128395
36,15,6.983113228978884
36,16,6.958715189693922
36,17,6.970296620925557
36,18,6.9633653205621115
36,19,6.979542257547453
36,20,6.966695746082729
36,21,6.949613066397978
36,22,6.9603276090232
36,23,6.957974953074872
36,24,6.954701396494488
36,25,6.946917096038825
36,26,6.9551265213919224
36,27,6.917215061698984
36,28,6.932708858798202
36,29,6.9482341624909765
36,30,6.920962264239124
36,31,6.879633798544853
36,32,6.954521472896444
36,33,7.012681731754548
36,34,6.569036946673588
36,35,6.701638806106244
36,36,8.519497247971128
37,1,5.2741157466504625
37,2,6.949313001609896
37,3,6.922637770103003
37,4,6.914942495447249
37,5,6.951585029056476
37,6,6.992570101235841
37,7,6.99186343784398
37,8,7.000713286267929
37,9,7.009172982677981
37,10,6.9701792836090215
37,11,6.975541518047183
37,12,6.993256226776801
37,13,6.96527726851647
37,14,6.983888977804725
37,15,6.961540135757769
37,16,6.981470227346569
37,17,6.967268693023519
37,18,6.968474332698662
37,19,6.969270835707926
37,20,6.960264582829746
37,21,6.960375599093065
37,22,6.962274416938225
37,23,6.94343528275759
37,24,6.929541697543668
37,25,6.940936771678523
37,26,6.931545151704559
37,27,6.937627971040092
37,28,6.926305830905561
37,29,6.92822345549258
37,30,6.926400317803632
37,31,6.920938988693095
37,32,6.883368359593651
37,33,6.926927518803842
37,34,7.002838497660657
37,35,6.579057747729715
37,36,6.707062005418615
37,37,8.49632363335715
38,1,5.295880748788421
38,2,6.913852090221751
38,3,6.914176981292763
38,4,6.887093782113919
38,5,6.944947787631669
38,6,6.950312024762349
38,7,6.982977225857455
38,8,6.975342713654097
38,9,6.972951444296173
38,10,6.985408438135235
38,11,6.947920883671989
38,12,6.963478163576167
38,13,6.993140010755347
38,14,6.943311300287786
38,15,6.931433589387593
38,16,6.9674007553729504
38,17,6.954671089433215
38,18,6.943451421556941
38,19,6.959147375702514
38,20,6.9429682632077565
38,21,6.943633752327475
38,22,6.921487664874072
38,23,6.94174966683874
38,24,6.92463733278373
38,25,6.906792181208681
38,26,6.923614016188166
38,27,6.912840457007343
38,28,6.888834797602612
38,29,6.895672890470537
38,30,6.921272031494169
38,31,6.897419701453309
38,32,6.898910371278796
38,33,6.850863853592993
38,34,6.911748927086533
38,35,6.987819912141645
38,36,6.535250166285981
38,37,6.689678410884937
38,38,8.484667927354913
39,1,5.295642689885871
39,2,6.85695037891826
39,3,6.919038238740765
39,4,6.858871385824662
39,5,6.9078438837381615
39,6,6.939769030171195
39,7,6.9470566385943755
39,8,6.930514234506583
39,9,6.958841672381466
39,10,6.971926275261132
39,11,6.960373939823755
39,12,6.954245973409809
39,13,6.95721875661341
39,14,6.937844855724038
39,15,6.936835963801368
39,16,6.96559162817234
39,17,6.924458046222747
39,18,6.927230789123805
39,19,6.9522631182954475
39,20,6.890451632938572
39,21,6.935465087040319
39,22,6.929078140507498
39,23,6.906272659153497
39,24,6.892605598623422
39,25,6.921895570124938
39,26,6.920420584226397
39,27,6.884418357417218
39,28,6.925783857181382
39,29,6.896331319751054
39,30,6.900621381956565
39,31,6.898667101562355
39,32,6.869195096501297
39,33,6.886508819842232
39,34,6.850018102937297
39,35,6.919809467221226
39,36,6.940741001668721
39,37,6.508725515749962
39,38,6.6585278249648585
39,39,8.451504405851413
40,1,5.210421944044176
40,2,6.843164836149994
40,3,6.850161553416847
40,4,6.83627399597831
40,5,6.879380541149477
40,6,6.915685909699341
40,7,6.944094569578874
40,8,6.943016533123667
40,9,6.957431415274185
40,10,6.903528748042413
40,11,6.933646065128391
40,12,6.941132401332934
40,13,6.9224119377442435
40,14,6.932481733892208
40,15,6.928108681595063
40,16,6.924454058326945
40,17,6.869560480483355
40,18,6.9358334236094175
40,19,6.886836642592781
40,20,6.916871342017412
40,21,6.893592680105118
40,22,6.884502911145566
40,23,6.912342669142977
40,24,6.890979705577456
40,25,6.919595480018191
40,26,6.926219288088966
40,27,6.875252722654294
40,28,6.872842886816102
40,29,6.904303212984237
40,30,6.863048394737616
40,31,6.87194786888111
40,32,6.846043449597263
40,33,6.87661321793989
40,34,6.857802729601066
40,35,6.825911624635715
40,36,6.890595090391945
40,37,6.917844846126354
40,38,6.453166124875572
40,39,6.655693234778692
40,40,8.429055237425702
41,1,5.246977987576364
41,2,6.855598469898944
41,3,6.853636152519348
41,4,6.809768093375782
41,5,6.891181484007189
41,6,6.868152305348361
41,7,6.891078675599033
41,8,6.951234006440642
41,9,6.926242642396556
41,10,6.920308036026467
41,11,6.920603257646014
41,12,6.918251621951486
41,13,6.901624763658647
41,14,6.888521822572182
41,15,6.883838228422925
41,16,6.903880618407393
41,17,6.908740952063583
41,18,6.894462102796645
41,19,6.888705299551861
41,20,6.8890153862432575
41,21,6.897548072056913
41,22,6.890366782471156
41,23,6.88272604856118
41,24,6.863353872516498
41,25,6.883032525664481
41,26,6.88020722440199
41,27,6.83111232906056
41,28,6.9054110973470895
41,29,6.884248791995384
41,30,6.8575106944395134
41,31,6.86947037842227
41,32,6.822834637258349
41,33,6.839866584895499
41,34,6.8632367410849175
41,35,6.8627639524224495
41,36,6.7792089216469344
41,37,6.856892313134584
41,38,6.914698365880157
41,39,6.470527350833787
41,40,6.627495437353647
41,41,8.381497639709531
42,1,5.231835373928328
42,2,6.775008202948052
42,3,6.8512171670048225
42,4,6.806110390709197
42,5,6.836401049730943
42,6,6.885575749651996
42,7,6.861766440187331
42,8,6.884472095766072
42,9,6.903949394111739
42,10,6.9081162593217
42,11,6.8814137664267045
42,12,6.913756201872009
42,13,6.913002273970843
42,14,6.876548317832635
42,15,6.866869528879076
42,16,6.887209886954476
42,17,6.891364969268543
42,18,6.854177323507167
42,19,6.8664597773197045
42,20,6.892129182680708
42,21,6.869167029120488
42,22,6.838701629138251
42,23,6.84774127291773
42,24,6.834115670923034
42,25,6.875172758656625
42,26,6.856892073040196
42,27,6.850349470541883
42,28,6.86746933728652
42,29,6.822721456683244
42,30,6.850722955769559
42,31,6.821764570750634
42,32,6.865652861469703
42,33,6.83403152833708
42,34,6.815594592928763
42,35,6.820462335809821
42,36,6.820405229646259
42,37,6.790038104208992
42,38,6.833213979450805
42,39,6.91599334135855
42,40,6.472641072518638
42,41,6.620157557004914
42,42,8.381177020935537
43,1,5.207559225913599
43,2,6.743771745986635
43,3,6.827970043071996
43,4,6.765765741430159
43,5,6.828683390325695
43,6,6.834889859618598
43,7,6.870211979096169
43,8,6.883998239235155
43,9,6.876843981981874
43,10,6.859491182367941
43,11,6.890324227996584
43,12,6.837942920029778
43,13,6.837100498378094
43,14,6.89408599733193
43,15,6.861111835986349
43,16,6.854214077294451
43,17,6.864084760595032
43,18,6.839748913196602
43,19,6.868867362432936
43,20,6.856287153916472
43,21,6.861599901531942
43,22,6.843366491052608
43,23,6.84939230473046
43,24,6.863081589953213
43,25,6.840349570212933
43,26,6.85478686413359
43,27,6.854668661509542
43,28,6.8165070946928665
43,29,6.840802225092677
43,30,6.81758222359961
43,31,6.833676847633155
43,32,6.828569764740499
43,33,6.8218157534044455
43,34,6.836516481496258
43,35,6.823751628506518
43,36,6.794073532213072
43,37,6.850342715198601
43,38,6.767991669249683
43,39,6.814438171810308
43,40,6.890419849932969
43,41,6.442192082533217
43,42,6.607236389839615
43,43,8.352681358339845
44,1,5.2063124384737
44,2,6.745447840048191
44,3,6.816691240793585
44,4,6.7523038192956975
44,5,6.816358604255849
44,6,6.827235770799147
44,7,6.851265588227883
44,8,6.8567131697298285
44,9,6.8627421273805345
44,10,6.867285569479464
44,11,6.851981784814367
44,12,6.83245790310919
44,13,6.844313005502475
44,14,6.857662126092386
44,15,6.820612022231806
44,16,6.855824651406842
44,17,6.838111473481194
44,18,6.791639465368256
44,19,6.834581097441762
44,20,6.837263694507774
44,21,6.83998789287153
44,22,6.8287168327586025
44,23,6.82140256320059
44,24,6.852306658312918
44,25,6.835676610314077
44,26,6.832965479631072
44,27,6.8190535935085625
44,28,6.82488199918922
44,29,6.803491705525638
44,30,6.801535701122634
44,31,6.856748349730436
44,32,6.808197287628054
44,33,6.7849443300426
44,34,6.777006394096718
44,35,6.808095010103649
44,36,6.782497234316793
44,37,6.790764007226809
44,38,6.7901789300525675
44,39,6.75968108258677
44,40,6.820881582765043
44,41,6.885156665753183
44,42,6.432742402951891
44,43,6.578577421596111
44,44,8.320645115700854
45,1,5.191702006795003
45,2,6.743975049822283
45,3,6.7853084172387
45,4,6.7402087680505165
45,5,6.795533936773047
45,6,6.826827980336988
45,7,6.845140296648592
45,8,6.831583036175895
45,9,6.84729336013891
45,10,6.834160377860152
45,11,6.844997899364494
45,12,6.840906901611804
45,13,6.832435252080481
45,14,6.831138056148098
45,15,6.851037316426637
45,16,6.822320929820191
45,17,6.85904095090415
45,18,6.842822028772192
45,19,6.81130315400131
45,20,6.821715930739543
45,21,6.847726428069919
45,22,6.812289895392649
45,23,6.8037149573366795
45,24,6.829790060778321
45,25,6.838109343211597
45,26,6.810996491775065
45,27,6.803154411411746
45,28,6.834711927464589
45,29,6.783759348445787
45,30,6.847195819622884
45,31,6.8141048736644905
45,32,6.774659814740457
45,33,6.771170681390624
45,34,6.777115729243406
45,35,6.7944681457028455
45,36,6.7948989286558605
45,37,6.798124086194226
45,38,6.793732983563822
45,39,6.7709759097871745
45,40,6.754204256808709
45,41,6.797780637372258
45,42,6.877084662014906
45,43,6.440749293379479
45,44,6.587782588581718
45,45,8.316833377571024
46,1,5.215051419062049
46,2,6.761624730711473
46,3,6.797494324804834
46,4,6.716596168854215
46,5,6.747878289027014
46,6,6.812297110408131
46,7,6.810283875274993
46,8,6.839561897670681
46,9,6.817951050715791
46,10,6.834936253128896
46,11,6.838451206554955
46,12,6.851109897801298
46,13,6.813653391122641
46,14,6.829395137044307
46,15,6.797241458722996
46,16,6.8216910457554665
46,17,6.851269623133579
46,18,6.806968401166738
46,19,6.820116291339609
46,20,6.820122146085159
46,21,6.798993104032963
46,22,6.800762035978162
46,23,6.812871114818691
46,24,6.7976553695036355
46,25,6.811895378248322
46,26,6.81127181726347
46,27,6.792365562592991
46,28,6.809629892310575
46,29,6.810160103265485
46,30,6.741860100479336
46,31,6.801792753207919
46,32,6.775041793159414
46,33,6.798224040048783
46,34,6.806407017353945
46,35,6.7610859974909
46,36,6.795798107881803
46,37,6.764099989850403
46,38,6.814961381026841
46,39,6.738090947076358
46,40,6.7899722684010815
46,41,6.735536418794272
46,42,6.776588177066672
46,43,6.873573983584773
46,44,6.450457363101352
46,45,6.614974568281028
46,46,8.308345916631922
47,1,5.18511795224236
47,2,6.721131177495104
47,3,6.738997148137415
47,4,6.724045999952179
47,5,6.757698554493667
47,6,6.818937021737161
47,7,6.838463699150464
47,8,6.820446973841901
47,9,6.839460530555937
47,10,6.799859268144212
47,11,6.84592396511227
47,12,6.821870390956302
47,13,6.827165346637961
47,14,6.814376178849999
47,15,6.8085694405403014
47,16,6.823198587967485
47,17,6.8033375787795896
47,18,6.821093142261888
47,19,6.8203618749632
47,20,6.777299041430769
47,21,6.817794394139593
47,22,6.800060125537459
47,23,6.815600087855577
47,24,6.7756887274894035
47,25,6.831255902633631
47,26,6.767776316207709
47,27,6.8128384150723305
47,28,6.789766407149291
47,29,6.804180083934112
47,30,6.802413418779886
47,31,6.8027240426202695
47,32,6.800112094784608
47,33,6.742440498708658
47,34,6.791310273858694
47,35,6.797465645423463
47,36,6.754945094353236
47,37,6.781803697282618
47,38,6.751264110814807
47,39,6.787771458991757
47,40,6.744559286160293
47,41,6.774191683117376
47,42,6.713151521271035
47,43,6.801174117103997
47,44,6.84923088509531
47,45,6.466644835039674
47,46,6.55284043031948
47,47,8.293430674444618
48,1,5.1496474622876
48,2,6.7011805396709825
48,3,6.7612904262410884
48,4,6.6929202999795825
48,5,6.780682255517623
48,6,6.783176622276854
48,7,6.786949633312434
48,8,6.818714390463332
48,9,6.795135138373386
48,10,6.795147393102143
48,11,6.796949034752757
48,12,6.824114754507293
48,13,6.755188277833058
48,14,6.827954571465584
48,15,6.805190403348521
48,16,6.7967593645663165
48,17,6.791871726932908
48,18,6.755009561246276
48,19,6.84362194058793
48,20,6.7745526119136406
48,21,6.809127597072384
48,22,6.776024044189459
48,23,6.7605824517239395
48,24,6.8251616108330095
48,25,6.808210886898606
48,26,6.760063791691453
48,27,6.734404322557997
48,28,6.778367829038315
48,29,6.766546236316526
48,30,6.785821450886246
48,31,6.793768270074609
48,32,6.778285388817024
48,33,6.782136547251668
48,34,6.792521228095404
48,35,6.774514863037985
48,36,6.794295289832171
48,37,6.748039794644763
48,38,6.780376239889
48,39,6.765395781954846
48,40,6.777993897672524
48,41,6.726822800885766
48,42,6.785634557350714
48,43,6.702967430694399
48,44,6.730872082311637
48,45,6.84077925779888
48,46,6.453644754262363
48,47,6.550663440642079
48,48,8.270959372605622
49,1,5.159198054140752
49,2,6.718205939622128
49,3,6.758276200364293
49,4,6.694271780005367
49,5,6.735408906856628
49,6,6.7686229981316774
49,7,6.8037639269148915
49,8,6.792900363079524
49,9,6.763972384241168
49,10,6.827284886860952
49,11,6.736984988793727
49,12,6.807763146924181
49,13,6.820069612818042
49,14,6.787605326734542
49,15,6.787105793073834
49,16,6.791311979038347
49,17,6.798240509323175
49,18,6.821844189796995
49,19,6.765507145249512
49,20,6.781221962985186
49,21,6.815203075610308
49,22,6.811513412533695
49,23,6.767880234428481
49,24,6.790433144056733
49,25,6.805319131866824
49,26,6.776191468056851
49,27,6.823967727958005
49,28,6.788473820111657
49,29,6.7647320164006475
49,30,6.814550052802479
49,31,6.751691273803807
49,32,6.76436171532847
49,33,6.802354715747132
49,34,6.770800796891829
49,35,6.7701204612788475
49,36,6.746707234073875
49,37,6.756852549208743
49,38,6.770278791931623
49,39,6.71470469547446
49,40,6.77987242174716
49,41,6.714556946334414
49,42,6.7285681210532
49,43,6.77913837266804
49,44,6.701646096827837
49,45,6.739841552263482
49,46,6.834634127190192
49,47,6.457800766800828
49,48,6.534417944790229
49,49,8.252311963793634
50,1,5.123502959726691
50,2,6.662645708420462
50,3,6.746760828417434
50,4,6.677483485678433
50,5,6.735176771916656
50,6,6.782373698993404
50,7,6.764731027310026
50,8,6.7278451779904325
50,9,6.790836976706646
50,10,6.820669256271746
50,11,6.811297510254382
50,12,6.79023605887999
50,13,6.800626844027955
50,14,6.80986506592624
50,15,6.752460750517574
50,16,6.797554902752017
50,17,6.798977630193162
50,18,6.779937922808569
50,19,6.771209037658143
50,20,6.801722228727292
50,21,6.765075398821269
50,22,6.763129413861777
50,23,6.776554945258324
50,24,6.758827582370339
50,25,6.764161970652476
50,26,6.76947422705012
50,27,6.7554672756264
50,28,6.811503979927728
50,29,6.774785567129357
50,30,6.756780411816749
50,31,6.780942791513605
50,32,6.764317530282807
50,33,6.754418029102105
50,34,6.7209629941406
50,35,6.7610384775113
50,36,6.748080760192936
50,37,6.75992763347284
50,38,6.742361082775609
50,39,6.739269961131769
50,40,6.756231379161801
50,41,6.742656422769733
50,42,6.727909693214766
50,43,6.747136340243742
50,44,6.729805873455259
50,45,6.684800605397976
50,46,6.701027171380237
50,47,6.784736624570709
50,48,6.500774883119864
50,49,6.53073574824045
50,50,8.224137047077164
51,1,5.144374931618604
51,2,6.642094139150191
51,3,6.7174424973479665
51,4,6.668722383368966
51,5,6.695214997252984
51,6,6.752464794537692
51,7,6.720071215472168
51,8,6.7851463233183855
51,9,6.723679524007796
51,10,6.769405839507007
51,11,6.813166005481624
51,12,6.768966067157977
51,13,6.739705403929289
51,14,6.776830126838079
51,15,6.789534879036006
51,16,6.743526307865584
51,17,6.736444687209128
51,18,6.772995886364808
51,19,6.775789498031167
51,20,6.709434281312434
51,21,6.748118359759945
51,22,6.800431224726877
51,23,6.714059830329943
51,24,6.728207580165147
51,25,6.809184962441046
51,26,6.722157187745925
51,27,6.751958341538738
51,28,6.779870437852969
51,29,6.777735692090997
51,30,6.710261367539831
51,31,6.737843133357052
51,32,6.747179537325386
51,33,6.721392791671326
51,34,6.788789353763937
51,35,6.73416423537227
51,36,6.752973610078497
51,37,6.719004321512667
51,38,6.757484062674171
51,39,6.7125317209040825
51,40,6.715823682502155
51,41,6.748990788323383
51,42,6.678162110774759
51,43,6.721826171699478
51,44,6.701925781560491
51,45,6.719459035380271
51,46,6.674993579380022
51,47,6.69710924480186
51,48,6.770671167837276
51,49,6.473679051296465
51,50,6.515169594611292
51,51,8.127073855673226
52,1,5.111457487641649
52,2,6.647398653909714
52,3,6.686650989549782
52,4,6.648661931731964
52,5,6.715217987355095
52,6,6.690654708272425
52,7,6.719903604302929
52,8,6.74155613920704
52,9,6.711553026373753
52,10,6.726757069589371
52,11,6.770804848244713
52,12,6.757031761108175
52,13,6.725689392755107
52,14,6.725655073342323
52,15,6.766334310134337
52,16,6.74150037531788
52,17,6.704641696827569
52,18,6.760367521503528
52,19,6.721215380662081
52,20,6.745081946744306
52,21,6.734320926790499
52,22,6.731111565088517
52,23,6.725566139785439
52,24,6.74038423592648
52,25,6.750184301220541
52,26,6.746409861761702
52,27,6.6832996220159835
52,28,6.724396317312689
52,29,6.717275066142585
52,30,6.75009330682626
52,31,6.685450030498919
52,32,6.710097766387858
52,33,6.722491375726267
52,34,6.710665925394822
52,35,6.699555811470543
52,36,6.715706589603246
52,37,6.692265036671262
52,38,6.7176852304908845
52,39,6.710950613697382
52,40,6.734339608390706
52,41,6.694207353971974
52,42,6.7429894199798746
52,43,6.687502529027245
52,44,6.716467865456572
52,45,6.683625299163487
52,46,6.670463193985406
52,47,6.652594709803976
52,48,6.683384882323723
52,49,6.777217681680193
52,50,6.455951968506233
52,51,6.437185496195684
52,52,8.059467670512364
53,1,5.058737209165299
53,2,6.58477671283974
53,3,6.680973904356558
53,4,6.576262089860777
53,5,6.6736385737155794
53,6,6.673137517828562
53,7,6.658528658343996
53,8,6.725370584565905
53,9,6.69798206671658
53,10,6.6794513933368105
53,11,6.691939188571907
53,12,6.729217441284839
53,13,6.683919624857248
53,14,6.711218842595726
53,15,6.698413271044492
53,16,6.685945267475513
53,17,6.679668727466423
53,18,6.662302119834
53,19,6.711354646887998
53,20,6.651386545552709
53,21,6.696812488824503
53,22,6.674079079153189
53,23,6.686781192710848
53,24,6.7031366451436165
53,25,6.713806293754752
53,26,6.6653744226512615
53,27,6.691304829218027
53,28,6.663449207446632
53,29,6.667197669483029
53,30,6.687144564156311
53,31,6.6950547875427455
53,32,6.673876728103002
53,33,6.690213872588089
53,34,6.694856261919868
53,35,6.632867183550666
53,36,6.700090265977505
53,37,6.6528653915239735
53,38,6.684982004889813
53,39,6.654138752792808
53,40,6.699484837158743
53,41,6.68042652461991
53,42,6.642534699306711
53,43,6.636279578015593
53,44,6.68020954880187
53,45,6.622842228019818
53,46,6.671535357124299
53,47,6.642540600788019
53,48,6.66810177761243
53,49,6.640175877887835
53,50,6.686539261987066
53,51,6.483862622185806
53,52,6.4331187594193615
53,53,7.920286858574087
54,1,5.029900594243244
54,2,6.519651204284818
54,3,6.63323201234029
54,4,6.571449623626087
54,5,6.599424651486708
54,6,6.649686253201518
54,7,6.618312340788742
54,8,6.650612437239415
54,9,6.636681343491574
54,10,6.679183955915016
54,11,6.656793612685377
54,12,6.670455140311757
54,13,6.642964659962368
54,14,6.624710150212685
54,15,6.678419923631858
54,16,6.632963698237628
54,17,6.663166407248582
54,18,6.606236394242324
54,19,6.646470613103537
54,20,6.65520407333824
54,21,6.615525473385193
54,22,6.6882192525598345
54,23,6.655017081274733
54,24,6.628746103971639
54,25,6.611285523482547
54,26,6.696056649933155
54,27,6.635534050557248
54,28,6.623974197061912
54,29,6.651090381142541
54,30,6.5965957560201565
54,31,6.599182295401228
54,32,6.628702458632033
54,33,6.630322797014275
54,34,6.6482752103764575
54,35,6.6105045286613215
54,36,6.668908777941002
54,37,6.613390617640092
54,38,6.642531465745519
54,39,6.626740901092047
54,40,6.661444589567863
54,41,6.62267696706823
54,42,6.640319801590056
54,43,6.594461977993778
54,44,6.625928533340353
54,45,6.605598916150747
54,46,6.592813573503796
54,47,6.627502256771535
54,48,6.610593636999859
54,49,6.57402812743319
54,50,6.583104607468227
54,51,6.645627559040227
54,52,6.516843963408844
54,53,6.373918099395003
54,54,7.7761898713482385
55,1,5.0372661518239
55,2,6.461008214068677
55,3,6.563225684432487
55,4,6.517237014755048
55,5,6.541785148461187
55,6,6.5973359862064
55,7,6.641846741119849
55,8,6.5798213342773275
55,9,6.611101145079707
55,10,6.601755000422138
55,11,6.6000969373606475
55,12,6.585717119455364
55,13,6.592390918709136
55,14,6.601172493724064
55,15,6.605539850538227
55,16,6.568962670804158
55,17,6.5905653801684965
55,18,6.607663197617905
55,19,6.62732657520435
55,20,6.57487328706317
55,21,6.578265349885578
55,22,6.590269115175212
55,23,6.608889998154141
55,24,6.618059317484233
55,25,6.5963458641546735
55,26,6.608982013565552
55,27,6.58335591558388
55,28,6.581436220149756
55,29,6.556534920946287
55,30,6.583763794265508
55,31,6.574412629784725
55,32,6.612206737186465
55,33,6.553883811473053
55,34,6.562924093882504
55,35,6.607061678554298
55,36,6.553070078933918
55,37,6.519008290318259
55,38,6.588642170981643
55,39,6.559150026832975
55,40,6.569216388450237
55,41,6.544331841050211
55,42,6.557875474048154
55,43,6.565409211071728
55,44,6.567286250828049
55,45,6.571249235142277
55,46,6.535688462898355
55,47,6.579704944239002
55,48,6.527321874861505
55,49,6.592414710925335
55,50,6.534946732446091
55,51,6.570286662621528
55,52,6.626733480286756
55,53,6.408007070539141
55,54,6.302151966909422
55,55,7.710585567060587
56,1,5.032163703416122
56,2,6.418538368129774
56,3,6.524900045617724
56,4,6.445925929487549
56,5,6.473918698431455
56,6,6.5324348603064255
56,7,6.589479923053415
56,8,6.49493847684692
56,9,6.5515044719693805
56,10,6.532416653044159
56,11,6.560661653663318
56,12,6.530341330352
56,13,6.511332378462846
56,14,6.5414655452917705
56,15,6.489454139630003
56,16,6.536047088222155
56,17,6.499991356751955
56,18,6.525122931187644
56,19,6.5587368049422405
56,20,6.5131045974706065
56,21,6.488816592403314
56,22,6.468657265315565
56,23,6.551110720469523
56,24,6.5271877433233385
56,25,6.542047572145964
56,26,6.498378096527164
56,27,6.49043896477964
56,28,6.499181758794713
56,29,6.488497626438072
56,30,6.542478434285304
56,31,6.493370503114321
56,32,6.584668962297918
56,33,6.468903755341265
56,34,6.548230056482355
56,35,6.526668156658435
56,36,6.500681737109672
56,37,6.507876893847418
56,38,6.5176728345139905
56,39,6.490432001095477
56,40,6.509601840971736
56,41,6.507381251631006
56,42,6.529721578072017
56,43,6.46998952637641
56,44,6.529779156602318
56,45,6.46607617884485
56,46,6.498867666176673
56,47,6.4765353176181195
56,48,6.482803984721944
56,49,6.5098785682917315
56,50,6.509034831588683
56,51,6.487502410204947
56,52,6.471285371580729
56,53,6.527891602949266
56,54,6.391158834939198
56,55,6.250632193659365
56,56,7.533762898335528
57,1,4.988051674924806
57,2,6.270954917151874
57,3,6.4326081206604595
57,4,6.427575987716958
57,5,6.372192786118807
57,6,6.4335436652000375
57,7,6.472147521326513
57,8,6.371170246696075
57,9,6.474242614882762
57,10,6.469553036973176
57,11,6.449202539547986
57,12,6.443016554992456
57,13,6.455506025421406
57,14,6.475442232013777
57,15,6.42446290690878
57,16,6.452758445721008
57,17,6.478061293542498
57,18,6.493383859474688
57,19,6.442673107751832
57,20,6.433122124957294
57,21,6.4650285352164145
57,22,6.447343162248209
57,23,6.462425452093692
57,24,6.457260607631687
57,25,6.486819360874195
57,26,6.457994715452596
57,27,6.423636683678247
57,28,6.457440875610006
57,29,6.461090083264263
57,30,6.4155645472800105
57,31,6.475204850472097
57,32,6.430262702391163
57,33,6.462716125542871
57,34,6.418295653363861
57,35,6.430244021228613
57,36,6.454006980509525
57,37,6.442685646151989
57,38,6.472305103370933
57,39,6.422362826414119
57,40,6.460557255127651
57,41,6.396846778719226
57,42,6.44904814995521
57,43,6.439754017478365
57,44,6.425451905471988
57,45,6.422861435028384
57,46,6.479012146358384
57,47,6.415106025888752
57,48,6.383213238108601
57,49,6.444901516851594
57,50,6.4605430858547
57,51,6.445667081497409
57,52,6.3943950141931225
57,53,6.370033916140529
57,54,6.533409312317796
57,55,6.292138271634698
57,56,6.156108202300962
57,57,7.375910414302872
58,1,4.910098728939793
58,2,6.1628264137752105
58,3,6.349892313054297
58,4,6.266204890310254
58,5,6.384425063758014
58,6,6.358813270688826
58,7,6.387769093929271
58,8,6.39281903015012
58,9,6.406330904645786
58,10,6.360947444401854
58,11,6.416484360977013
58,12,6.4092694453741
58,13,6.352482925944638
58,14,6.392237404823329
58,15,6.406951650305961
58,16,6.414260392674421
58,17,6.388900772649707
58,18,6.405849902791467
58,19,6.3802899305692895
58,20,6.321944235620085
58,21,6.403378171702709
58,22,6.3832067032179
58,23,6.349170171095985
58,24,6.338702485375079
58,25,6.387400310485214
58,26,6.330288271663637
58,27,6.329743876048238
58,28,6.35111056643168
58,29,6.330679317285877
58,30,6.376912882938125
58,31,6.393222380615161
58,32,6.363724081462248
58,33,6.337188606822517
58,34,6.389926377196209
58,35,6.313468004052974
58,36,6.343253769114818
58,37,6.313910661462603
58,38,6.31920712727599
58,39,6.3668429796053125
58,40,6.345376826906612
58,41,6.329358324451415
58,42,6.332886550065992
58,43,6.316005007494104
58,44,6.258063066659846
58,45,6.3904203883692166
58,46,6.300948655269567
58,47,6.309096803064982
58,48,6.341515211185914
58,49,6.2958108705732325
58,50,6.312726708401102
58,51,6.313329655919403
58,52,6.372397251904924
58,53,6.291558505907589
58,54,6.376973623964996
58,55,6.376295482223575
58,56,6.2176382273768835
58,57,6.088273343613315
58,58,7.204728569829867
59,1,4.84834795077864
59,2,6.046089586974204
59,3,6.215565017600745
59,4,6.266176165329521
59,5,6.211797849134399
59,6,6.2563347861226655
59,7,6.27654933443762
59,8,6.325541355464469
59,9,6.301150795341857
59,10,6.282950891505948
59,11,6.2715479874609885
59,12,6.31156738990848
59,13,6.23971347767289
59,14,6.236779117300355
59,15,6.281975133663953
59,16,6.269873900162913
59,17,6.26911363227795
59,18,6.224581590414894
59,19,6.320450586572601
59,20,6.2700548936219604
59,21,6.229781300717952
59,22,6.246072754989101
59,23,6.290008753069511
59,24,6.203662184608486
59,25,6.262014811876709
59,26,6.2372270936030425
59,27,6.2400914233609805
59,28,6.1950033974394465
59,29,6.240146690234911
59,30,6.2661571705823835
59,31,6.3356990473338906
59,32,6.212376140640916
59,33,6.231418766824022
59,34,6.283429798773237
59,35,6.263396457293567
59,36,6.288145880154651
59,37,6.250378984732873
59,38,6.282840415725556
59,39,6.225310463957178
59,40,6.291167280822506
59,41,6.249063976507123
59,42,6.213357839668853
59,43,6.222661134081244
59,44,6.233407728990178
59,45,6.257806639410527
59,46,6.244872910961531
59,47,6.239982459350531
59,48,6.2806304365165
59,49,6.26036378809116
59,50,6.220474991813278
59,51,6.221952559588633
59,52,6.250304376012169
59,53,6.206754126834062
59,54,6.236443316143288
59,55,6.256754698521169
59,56,6.340820530035602
59,57,6.114522596086002
59,58,6.033060485980786
59,59,7.007609973649425
60,1,4.782504285930592
60,2,6.00671286928737
60,3,6.0901678306884905
60,4,6.112681545827464
60,5,6.117717409388152
60,6,6.153963700833293
60,7,6.151220827891021
60,8,6.21134125753229
60,9,6.133264400974993
60,10,6.195168550641487
60,11,6.156299701967709
60,12,6.217465497253702
60,13,6.083796686106908
60,14,6.164005826243763
60,15,6.184323691352371
60,16,6.183508663251623
60,17,6.159349788659661
60,18,6.180263762379732
60,19,6.245209232767727
60,20,6.093567283676303
60,21,6.164753946985005
60,22,6.207846521356845
60,23,6.162982571664256
60,24,6.119541997161371
60,25,6.1720982686488775
60,26,6.130281056187413
60,27,6.099982637440862
60,28,6.142794707725764
60,29,6.116496987977771
60,30,6.191811964437246
60,31,6.197030876180041
60,32,6.150058077277944
60,33,6.19696127966551
60,34,6.145853405904367
60,35,6.147833365303723
60,36,6.11215202863906
60,37,6.110099008742792
60,38,6.168469180224473
60,39,6.178477459170344
60,40,6.20206942229225
60,41,6.052963836002015
60,42,6.182122515518186
60,43,6.10516865910711
60,44,6.130219410494275
60,45,6.132565605788693
60,46,6.17319651264084
60,47,6.161819307502144
60,48,6.080347338328976
60,49,6.224709229616012
60,50,6.132766141763074
60,51,6.168591392312782
60,52,6.125942706055618
60,53,6.1161387238028135
60,54,6.1335359589461635
60,55,6.2168621266177535
60,56,6.118431384033369
60,57,6.185417395574007
60,58,6.089705101595668
60,59,5.974455813378377
60,60,6.877367299449805
61,1,4.689894527422895
61,2,5.74308765935337
61,3,5.9825223776934076
61,4,5.908778585519767
61,5,5.971609400180807
61,6,5.999290068689651
61,7,6.00328105435358
61,8,6.060362521698168
61,9,6.004104903535639
61,10,6.029887007805823
61,11,6.045901795451482
61,12,6.026618446266075
61,13,6.02387067426954
61,14,5.996894503513574
61,15,6.092248767889883
61,16,6.038576381204464
61,17,6.025532175745572
61,18,6.024903948946511
61,19,6.048248794156317
61,20,6.01905468887269
61,21,5.9872538569675156
61,22,6.028649421263708
61,23,6.058175213115123
61,24,6.0122444965562805
61,25,6.041361620500461
61,26,5.9928846443661
61,27,5.953837250983894
61,28,6.059265973347473
61,29,6.016559979300333
61,30,6.129446160461635
61,31,5.993870815756126
61,32,6.011437279006352
61,33,6.074149895731837
61,34,6.011344617168695
61,35,6.0530545356393946
61,36,5.968547426849001
61,37,6.039736326884736
61,38,5.948897559998575
61,39,5.9689299846082475
61,40,6.0484541256571545
61,41,6.00543909867685
61,42,6.03158614879884
61,43,6.04990739076393
61,44,6.003517661392232
61,45,5.998918618907678
61,46,6.032572903826562
61,47,6.023461765420804
61,48,6.030809561358252
61,49,6.0561057084524546
61,50,6.000506585653826
61,51,6.025062706434887
61,52,6.094633180301385
61,53,5.991322400381526
61,54,5.997711417023399
61,55,6.020748546465765
61,56,6.024964648162806
61,57,6.017033231243182
61,58,6.044631105495802
61,59,5.895865071424454
61,60,5.779417313035484
61,61,6.681709945611096
62,1,4.568388617766371
62,2,5.621584982169385
62,3,5.845558134775844
62,4,5.88637146607629
62,5,5.854179546782587
62,6,5.910900711790784
62,7,5.9675903746383785
62,8,5.868980489052837
62,9,5.893126894682272
62,10,5.971533729410712
62,11,5.957531042490193
62,12,5.9486329184028035
62,13,5.956123610487644
62,14,5.96898189793081
62,15,5.936125100713102
62,16,5.977894960589743
62,17,5.883332673250435
62,18,5.894627424782786
62,19,5.988984149739385
62,20,5.918291875370852
62,21,5.938718712494093
62,22,5.994222670059163
62,23,5.958255250214399
62,24,5.988574917268071
62,25,5.945364913734259
62,26,5.928642553958934
62,27,5.938094367412786
62,28,5.952524201380003
62,29,5.926045121775279
62,30,5.987156243710438
62,31,5.905659555942481
62,32,5.926625153817198
62,33,5.996186770364278
62,34,5.974780369573859
62,35,5.901019347598543
62,36,5.90727799489658
62,37,5.92342671160403
62,38,5.887049784715369
62,39,5.903233083389341
62,40,5.993279987680568
62,41,5.870169455166067
62,42,5.9255629843467545
62,43,5.9839602547181565
62,44,5.936314067763193
62,45,5.876159786449068
62,46,5.925961975641704
62,47,5.867245190205272
62,48,5.94455583472142
62,49,5.912212144909083
62,50,5.947429798820363
62,51,5.929893390941363
62,52,5.939799724808391
62,53,5.908152896360288
62,54,5.90171661817537
62,55,5.957488546992531
62,56,5.890977498656747
62,57,6.000555433862629
62,58,5.9414236771774425
62,59,5.9452573809741445
62,60,5.89363755605941
62,61,5.7365198823345445
62,62,6.553556754270857
63,1,4.543917856845604
63,2,5.54862568828222
63,3,5.706270436026225
63,4,5.696055496640864
63,5,5.724375094390798
63,6,5.762244318132375
63,7,5.7503049097284
63,8,5.875832605609968
63,9,5.765575063427431
63,10,5.83117632084442
63,11,5.838014322149956
63,12,5.787591749045275
63,13,5.827466507911509
63,14,5.799050707855184
63,15,5.930050964574536
63,16,5.7758082783814855
63,17,5.824550601455519
63,18,5.81895092376788
63,19,5.76707012693592
63,20,5.795230862868333
63,21,5.766659823436695
63,22,5.82385251423057
63,23,5.811606154036189
63,24,5.792975315668319
63,25,5.793996356300756
63,26,5.80692252473993
63,27,5.725134284371846
63,28,5.79019678877682
63,29,5.820366025854268
63,30,5.705340654680864
63,31,5.832226809135616
63,32,5.760691598101068
63,33,5.857994516864812
63,34,5.820217756254296
63,35,5.823065144229973
63,36,5.761093698790326
63,37,5.776225204639325
63,38,5.838262953547153
63,39,5.8013250509258
63,40,5.819456679575311
63,41,5.781277224801504
63,42,5.784012651740911
63,43,5.744431381004465
63,44,5.805770257118523
63,45,5.8139335061171344
63,46,5.751553410668201
63,47,5.787451915430133
63,48,5.7357389908171745
63,49,5.78828425664497
63,50,5.910300006308146
63,51,5.817903690621766
63,52,5.719400840346408
63,53,5.765417949053038
63,54,5.859509892940169
63,55,5.755030313861858
63,56,5.836385062411794
63,57,5.769181904586106
63,58,5.824251593528561
63,59,5.801682240296204
63,60,5.826167861553264
63,61,5.793404838446421
63,62,5.618436698231058
63,63,6.335685205494347
64,1,4.460753536619365
64,2,5.209646595384113
64,3,5.511526564853553
64,4,5.5865343615821415
64,5,5.635656907416716
64,6,5.677267584316368
64,7,5.621776890860808
64,8,5.544306861866852
64,9,5.671445736169687
64,10,5.668788637292345
64,11,5.673675051091274
64,12,5.619197173050989
64,13,5.614448734693547
64,14,5.722092340458955
64,15,5.694713800204513
64,16,5.691417133822872
64,17,5.681877849638111
64,18,5.683482397473833
64,19,5.701547932646107
64,20,5.673622702524568
64,21,5.746827840475173
64,22,5.601817763391829
64,23,5.659916002666542
64,24,5.648514499640352
64,25,5.646856490838402
64,26,5.704881458736518
64,27,5.670009861195937
64,28,5.6533207192844195
64,29,5.704842312661437
64,30,5.599046240552623
64,31,5.74696959842344
64,32,5.6052285492874105
64,33,5.682595913737542
64,34,5.737128538541322
64,35,5.5984707739261035
64,36,5.649967940787454
64,37,5.6601872348508735
64,38,5.706398769797164
64,39,5.626232121711603
64,40,5.656305931498803
64,41,5.583453146703731
64,42,5.6541189487566115
64,43,5.672919979975735
64,44,5.656177081421267
64,45,5.686414969521607
64,46,5.662110128008857
64,47,5.68677174198584
64,48,5.629148440700842
64,49,5.774445318193472
64,50,5.67244386339832
64,51,5.632195891785571
64,52,5.69535375895436
64,53,5.6888706068908705
64,54,5.591968622332159
64,55,5.633315291689766
64,56,5.583397594502764
64,57,5.701474376750577
64,58,5.647213199107638
64,59,5.675198292609764
64,60,5.6966486588572485
64,61,5.687578590244283
64,62,5.720638338032452
64,63,5.432078690149306
64,64,6.248369192747685
65,1,4.270463997608329
65,2,5.0795792505281625
65,3,5.418052000645091
65,4,5.459305836964139
65,5,5.469063428397428
65,6,5.601359968917798
65,7,5.52173116087352
65,8,5.595028642334408
65,9,5.63667625120771
65,10,5.509183864539441
65,11,5.5218501040842085
65,12,5.57705417125372
65,13,5.495478726936923
65,14,5.633052358040459
65,15,5.552500619692864
65,16,5.539221715022624
65,17,5.704503535381403
65,18,5.500880556036632
65,19,5.585459003736085
65,20,5.595470521116678
65,21,5.5097435885497434
65,22,5.536327759081646
65,23,5.650072549357974
65,24,5.443575697578085
65,25,5.608579364327559
65,26,5.612725969379793
65,27,5.558502320082703
65,28,5.545221353323832
65,29,5.581290890935474
65,30,5.633184320416459
65,31,5.549243630475127
65,32,5.601767797297707
65,33,5.579536953551537
65,34,5.458508686328659
65,35,5.5650568846298905
65,36,5.572944828212337
65,37,5.56536175743406
65,38,5.607941348242485
65,39,5.4299774206233
65,40,5.568222232397969
65,41,5.670812312114584
65,42,5.485414099665059
65,43,5.565772145049847
65,44,5.467901999612432
65,45,5.619207168355548
65,46,5.567211072224114
65,47,5.582208180588378
65,48,5.515677281900702
65,49,5.586372664713832
65,50,5.513497658663759
65,51,5.495353274637668
65,52,5.651880874125257
65,53,5.514614535548938
65,54,5.594620257667749
65,55,5.612789779756294
65,56,5.586738064333526
65,57,5.556907632043785
65,58,5.631278633433255
65,59,5.556683304172394
65,60,5.600479001065007
65,61,5.6768354948606365
65,62,5.576046814066951
65,63,5.606641568603114
65,64,5.425403775775254
65,65,5.966097446914831
66,1,4.098769553315448
66,2,5.003921427036685
66,3,5.1282679726896045
66,4,5.332289736813743
66,5,5.406527730322462
66,6,5.365983661125786
66,7,5.402142248660475
66,8,5.498937698297813
66,9,5.424112817254015
66,10,5.428799623480628
66,11,5.533197774681601
66,12,5.417898110690109
66,13,5.40696373283598
66,14,5.463471355167213
66,15,5.343487030072633
66,16,5.482529570353149
66,17,5.455370890862572
66,18,5.385907720817364
66,19,5.491989881426612
66,20,5.418195740404624
66,21,5.450798093365204
66,22,5.493931859013379
66,23,5.395856921971405
66,24,5.490531270921421
66,25,5.387246664457277
66,26,5.447961233651038
66,27,5.447491775520911
66,28,5.430446668630306
66,29,5.485823330451106
66,30,5.426381490210154
66,31,5.4942046618929234
66,32,5.434932532314222
66,33,5.305104210916317
66,34,5.4631451073090185
66,35,5.483609004227151
66,36,5.411299774958025
66,37,5.3210192875070215
66,38,5.484456469287315
66,39,5.49533266688365
66,40,5.367851821856426
66,41,5.479279266513803
66,42,5.387818861330109
66,43,5.406129854659422
66,44,5.422671021856513
66,45,5.4775648356423625
66,46,5.455446250157121
66,47,5.398172643058972
66,48,5.3860887985470205
66,49,5.341458675807271
66,50,5.3337342203536515
66,51,5.511475685010613
66,52,5.384939280120891
66,53,5.428122161861002
66,54,5.505008092395488
66,55,5.386434595727179
66,56,5.428240066425274
66,57,5.478375688983484
66,58,5.441155900824603
66,59,5.373960871273945
66,60,5.374996222281301
66,61,5.442813961980191
66,62,5.427174004061915
66,63,5.513935228894284
66,64,5.447867751452526
66,65,5.43862135821533
66,66,5.8408078204633895
67,1,4.114670731345809
67,2,4.799699572174832
67,3,5.183364079785833
67,4,5.277558521475955
67,5,5.209487074703044
67,6,5.278132410491566
67,7,5.289870657792488
67,8,5.354630385585925
67,9,5.237080927315839
67,10,5.233673869226208
67,11,5.374249961729386
67,12,5.304654242663171
67,13,5.331457236650555
67,14,5.335047107392152
67,15,5.206676914913285
67,16,5.2946607077501815
67,17,5.273961720911815
67,18,5.347062985853898
67,19,5.333175417879654
67,20,5.321435031455051
67,21,5.347922088356658
67,22,5.244833643456982
67,23,5.321298091703757
67,24,5.26506628165862
67,25,5.281072778351427
67,26,5.359184857200572
67,27,5.285409107725228
67,28,5.276626517482369
67,29,5.3089682599611425
67,30,5.327817109735056
67,31,5.34001487170192
67,32,5.381169857640461
67,33,5.3158981932684695
67,34,5.278725513679797
67,35,5.288685336949835
67,36,5.3093096674569
67,37,5.441252439980148
67,38,5.28465693817829
67,39,5.268713408732913
67,40,5.414580532982011
67,41,5.309920961555112
67,42,5.330377450750797
67,43,5.347379104156727
67,44,5.407854078390212
67,45,5.320733671639004
67,46,5.287349831569309
67,47,5.3280506964272885
67,48,5.313822653102567
67,49,5.345089917202423
67,50,5.349978669957926
67,51,5.323807653880666
67,52,5.359487134964698
67,53,5.35011749748302
67,54,5.189427716691853
67,55,5.383683336348107
67,56,5.377782420617083
67,57,5.389102641049398
67,58,5.396465248965807
67,59,5.325087537400099
67,60,5.292043152363515
67,61,5.371599831109166
67,62,5.283756318927625
67,63,5.252365657657982
67,64,5.296603069873058
67,65,5.28444432602999
67,66,5.1186047321811445
67,67,5.6919731783001994
68,1,4.0708903241935275
68,2,4.80914276839643
68,3,5.010881882049626
68,4,5.10876887124299
68,5,5.090030104201825
68,6,5.116588882870541
68,7,5.272185006979524
68,8,5.158845692692808
68,9,5.1025549387316085
68,10,5.222345649336743
68,11,5.254180992488215
68,12,5.204902787964069
68,13,5.25307269179498
68,14,5.183163221736972
68,15,5.278398208039099
68,16,5.200894330526529
68,17,5.209251895855536
68,18,5.271027800142558
68,19,5.174296666333837
68,20,5.222717654625638
68,21,5.241213850856016
68,22,5.270157555075763
68,23,5.174063222282735
68,24,5.152789775775826
68,25,5.288841423945687
68,26,5.094515243203226
68,27,5.175690633306063
68,28,5.173661553080906
68,29,5.160506279914679
68,30,5.16145664839013
68,31,5.244900051788563
68,32,5.205783026002099
68,33,5.251759701060042
68,34,5.240616827418006
68,35,5.264081610054017
68,36,5.105728038234782
68,37,5.210524895359392
68,38,5.26978560239805
68,39,5.1204275837474515
68,40,5.236044746489306
68,41,5.25898018146463
68,42,5.110971132571699
68,43,5.194381841511511
68,44,5.215964274683683
68,45,5.243577900782962
68,46,5.165489402296972
68,47,5.294949840622993
68,48,5.26957157359407
68,49,5.201063407642087
68,50,5.290721327768909
68,51,5.241981649031525
68,52,5.214134143514464
68,53,5.1215189581165035
68,54,5.259079909319729
68,55,5.310969048754835
68,56,5.200235056887423
68,57,5.208166551268367
68,58,5.245347142373121
68,59,5.219646188854018
68,60,5.1814264726793144
68,61,5.180458676737621
68,62,5.1547670919635165
68,63,5.234661455433596
68,64,5.1711061389114334
68,65,5.3000128395141335
68,66,5.239987228032171
68,67,5.184301194538123
68,68,5.53074744143628
69,1,3.94365625820804
69,2,4.558053855076554
69,3,4.845741763620128
69,4,4.979374898203559
69,5,4.982739784678708
69,6,5.024375023287551
69,7,4.9452693513386095
69,8,4.974994244932061
69,9,5.076615091994923
69,10,4.924145579265342
69,11,5.039347767954911
69,12,5.011546638931115
69,13,5.16543024912522
69,14,5.161070585541042
69,15,4.987834689142333
69,16,5.038005020760239
69,17,5.000786066544309
69,18,4.989710088498926
69,19,5.042148594457703
69,20,5.033737977497858
69,21,5.070818957046774
69,22,5.070758454095749
69,23,4.965699688970394
69,24,5.031569884103718
69,25,5.0428511302080885
69,26,4.982780806949717
69,27,4.9902607535206975
69,28,5.08230072230064
69,29,5.096176636254841
69,30,5.044024090956998
69,31,4.998806356767417
69,32,4.935909915777085
69,33,4.995441201364394
69,34,5.127731611000421
69,35,4.953724199556693
69,36,5.058081078695403
69,37,5.080015032375049
69,38,5.0797828229585384
69,39,5.011519479335591
69,40,5.033105834255803
69,41,4.9599489296324295
69,42,5.040487478224237
69,43,4.98042596346078
69,44,5.21482374441373
69,45,4.995971401837269
69,46,5.0779590529029575
69,47,5.085730559881471
69,48,4.943354657232047
69,49,5.09174464910901
69,50,4.9887030564303565
69,51,5.064504978926344
69,52,5.04899558227096
69,53,5.057267188706877
69,54,5.0118418711883645
69,55,4.961794831006142
69,56,5.0970831872138795
69,57,5.045387087118677
69,58,5.073965475328827
69,59,4.991491695172882
69,60,5.00047116693359
69,61,5.107696742416248
69,62,4.9698380081150875
69,63,4.878797583930168
69,64,5.0498039031849435
69,65,5.043776750149954
69,66,5.102674642047603
69,67,5.114183779934858
69,68,5.024101202359389
69,69,5.350762910638576
70,1,3.721236530206043
70,2,4.411875490137743
70,3,4.713409783728431
70,4,4.772944651956282
70,5,4.810934453985761
70,6,4.918497336076206
70,7,4.910858519413398
70,8,4.946684721329959
70,9,4.894135236132506
70,10,4.969850745626276
70,11,4.946243891734389
70,12,4.926121993804198
70,13,4.915327497393484
70,14,5.033532097389234
70,15,5.035792405253051
70,16,4.94911030706646
70,17,5.029622006713071
70,18,4.8762813608644056
70,19,4.879311854901826
70,20,4.985281176153268
70,21,4.9203269389491995
70,22,4.906163306987737
70,23,4.9078297456328155
70,24,4.931931431368
70,25,4.817412829097494
70,26,5.020899591670208
70,27,4.8456412745814985
70,28,4.867519667012661
70,29,4.951359228864364
70,30,4.787441980489318
70,31,4.921675201087031
70,32,4.81331590771211
70,33,5.093096740949621
70,34,5.0077797624845335
70,35,5.030130434252984
70,36,4.989536923125253
70,37,4.994678105970564
70,38,4.816531138789487
70,39,4.94282230688152
70,40,4.93441678688027
70,41,4.881298834435793
70,42,4.902925312709864
70,43,4.938833904130785
70,44,5.012178436323665
70,45,4.917675068102359
70,46,5.004022844453671
70,47,4.85034661591734
70,48,4.968142577299388
70,49,4.865695290033055
70,50,4.997869146380794
70,51,4.836182527026577
70,52,4.896744745138836
70,53,4.982751242175284
70,54,4.950008865619414
70,55,5.005908681781009
70,56,4.832937773393543
70,57,5.003935264235926
70,58,4.915116666473394
70,59,4.977583647860542
70,60,4.9348289074473195
70,61,4.967461853704177
70,62,4.850128294400573
70,63,4.991649611719632
70,64,4.946151157767174
70,65,4.892476784836485
70,66,4.82117093038422
70,67,4.963495009761769
70,68,4.917898959754204
70,69,4.8291248877863895
70,70,5.222159325640636
71,1,3.612188308976139
71,2,4.344023354013061
71,3,4.514695168055135
71,4,4.5678313810375615
71,5,4.76259999028642
71,6,4.853048287527173
71,7,4.789372572903086
71,8,4.636165751293689
71,9,4.737069363502462
71,10,4.788211417907862
71,11,4.708244087155254
71,12,4.685571589798968
71,13,4.75297667373476
71,14,4.5744890326549
71,15,4.7482405997014805
71,16,4.70889160865738
71,17,4.791441726083061
71,18,4.622980218389558
71,19,4.7352400133523185
71,20,4.785156269797469
71,21,4.617568263214546
71,22,4.785892888618402
71,23,4.773038364428356
71,24,4.713007032631399
71,25,4.780239837740187
71,26,4.84301459641184
71,27,4.607241197927329
71,28,4.720848290425881
71,29,4.787632576301976
71,30,4.718560935097661
71,31,4.828344644679975
71,32,4.761318211241697
71,33,4.872080270208348
71,34,4.698868393913352
71,35,4.630705785062202
71,36,4.780188881216583
71,37,4.8795732973560835
71,38,4.805386089344036
71,39,4.716879255064303
71,40,4.783119761556446
71,41,4.796752826063615
71,42,4.690824533980323
71,43,4.8002534641684615
71,44,4.659722656986509
71,45,4.842023506697455
71,46,4.672313025815279
71,47,4.803401289089365
71,48,4.882707261211144
71,49,4.78010188973569
71,50,4.658187138447761
71,51,4.832261086447884
71,52,4.752793262535376
71,53,4.787861978358854
71,54,4.684896957851682
71,55,4.7713530030295015
71,56,4.669258335144398
71,57,4.699887994827512
71,58,4.789237619179209
71,59,4.730128056494971
71,60,4.663260757174438
71,61,4.59089991593022
71,62,4.670669227660052
71,63,4.792420000069044
71,64,4.820529218205295
71,65,4.725467841570206
71,66,4.737881335178907
71,67,4.789908136110082
71,68,4.69940567227561
71,69,4.6874365816962165
71,70,4.747727103188339
71,71,4.9903893621479
72,1,3.700412022953513
72,2,4.221338862186269
72,3,4.51827679679343
72,4,4.458742040392438
72,5,4.594376507113011
72,6,4.579411068258133
72,7,4.644053736196565
72,8,4.448669282159481
72,9,4.662073312294287
72,10,4.676429896783943
72,11,4.762667724358193
72,12,4.661465098117161
72,13,4.500870819475383
72,14,4.679255793696886
72,15,4.656610341050437
72,16,4.7355126497598
72,17,4.691308583691512
72,18,4.564477960746629
72,19,4.598011557564213
72,20,4.783773122412715
72,21,4.591302976827584
72,22,4.611391945804106
72,23,4.62054661500549
72,24,4.6934802126040776
72,25,4.544472638350486
72,26,4.681899329210906
72,27,4.684203841448947
72,28,4.61285600753084
72,29,4.67118632735217
72,30,4.542706652701696
72,31,4.698179030776113
72,32,4.5888941717299305
72,33,4.663162274642609
72,34,4.690214100244957
72,35,4.625316847027303
72,36,4.805426152754097
72,37,4.722194977790931
72,38,4.5147921540288385
72,39,4.700171490704838
72,40,4.592492579002129
72,41,4.64106902885505
72,42,4.746680200829336
72,43,4.64998980657394
72,44,4.68897407347076
72,45,4.607257723127359
72,46,4.553403437998369
72,47,4.525322582256624
72,48,4.616523223926381
72,49,4.553515894706903
72,50,4.596414855465953
72,51,4.673652124690855
72,52,4.7080191489994165
72,53,4.62131963549848
72,54,4.594865182620502
72,55,4.581594039263948
72,56,4.57415960683474
72,57,4.586565385539171
72,58,4.490634735182597
72,59,4.724506664277581
72,60,4.692819008631524
72,61,4.742155231286619
72,62,4.697368417525996
72,63,4.723492471595222
72,64,4.597883316872439
72,65,4.758738986711255
72,66,4.869250256510022
72,67,4.428609267302103
72,68,4.658058928183956
72,69,4.610601622675247
72,70,4.663532837845585
72,71,4.606750119873103
72,72,4.886573435674803
73,1,3.6190841458379026
73,2,3.988518997280854
73,3,4.533195448115291
73,4,4.391004180880694
73,5,4.334594874996078
73,6,4.42534930852302
73,7,4.589667974543364
73,8,4.487391138786441
73,9,4.537070443732869
73,10,4.4789257891579535
73,11,4.406018008108112
73,12,4.473334890934244
73,13,4.389411048600171
73,14,4.558452938499074
73,15,4.427726390927543
73,16,4.45110158785642
73,17,4.474365509306007
73,18,4.389448642250538
73,19,4.293089597346351
73,20,4.285053530015554
73,21,4.408685309280543
73,22,4.4027625661338305
73,23,4.469038145363591
73,24,4.513785151834064
73,25,4.5036198988614515
73,26,4.452521090885721
73,27,4.397941543137164
73,28,4.410640641731991
73,29,4.41709921430085
73,30,4.363179979579161
73,31,4.308690336860675
73,32,4.520558703292396
73,33,4.44334096854647
73,34,4.492204267695072
73,35,4.4305137284388225
73,36,4.472005292935014
73,37,4.36358573027023
73,38,4.542560751701898
73,39,4.532311774508136
73,40,4.49431163500938
73,41,4.379920394637318
73,42,4.5347618959092
73,43,4.55405560267374
73,44,4.473334890934244
73,45,4.536192084163111
73,46,4.555575695957723
73,47,4.430287787807897
73,48,4.505355247551751
73,49,4.614226048646008
73,50,4.587280206914232
73,51,4.529688023855849
73,52,4.594290608167243
73,53,4.398392781566636
73,54,4.466487433707846
73,55,4.428846690390233
73,56,4.438138954980299
73,57,4.415640770414065
73,58,4.388216843369414
73,59,4.546041491474726
73,60,4.487942967470593
73,61,4.466588023962527
73,62,4.575222842033629
73,63,4.39403368222405
73,64,4.419848315329382
73,65,4.524523603940047
73,66,4.498072551157887
73,67,4.500506673296946
73,68,4.399777482082143
73,69,4.549307618673616
73,70,4.42986130949999
73,71,4.395931974940962
73,72,4.5003813229207
73,73,4.571195587614046
74,1,3.4575605779001837
74,2,3.746491140703979
74,3,3.9874275165543405
74,4,4.1785566614382175
74,5,4.206701861559507
74,6,4.321881113458881
74,7,4.248614532151722
74,8,4.245894400019979
74,9,4.316612926271427
74,10,4.269570867447829
74,11,4.308361752993425
74,12,4.310110353555122
74,13,4.20268369086326
74,14,4.280853935898696
74,15,4.3812794418037635
74,16,4.4015603776085905
74,17,4.075909607471897
74,18,4.427784900092152
74,19,4.252134118777478
74,20,4.38897927059322
74,21,4.1476300402090835
74,22,4.0438726557166484
74,23,4.32085682147078
74,24,4.262967512240173
74,25,4.171569361595739
74,26,4.114389616985392
74,27,4.39344800328666
74,28,4.31550259574531
74,29,4.192698660976897
74,30,4.310995846587152
74,31,4.234885078145516
74,32,4.160234419735837
74,33,4.289953472753029
74,34,4.37615005357238
74,35,4.147840133749834
74,36,4.201035872792915
74,37,4.396967589912416
74,38,4.089762807479538
74,39,4.171291763683597
74,40,4.3196448214442915
74,41,4.35335907917656
74,42,4.2514743502485555
74,43,4.361208599539686
74,44,4.4808418401791625
74,45,4.226896758826319
74,46,4.186738380181108
74,47,4.202559635860526
74,48,4.353981718249784
74,49,4.31309333964567
74,50,4.319022182371067
74,51,4.25400677434191
74,52,4.435221874922803
74,53,4.106726917651633
74,54,4.365715348697845
74,55,4.239965557294582
74,56,4.149487951820179
74,57,4.302346871730012
74,58,4.293473059378786
74,59,4.09706839475973
74,60,4.091575370078189
74,61,4.261319694169827
74,62,4.367898880294378
74,63,4.268460536921713
74,64,4.344222412866529
74,65,4.33039128935995
74,66,4.26800997492452
74,67,4.365613679197471
74,68,4.359459998977988
74,69,4.239616664797762
74,70,4.283349230536352
74,71,4.38582332041762
74,72,4.2318531829726505
74,73,4.2047431674570594
74,74,4.441150717648201
75,1,3.297009564080926
75,2,3.575480838178857
75,3,3.8407077135683423
75,4,3.7265085456357414
75,5,3.894821633066519
75,6,3.563120067967149
75,7,3.91757155236063
75,8,3.837206661860926
75,9,3.774274297316963
75,10,4.050626804303741
75,11,3.9577539976104816
75,12,3.8648811909172225
75,13,3.6789747228726744
75,14,3.8497145780544817
75,15,3.837206661860926
75,16,3.8888938136080733
75,17,3.965337304041852
75,18,3.985428526666778
75,19,3.9577539976104816
75,20,3.9376627749855557
75,21,3.775509435931379
75,22,3.897480329735704
75,23,3.853635978120407
75,24,3.8823137168729636
75,25,3.9014017298016292
75,26,3.925154858792
75,27,4.005519749291704
75,28,4.013103055723074
75,29,3.8411280619268515
75,30,3.8558743264310826
75,31,3.8813105071767033
75,32,3.8487113683582215
75,33,3.857297884485852
75,34,3.9778452202354075
75,35,3.857297884485852
75,36,3.768346477858518
75,37,3.7845163004175184
75,38,3.8546391878166673
75,39,3.844789968292296
75,40,3.908985036232999
75,41,3.897480329735704
75,42,3.624628874456342
75,43,3.8206164909434164
75,44,3.7443338551676666
75,45,3.9577539976104816
75,46,3.7576841263994534
75,47,3.853635978120407
75,48,3.833544755495481
75,49,3.853635978120407
75,50,3.908985036232999
75,51,3.732085432674591
75,52,3.7845163004175184
75,53,3.789440910179704
75,54,3.9577539976104816
75,55,3.8688025909831474
75,56,3.8487113683582215
75,57,3.8884734652495645
75,58,3.8612192845517774
75,59,3.862222494248037
75,60,3.768346477858518
75,61,3.6352912259154064
75,62,3.9577539976104816
75,63,4.01802766548526
75,64,3.9300794685541858
75,65,3.9577539976104816
75,66,3.9099882459292594
75,67,3.774274297316963
75,68,3.8421312716231113
75,69,3.80953213280463
75,70,3.8421312716231113
75,71,3.7291672423049262
75,72,3.772267877924443
75,73,3.9778452202354075
75,74,3.789440910179704
75,75,3.897480329735704
76,1,3.1248163968000755
76,2,3.3522311731919947
76,3,3.5668316786942813
76,4,3.635556424581088
76,5,3.708519285692661
76,6,3.6263766325852185
76,7,3.5960943091692417
76,8,3.7663409850962455
76,9,3.556632193757395
76,10,3.675018539992934
76,11,3.757161193100376
76,12,3.5338397757443287
76,13,3.615473586101997
76,14,3.5015534417821796
76,15,3.6889452899633444
76,16,3.6738041282553557
76,17,3.6993394936967916
76,18,3.742020031392388
76,19,3.814982892503961
76,20,3.61123547087723
76,21,3.781482146804234
76,22,3.556437474960834
76,23,3.650697586289076
76,24,3.757161193100376
76,25,3.679765497967475
76,26,3.7316258276589402
76,27,3.6020556788813605
76,28,3.617196840589349
76,29,3.721937192913297
76,30,3.751199823388257
76,31,3.9274078690273804
76,32,3.7316258276589402
76,33,3.723660447400649
76,34,3.8393038462078186
76,35,3.757161193100376
76,36,3.7723023548083647
76,37,3.8971255456114036
76,38,3.649483174551498
76,39,3.606802636855902
76,40,3.615473586101997
76,41,3.814982892503961
76,42,3.8393038462078186
76,43,3.751199823388257
76,44,3.449514988007426
76,45,3.790661938800103
76,46,3.742020031392388
76,47,3.615982428851771
76,48,3.649483174551498
76,49,3.887945753615534
76,50,3.8301240542119497
76,51,3.887945753615534
76,52,3.585700105435794
76,53,3.7144806554047802
76,54,3.641517794293207
76,55,3.6355564245810874
76,56,3.483474613849261
76,57,3.5765203134399246
76,58,3.5181897712865657
76,59,3.708519285692661
76,60,3.751199823388257
76,61,3.4596625028951773
76,62,3.6993394936967916
76,63,3.848483638203688
76,64,3.723660447400649
76,65,3.6889452899633444
76,66,3.6993394936967916
76,67,3.8393038462078186
76,68,3.781482146804234
76,69,3.5765203134399246
76,70,3.757161193100376
76,71,3.705300863408911
76,72,3.658662966547367
76,73,3.6809799097050533
76,74,3.790661938800103
76,75,3.5916614751479132
76,76,3.7559467813627982
77,1,2.8030474863394983
77,2,3.289981049457509
77,3,3.3985393782958444
77,4,3.51559265897395
77,5,3.467854096351839
77,6,3.4462779409179554
77,7,3.6195647360579417
77,8,3.2599099421838553
77,9,3.335989075353571
77,10,3.550250018001947
77,11,3.32922466023985
77,12,3.654222095085939
77,13,3.316143456645736
77,14,3.4331967373238417
77,15,3.5849073770299444
77,16,3.502511455379836
77,17,3.4462779409179554
77,18,3.3508008156737334
77,19,3.51559265897395
77,20,3.411620581889958
77,21,3.467854096351839
77,22,3.4331967373238417
77,23,3.2320169982695792
77,24,3.3854581747017307
77,25,3.502511455379836
77,26,3.4462779409179554
77,27,3.502511455379836
77,28,3.376963222861961
77,29,3.4462779409179554
77,30,3.2320169982695792
77,31,3.32922466023985
77,32,3.5849073770299444
77,33,3.51559265897395
77,34,3.383727637975682
77,35,3.4053037934095656
77,36,3.4809352999459526
77,37,3.32922466023985
77,38,3.363882019267847
77,39,3.335989075353571
77,40,3.51559265897395
77,41,3.4462779409179554
77,42,3.3854581747017307
77,43,3.51559265897395
77,44,3.467854096351839
77,45,3.5371688144078335
77,46,3.4416916891636116
77,47,3.3854581747017307
77,48,3.4462779409179554
77,49,3.467854096351839
77,50,3.550250018001947
77,51,3.3854581747017307
77,52,3.467854096351839
77,53,3.502511455379836
77,54,3.4547728927577253
77,55,3.5371688144078335
77,56,3.5371688144078335
77,57,3.5849073770299444
77,58,3.467854096351839
77,59,3.3076485048059663
77,60,3.32922466023985
77,61,3.4462779409179554
77,62,3.467854096351839
77,63,3.376963222861961
77,64,3.5371688144078335
77,65,3.3854581747017307
77,66,3.316143456645736
77,67,3.3854581747017307
77,68,3.467854096351839
77,69,3.2666743572975765
77,70,3.467854096351839
77,71,3.316143456645736
77,72,3.4809352999459526
77,73,3.51559265897395
77,74,3.363882019267847
77,75,3.51559265897395
77,76,3.316143456645736
77,77,3.51559265897395
78,1,2.5823063443139667
78,2,2.4762206495981647
78,3,2.6302533563892636
78,4,2.6593226977095163
78,5,2.707269709784813
78,6,2.3701349548823627
78,7,2.8903717578961645
78,8,2.8133554045006153
78,9,2.399204296202615
78,10,2.553237002993714
78,11,2.399204296202615
78,12,2.707269709784813
78,13,2.8133554045006153
78,14,2.8133554045006153
78,15,2.707269709784813
78,16,2.7363390511050656
78,17,2.4433056711089147
78,18,2.5823063443139667
78,19,2.7363390511050656
78,20,2.8133554045006153
78,21,2.6302533563892636
78,22,2.8903717578961645
78,23,2.6593226977095163
78,24,2.8903717578961645
78,25,2.7363390511050656
78,26,2.5052899909184174
78,27,2.7363390511050656
78,28,2.8133554045006153
78,29,2.5823063443139667
78,30,2.8133554045006153
78,31,2.8133554045006153
78,32,2.8133554045006153
78,33,2.707269709784813
78,34,2.8133554045006153
78,35,2.8133554045006153
78,36,2.553237002993714
78,37,2.8133554045006153
78,38,2.8903717578961645
78,39,2.6593226977095163
78,40,2.7363390511050656
78,41,2.707269709784813
78,42,2.8133554045006153
78,43,2.8133554045006153
78,44,2.8903717578961645
78,45,2.8133554045006153
78,46,2.6302533563892636
78,47,2.7363390511050656
78,48,2.7363390511050656
78,49,2.7363390511050656
78,50,2.8133554045006153
78,51,2.8903717578961645
78,52,2.8133554045006153
78,53,2.8903717578961645
78,54,2.6302533563892636
78,55,2.8133554045006153
78,56,2.5823063443139667
78,57,2.6302533563892636
78,58,2.707269709784813
78,59,2.8903717578961645
78,60,2.8133554045006153
78,61,2.6593226977095163
78,62,2.7363390511050656
78,63,2.7363390511050656
78,64,2.8903717578961645
78,65,2.6302533563892636
78,66,2.6302533563892636
78,67,2.447151308277912
78,68,2.7363390511050656
78,69,2.707269709784813
78,70,2.8133554045006153
78,71,2.7363390511050656
78,72,2.707269709784813
78,73,2.6593226977095163
78,74,2.7363390511050656
78,75,2.707269709784813
78,76,2.8133554045006153
78,77,2.6593226977095163
78,78,2.7363390511050656
79,1,1.791759469228055
79,2,1.791759469228055
79,3,1.791759469228055
79,4,1.791759469228055
79,5,1.791759469228055
79,6,1.791759469228055
79,7,1.5607104090414063
79,8,1.791759469228055
79,9,1.791759469228055
79,10,1.791759469228055
79,11,1.791759469228055
79,12,1.791759469228055
79,13,1.791759469228055
79,14,1.791759469228055
79,15,1.791759469228055
79,16,1.791759469228055
79,17,1.5607104090414063
79,18,1.791759469228055
79,19,1.791759469228055
79,20,1.791759469228055
79,21,1.5607104090414063
79,22,1.5607104090414063
79,23,1.791759469228055
79,24,1.791759469228055
79,25,1.3296613488547582
79,26,1.791759469228055
79,27,1.791759469228055
79,28,1.5607104090414063
79,29,1.791759469228055
79,30,1.791759469228055
79,31,1.791759469228055
79,32,1.5607104090414063
79,33,1.791759469228055
79,34,1.791759469228055
79,35,1.791759469228055
79,36,1.791759469228055
79,37,1.791759469228055
79,38,1.3296613488547582
79,39,1.791759469228055
79,40,1.791759469228055
79,41,1.791759469228055
79,42,1.791759469228055
79,43,1.791759469228055
79,44,1.791759469228055
79,45,1.791759469228055
79,46,1.791759469228055
79,47,1.5607104090414063
79,48,1.791759469228055
79,49,1.791759469228055
79,50,1.791759469228055
79,51,1.791759469228055
79,52,1.791759469228055
79,53,1.791759469228055
79,54,1.791759469228055
79,55,1.791759469228055
79,56,1.791759469228055
79,57,1.242453324894
79,58,1.5607104090414063
79,59,1.791759469228055
79,60,1.791759469228055
79,61,1.791759469228055
79,62,1.791759469228055
79,63,1.791759469228055
79,64,1.5607104090414063
79,65,1.791759469228055
79,66,1.791759469228055
79,67,1.791759469228055
79,68,1.791759469228055
79,69,1.791759469228055
79,70,1.791759469228055
79,71,1.5607104090414063
79,72,1.791759469228055
79,73,1.791759469228055
79,74,1.791759469228055
79,75,1.791759469228055
79,76,1.791759469228055
79,77,1.791759469228055
79,78,1.791759469228055
79,79,1.791759469228055
80,1,1.791759469228055
80,2,1.5607104090414063
80,3,1.791759469228055
80,4,1.791759469228055
80,5,1.791759469228055
80,6,1.791759469228055
80,7,1.791759469228055
80,8,1.791759469228055
80,9,1.791759469228055
80,10,1.791759469228055
80,11,1.791759469228055
80,12,1.5607104090414063
80,13,1.5607104090414063
80,14,1.5607104090414063
80,15,1.791759469228055
80,16,1.791759469228055
80,17,1.791759469228055
80,18,1.791759469228055
80,19,1.791759469228055
80,20,1.791759469228055
80,21,1.791759469228055
80,22,1.791759469228055
80,23,1.791759469228055
80,24,1.791759469228055
80,25,1.791759469228055
80,26,1.791759469228055
80,27,1.791759469228055
80,28,1.791759469228055
80,29,1.791759469228055
80,30,1.5607104090414063
80,31,1.791759469228055
80,32,1.5607104090414063
80,33,1.5607104090414063
80,34,1.791759469228055
80,35,1.791759469228055
80,36,1.791759469228055
80,37,1.5607104090414063
80,38,1.791759469228055
80,39,1.791759469228055
80,40,1.791759469228055
80,41,1.5607104090414063
80,42,1.5607104090414063
80,43,1.791759469228055
80,44,1.791759469228055
80,45,1.791759469228055
80,46,1.791759469228055
80,47,1.791759469228055
80,48,1.791759469228055
80,49,1.791759469228055
80,50,1.791759469228055
80,51,1.791759469228055
80,52,1.791759469228055
80,53,1.791759469228055
80,54,1.791759469228055
80,55,1.791759469228055
80,56,1.791759469228055
80,57,1.791759469228055
80,58,1.5607104090414063
80,59,1.791759469228055
80,60,1.791759469228055
80,61,1.5607104090414063
80,62,1.791759469228055
80,63,1.5607104090414063
80,64,1.791759469228055
80,65,1.791759469228055
80,66,1.791759469228055
80,67,1.791759469228055
80,68,1.791759469228055
80,69,1.791759469228055
80,70,1.5607104090414063
80,71,1.791759469228055
80,72,1.791759469228055
80,73,1.791759469228055
80,74,1.791759469228055
80,75,1.791759469228055
80,76,1.791759469228055
80,77,1.791759469228055
80,78,1.791759469228055
80,79,1.791759469228055
80,80,1.791759469228055
81,1,1.6094379124341005
81,2,1.6094379124341005
81,3,1.6094379124341005
81,4,1.6094379124341005
81,5,1.6094379124341005
81,6,1.3321790402101223
81,7,1.6094379124341005
81,8,1.6094379124341005
81,9,1.6094379124341005
81,10,1.6094379124341005
81,11,1.6094379124341005
81,12,1.6094379124341005
81,13,1.6094379124341005
81,14,1.6094379124341005
81,15,1.6094379124341005
81,16,1.6094379124341005
81,17,1.6094379124341005
81,18,1.6094379124341005
81,19,1.6094379124341005
81,20,1.6094379124341005
81,21,1.6094379124341005
81,22,1.6094379124341005
81,23,1.6094379124341005
81,24,1.6094379124341005
81,25,1.6094379124341005
81,26,1.6094379124341005
81,27,1.6094379124341005
81,28,1.6094379124341005
81,29,1.6094379124341005
81,30,1.6094379124341005
81,31,1.6094379124341005
81,32,1.6094379124341005
81,33,1.6094379124341005
81,34,1.6094379124341005
81,35,1.6094379124341005
81,36,1.6094379124341005
81,37,1.6094379124341005
81,38,1.6094379124341005
81,39,1.6094379124341005
81,40,1.6094379124341005
81,41,1.6094379124341005
81,42,1.6094379124341005
81,43,1.6094379124341005
81,44,1.6094379124341005
81,45,1.6094379124341005
81,46,1.6094379124341005
81,47,1.6094379124341005
81,48,1.6094379124341005
81,49,1.6094379124341005
81,50,1.6094379124341005
81,51,1.6094379124341005
81,52,1.3321790402101223
81,53,1.3321790402101223
81,54,1.6094379124341005
81,55,1.6094379124341005
81,56,1.6094379124341005
81,57,1.6094379124341005
81,58,1.6094379124341005
81,59,1.6094379124341005
81,60,1.6094379124341005
81,61,1.6094379124341005
81,62,1.6094379124341005
81,63,1.6094379124341005
81,64,1.6094379124341005
81,65,1.6094379124341005
81,66,1.3321790402101223
81,67,1.6094379124341005
81,68,1.6094379124341005
81,69,1.6094379124341005
81,70,1.6094379124341005
81,71,1.6094379124341005
81,72,1.6094379124341005
81,73,1.6094379124341005
81,74,1.3321790402101223
81,75,1.6094379124341005
81,76,1.6094379124341005
81,77,1.6094379124341005
81,78,1.6094379124341005
81,79,1.6094379124341005
81,80,1.6094379124341005
81,81,1.6094379124341005
82,1,1.0986122886681096
82,2,1.0986122886681096
82,3,1.0986122886681096
82,4,1.0986122886681096
82,5,1.0986122886681096
82,6,1.0986122886681096
82,7,1.0986122886681096
82,8,1.0986122886681096
82,9,1.0986122886681096
82,10,1.0986122886681096
82,11,1.0986122886681096
82,12,1.0986122886681096
82,13,1.0986122886681096
82,14,1.0986122886681096
82,15,1.0986122886681096
82,16,1.0986122886681096
82,17,1.0986122886681096
82,18,1.0986122886681096
82,19,1.0986122886681096
82,20,1.0986122886681096
82,21,1.0986122886681096
82,22,1.0986122886681096
82,23,1.0986122886681096
82,24,1.0986122886681096
82,25,1.0986122886681096
82,26,1.0986122886681096
82,27,1.0986122886681096
82,28,1.0986122886681096
82,29,1.0986122886681096
82,30,1.0986122886681096
82,31,1.0986122886681096
82,32,1.0986122886681096
82,33,1.0986122886681096
82,34,1.0986122886681096
82,35,1.0986122886681096
82,36,1.0986122886681096
82,37,1.0986122886681096
82,38,1.0986122886681096
82,39,1.0986122886681096
82,40,1.0986122886681096
82,41,1.0986122886681096
82,42,1.0986122886681096
82,43,1.0986122886681096
82,44,1.0986122886681096
82,45,1.0986122886681096
82,46,1.0986122886681096
82,47,1.0986122886681096
82,48,1.0986122886681096
82,49,1.0986122886681096
82,50,1.0986122886681096
82,51,1.0986122886681096
82,52,1.0986122886681096
82,53,1.0986122886681096
82,54,1.0986122886681096
82,55,1.0986122886681096
82,56,1.0986122886681096
82,57,1.0986122886681096
82,58,1.0986122886681096
82,59,1.0986122886681096
82,60,1.0986122886681096
82,61,1.0986122886681096
82,62,1.0986122886681096
82,63,1.0986122886681096
82,64,1.0986122886681096
82,65,1.0986122886681096
82,66,1.0986122886681096
82,67,1.0986122886681096
82,68,0.6365141682948128
82,69,1.0986122886681096
82,70,1.0986122886681096
82,71,1.0986122886681096
82,72,1.0986122886681096
82,73,1.0986122886681096
82,74,1.0986122886681096
82,75,1.0986122886681096
82,76,1.0986122886681096
82,77,1.0986122886681096
82,78,1.0986122886681096
82,79,1.0986122886681096
82,80,1.0986122886681096
82,81,1.0986122886681096
82,82,1.0986122886681096
83,1,1.3862943611198906
83,2,1.3862943611198906
83,3,1.3862943611198906
83,4,1.3862943611198906
83,5,1.3862943611198906
83,6,1.3862943611198906
83,7,1.3862943611198906
83,8,1.3862943611198906
83,9,1.3862943611198906
83,10,1.3862943611198906
83,11,1.3862943611198906
83,12,1.3862943611198906
83,13,1.3862943611198906
83,14,1.3862943611198906
83,15,1.3862943611198906
83,16,1.3862943611198906
83,17,1.3862943611198906
83,18,1.3862943611198906
83,19,1.3862943611198906
83,20,1.3862943611198906
83,21,1.3862943611198906
83,22,1.3862943611198906
83,23,1.3862943611198906
83,24,1.3862943611198906
83,25,1.3862943611198906
83,26,1.3862943611198906
83,27,1.3862943611198906
83,28,1.3862943611198906
83,29,1.3862943611198906
83,30,1.3862943611198906
83,31,1.3862943611198906
83,32,1.3862943611198906
83,33,1.3862943611198906
83,34,1.3862943611198906
83,35,1.3862943611198906
83,36,1.3862943611198906
83,37,1.3862943611198906
83,38,1.3862943611198906
83,39,1.3862943611198906
83,40,1.3862943611198906
83,41,1.3862943611198906
83,42,1.3862943611198906
83,43,1.3862943611198906
83,44,1.3862943611198906
83,45,1.3862943611198906
83,46,1.3862943611198906
83,47,1.3862943611198906
83,48,1.3862943611198906
83,49,1.3862943611198906
83,50,1.3862943611198906
83,51,1.3862943611198906
83,52,1.3862943611198906
83,53,1.3862943611198906
83,54,1.3862943611198906
83,55,1.0397207708399179
83,56,1.3862943611198906
83,57,1.0397207708399179
83,58,1.3862943611198906
83,59,1.3862943611198906
83,60,1.3862943611198906
83,61,1.3862943611198906
83,62,1.3862943611198906
83,63,1.3862943611198906
83,64,1.3862943611198906
83,65,1.3862943611198906
83,66,1.3862943611198906
83,67,1.3862943611198906
83,68,1.3862943611198906
83,69,1.3862943611198906
83,70,1.3862943611198906
83,71,1.3862943611198906
83,72,1.3862943611198906
83,73,1.3862943611198906
83,74,1.3862943611198906
83,75,1.0397207708399179
83,76,1.3862943611198906
83,77,1.3862943611198906
83,78,1.3862943611198906
83,79,1.3862943611198906
83,80,1.3862943611198906
83,81,1.3862943611198906
83,82,1.3862943611198906
83,83,1.3862943611198906
84,1,1.0986122886681096
84,2,1.0986122886681096
84,3,1.0986122886681096
84,4,1.0986122886681096
84,5,1.0986122886681096
84,6,1.0986122886681096
84,7,1.0986122886681096
84,8,1.0986122886681096
84,9,1.0986122886681096
84,10,1.0986122886681096
84,11,0.6365141682948128
84,12,1.0986122886681096
84,13,1.0986122886681096
84,14,1.0986122886681096
84,15,1.0986122886681096
84,16,1.0986122886681096
84,17,1.0986122886681096
84,18,0.6365141682948128
84,19,0.6365141682948128
84,20,1.0986122886681096
84,21,1.0986122886681096
84,22,1.0986122886681096
84,23,1.0986122886681096
84,24,1.0986122886681096
84,25,1.0986122886681096
84,26,1.0986122886681096
84,27,1.0986122886681096
84,28,1.0986122886681096
84,29,1.0986122886681096
84,30,1.0986122886681096
84,31,1.0986122886681096
84,32,1.0986122886681096
84,33,1.0986122886681096
84,34,1.0986122886681096
84,35,1.0986122886681096
84,36,1.0986122886681096
84,37,1.0986122886681096
84,38,1.0986122886681096
84,39,1.0986122886681096
84,40,1.0986122886681096
84,41,1.0986122886681096
84,42,1.0986122886681096
84,43,1.0986122886681096
84,44,1.0986122886681096
84,45,1.0986122886681096
84,46,1.0986122886681096
84,47,1.0986122886681096
84,48,1.0986122886681096
84,49,1.0986122886681096
84,50,1.0986122886681096
84,51,1.0986122886681096
84,52,1.0986122886681096
84,53,1.0986122886681096
84,54,1.0986122886681096
84,55,1.0986122886681096
84,56,1.0986122886681096
84,57,1.0986122886681096
84,58,1.0986122886681096
84,59,1.0986122886681096
84,60,1.0986122886681096
84,61,1.0986122886681096
84,62,1.0986122886681096
84,63,1.0986122886681096
84,64,1.0986122886681096
84,65,1.0986122886681096
84,66,1.0986122886681096
84,67,1.0986122886681096
84,68,1.0986122886681096
84,69,1.0986122886681096
84,70,1.0986122886681096
84,71,1.0986122886681096
84,72,1.0986122886681096
84,73,1.0986122886681096
84,74,1.0986122886681096
84,75,1.0986122886681096
84,76,1.0986122886681096
84,77,1.0986122886681096
84,78,1.0986122886681096
84,79,0.6365141682948128
84,80,1.0986122886681096
84,81,1.0986122886681096
84,82,1.0986122886681096
84,83,1.0986122886681096
84,84,1.0986122886681096
85,1,0.6931471805599453
85,2,0.6931471805599453
85,3,0.6931471805599453
85,4,0.6931471805599453
85,5,0.6931471805599453
85,6,0.6931471805599453
85,7,0.6931471805599453
85,8,0.6931471805599453
85,9,0.6931471805599453
85,10,0.6931471805599453
85,11,0.6931471805599453
85,12,0.6931471805599453
85,13,0.6931471805599453
85,14,0.6931471805599453
85,15,0.6931471805599453
85,16,0.6931471805599453
85,17,0.6931471805599453
85,18,0.6931471805599453
85,19,0.6931471805599453
85,20,0.6931471805599453
85,21,0.6931471805599453
85,22,0.6931471805599453
85,23,0.6931471805599453
85,24,0.6931471805599453
85,25,0.6931471805599453
85,26,0.6931471805599453
85,27,0.6931471805599453
85,28,0.6931471805599453
85,29,0.6931471805599453
85,30,0.6931471805599453
85,31,0.6931471805599453
85,32,0.6931471805599453
85,33,0.6931471805599453
85,34,0.6931471805599453
85,35,0.6931471805599453
85,36,0.6931471805599453
85,37,0.6931471805599453
85,38,0.6931471805599453
85,39,0.6931471805599453
85,40,0.6931471805599453
85,41,0.6931471805599453
85,42,0.6931471805599453
85,43,0.6931471805599453
85,44,0.6931471805599453
85,45,0.6931471805599453
85,46,0.6931471805599453
85,47,0.6931471805599453
85,48,0.6931471805599453
85,49,0.6931471805599453
85,50,0.6931471805599453
85,51,0.6931471805599453
85,52,0.6931471805599453
85,53,0.6931471805599453
85,54,0.6931471805599453
85,55,0.6931471805599453
85,56,0.6931471805599453
85,57,0.6931471805599453
85,58,0.6931471805599453
85,59,0.6931471805599453
85,60,0.6931471805599453
85,61,0.6931471805599453
85,62,0.6931471805599453
85,63,0.6931471805599453
85,64,0.6931471805599453
85,65,0.6931471805599453
85,66,0.6931471805599453
85,67,0.6931471805599453
85,68,0.6931471805599453
85,69,0.6931471805599453
85,70,0.6931471805599453
85,71,0.6931471805599453
85,72,0.6931471805599453
85,73,0.6931471805599453
85,74,0.6931471805599453
85,75,0.6931471805599453
85,76,0.6931471805599453
85,77,0.6931471805599453
85,78,0.6931471805599453
85,79,0.6931471805599453
85,80,0.6931471805599453
85,81,0.6931471805599453
85,82,0.6931471805599453
85,83,0.6931471805599453
85,84,0.6931471805599453
85,85,0.6931471805599453
86,1,-0
86,2,-0
86,3,-0
86,4,-0
86,5,-0
86,6,-0
86,7,-0
86,8,-0
86,9,-0
86,10,-0
86,11,-0
86,12,-0
86,13,-0
86,14,-0
86,15,-0
86,16,-0
86,17,-0
86,18,-0
86,19,-0
86,20,-0
86,21,-0
86,22,-0
86,23,-0
86,24,-0
86,25,-0
86,26,-0
86,27,-0
86,28,-0
86,29,-0
86,30,-0
86,31,-0
86,32,-0
86,33,-0
86,34,-0
86,35,-0
86,36,-0
86,37,-0
86,38,-0
86,39,-0
86,40,-0
86,41,-0
86,42,-0
86,43,-0
86,44,-0
86,45,-0
86,46,-0
86,47,-0
86,48,-0
86,49,-0
86,50,-0
86,51,-0
86,52,-0
86,53,-0
86,54,-0
86,55,-0
86,56,-0
86,57,-0
86,58,-0
86,59,-0
86,60,-0
86,61,-0
86,62,-0
86,63,-0
86,64,-0
86,65,-0
86,66,-0
86,67,-0
86,68,-0
86,69,-0
86,70,-0
86,71,-0
86,72,-0
86,73,-0
86,74,-0
86,75,-0
86,76,-0
86,77,-0
86,78,-0
86,79,-0
86,80,-0
86,81,-0
86,82,-0
86,83,-0
86,84,-0
86,85,-0
86,86,-0
88,1,1.3321790402101223
88,2,1.6094379124341005
88,3,1.3321790402101223
88,4,1.6094379124341005
88,5,1.6094379124341005
88,6,1.6094379124341005
88,7,1.6094379124341005
88,8,1.6094379124341005
88,9,1.3321790402101223
88,10,1.6094379124341005
88,11,1.6094379124341005
88,12,1.6094379124341005
88,13,1.3321790402101223
88,14,1.6094379124341005
88,15,1.3321790402101223
88,16,1.6094379124341005
88,17,1.6094379124341005
88,18,1.3321790402101223
88,19,1.6094379124341005
88,20,1.6094379124341005
88,21,1.3321790402101223
88,22,1.6094379124341005
88,23,1.6094379124341005
88,24,1.3321790402101223
88,25,1.6094379124341005
88,26,1.6094379124341005
88,27,1.6094379124341005
88,28,1.3321790402101223
88,29,1.6094379124341005
88,30,1.6094379124341005
88,31,1.3321790402101223
88,32,1.3321790402101223
88,33,1.6094379124341005
88,34,1.3321790402101223
88,35,1.6094379124341005
88,36,1.6094379124341005
88,37,1.6094379124341005
88,38,1.6094379124341005
88,39,1.3321790402101223
88,40,1.6094379124341005
88,41,1.6094379124341005
88,42,1.6094379124341005
88,43,1.6094379124341005
88,44,1.6094379124341005
88,45,1.6094379124341005
88,46,1.6094379124341005
88,47,1.6094379124341005
88,48,1.6094379124341005
88,49,1.6094379124341005
88,50,1.6094379124341005
88,51,1.6094379124341005
88,52,1.6094379124341005
88,53,1.6094379124341005
88,54,1.6094379124341005
88,55,1.6094379124341005
88,56,1.6094379124341005
88,57,1.6094379124341005
88,58,1.6094379124341005
88,59,1.6094379124341005
88,60,1.6094379124341005
88,61,1.6094379124341005
88,62,1.6094379124341005
88,63,1.6094379124341005
88,64,1.6094379124341005
88,65,1.6094379124341005
88,66,1.6094379124341005
88,67,1.6094379124341005
88,68,1.6094379124341005
88,69,1.6094379124341005
88,70,1.6094379124341005
88,71,1.6094379124341005
88,72,1.6094379124341005
88,73,1.6094379124341005
88,74,1.6094379124341005
88,75,1.6094379124341005
88,76,1.6094379124341005
88,77,1.6094379124341005
88,78,1.6094379124341005
88,79,1.3321790402101223
88,80,1.6094379124341005
88,81,1.6094379124341005
88,82,1.6094379124341005
88,83,1.6094379124341005
88,84,1.6094379124341005
88,85,1.6094379124341005
88,86,1.6094379124341005
88,87,1.6094379124341005
88,88,1.6094379124341005
89,1,-0
89,2,-0
89,3,-0
89,4,-0
89,5,-0
89,6,-0
89,7,-0
89,8,-0
89,9,-0
89,10,-0
89,11,-0
89,12,-0
89,13,-0
89,14,-0
89,15,-0
89,16,-0
89,17,-0
89,18,-0
89,19,-0
89,20,-0
89,21,-0
89,22,-0
89,23,-0
89,24,-0
89,25,-0
89,26,-0
89,27,-0
89,28,-0
89,29,-0
89,30,-0
89,31,-0
89,32,-0
89,33,-0
89,34,-0
89,35,-0
89,36,-0
89,37,-0
89,38,-0
89,39,-0
89,40,-0
89,41,-0
89,42,-0
89,43,-0
89,44,-0
89,45,-0
89,46,-0
89,47,-0
89,48,-0
89,49,-0
89,50,-0
89,51,-0
89,52,-0
89,53,-0
89,54,-0
89,55,-0
89,56,-0
89,57,-0
89,58,-0
89,59,-0
89,60,-0
89,61,-0
89,62,-0
89,63,-0
89,64,-0
89,65,-0
89,66,-0
89,67,-0
89,68,-0
89,69,-0
89,70,-0
89,71,-0
89,72,-0
89,73,-0
89,74,-0
89,75,-0
89,76,-0
89,77,-0
89,78,-0
89,79,-0
89,80,-0
89,81,-0
89,82,-0
89,83,-0
89,84,-0
89,85,-0
89,86,-0
89,87,-0
89,88,-0
89,89,-0
91,1,-0
91,2,-0
91,3,-0
91,4,-0
91,5,-0
91,6,-0
91,7,-0
91,8,-0
91,9,-0
91,10,-0
91,11,-0
91,12,-0
91,13,-0
91,14,-0
91,15,-0
91,16,-0
91,17,-0
91,18,-0
91,19,-0
91,20,-0
91,21,-0
91,22,-0
91,23,-0
91,24,-0
91,25,-0
91,26,-0
91,27,-0
91,28,-0
91,29,-0
91,30,-0
91,31,-0
91,32,-0
91,33,-0
91,34,-0
91,35,-0
91,36,-0
91,37,-0
91,38,-0
91,39,-0
91,40,-0
91,41,-0
91,42,-0
91,43,-0
91,44,-0
91,45,-0
91,46,-0
91,47,-0
91,48,-0
91,49,-0
91,50,-0
91,51,-0
91,52,-0
91,53,-0
91,54,-0
91,55,-0
91,56,-0
91,57,-0
91,58,-0
91,59,-0
91,60,-0
91,61,-0
91,62,-0
91,63,-0
91,64,-0
91,65,-0
91,66,-0
91,67,-0
91,68,-0
91,69,-0
91,70,-0
91,71,-0
91,72,-0
91,73,-0
91,74,-0
91,75,-0
91,76,-0
91,77,-0
91,78,-0
91,79,-0
91,80,-0
91,81,-0
91,82,-0
91,83,-0
91,84,-0
91,85,-0
91,86,-0
91,87,-0
91,88,-0
91,89,-0
91,90,-0
91,91,-0
92,1,-0
92,2,-0
92,3,-0
92,4,-0
92,5,-0
92,6,-0
92,7,-0
92,8,-0
92,9,-0
92,10,-0
92,11,-0
92,12,-0
92,13,-0
92,14,-0
92,15,-0
92,16,-0
92,17,-0
92,18,-0
92,19,-0
92,20,-0
92,21,-0
92,22,-0
92,23,-0
92,24,-0
92,25,-0
92,26,-0
92,27,-0
92,28,-0
92,29,-0
92,30,-0
92,31,-0
92,32,-0
92,33,-0
92,34,-0
92,35,-0
92,36,-0
92,37,-0
92,38,-0
92,39,-0
92,40,-0
92,41,-0
92,42,-0
92,43,-0
92,44,-0
92,45,-0
92,46,-0
92,47,-0
92,48,-0
92,49,-0
92,50,-0
92,51,-0
92,52,-0
92,53,-0
92,54,-0
92,55,-0
92,56,-0
92,57,-0
92,58,-0
92,59,-0
92,60,-0
92,61,-0
92,62,-0
92,63,-0
92,64,-0
92,65,-0
92,66,-0
92,67,-0
92,68,-0
92,69,-0
92,70,-0
92,71,-0
92,72,-0
92,73,-0
92,74,-0
92,75,-0
92,76,-0
92,77,-0
92,78,-0
92,79,-0
92,80,-0
92,81,-0
92,82,-0
92,83,-0
92,84,-0
92,85,-0
92,86,-0
92,87,-0
92,88,-0
92,89,-0
92,90,-0
92,91,-0
92,92,-0
96,1,-0
96,2,-0
96,3,-0
96,4,-0
96,5,-0
96,6,-0
96,7,-0
96,8,-0
96,9,-0
96,10,-0
96,11,-0
96,12,-0
96,13,-0
96,14,-0
96,15,-0
96,16,-0
96,17,-0
96,18,-0
96,19,-0
96,20,-0
96,21,-0
96,22,-0
96,23,-0
96,24,-0
96,25,-0
96,26,-0
96,27,-0
96,28,-0
96,29,-0
96,30,-0
96,31,-0
96,32,-0
96,33,-0
96,34,-0
96,35,-0
96,36,-0
96,37,-0
96,38,-0
96,39,-0
96,40,-0
96,41,-0
96,42,-0
96,43,-0
96,44,-0
96,45,-0
96,46,-0
96,47,-0
96,48,-0
96,49,-0
96,50,-0
96,51,-0
96,52,-0
96,53,-0
96,54,-0
96,55,-0
96,56,-0
96,57,-0
96,58,-0
96,59,-0
96,60,-0
96,61,-0
96,62,-0
96,63,-0
96,64,-0
96,65,-0
96,66,-0
96,67,-0
96,68,-0
96,69,-0
96,70,-0
96,71,-0
96,72,-0
96,73,-0
96,74,-0
96,75,-0
96,76,-0
96,77,-0
96,78,-0
96,79,-0
96,80,-0
96,81,-0
96,82,-0
96,83,-0
96,84,-0
96,85,-0
96,86,-0
96,87,-0
96,88,-0
96,89,-0
96,90,-0
96,91,-0
96,92,-0
96,93,-0
96,94,-0
96,95,-0
96,96,-0
102,1,-0
102,2,-0
102,3,-0
102,4,-0
102,5,-0
102,6,-0
102,7,-0
102,8,-0
102,9,-0
102,10,-0
102,11,-0
102,12,-0
102,13,-0
102,14,-0
102,15,-0
102,16,-0
102,17,-0
102,18,-0
102,19,-0
102,20,-0
102,21,-0
102,22,-0
102,23,-0
102,24,-0
102,25,-0
102,26,-0
102,27,-0
102,28,-0
102,29,-0
102,30,-0
102,31,-0
102,32,-0
102,33,-0
102,34,-0
102,35,-0
102,36,-0
102,37,-0
102,38,-0
102,39,-0
102,40,-0
102,41,-0
102,42,-0
102,43,-0
102,44,-0
102,45,-0
102,46,-0
102,47,-0
102,48,-0
102,49,-0
102,50,-0
102,51,-0
102,52,-0
102,53,-0
102,54,-0
102,55,-0
102,56,-0
102,57,-0
102,58,-0
102,59,-0
102,60,-0
102,61,-0
102,62,-0
102,63,-0
102,64,-0
102,65,-0
102,66,-0
102,67,-0
102,68,-0
102,69,-0
102,70,-0
102,71,-0
102,72,-0
102,73,-0
102,74,-0
102,75,-0
102,76,-0
102,77,-0
102,78,-0
102,79,-0
102,80,-0
102,81,-0
102,82,-0
102,83,-0
102,84,-0
102,85,-0
102,86,-0
102,87,-0
102,88,-0
102,89,-0
102,90,-0
102,91,-0
102,92,-0
102,93,-0
102,94,-0
102,95,-0
102,96,-0
102,97,-0
102,98,-0
102,99,-0
102,100,-0
102,101,-0
102,102,-0
103,1,-0
103,2,-0
103,3,-0
103,4,-0
103,5,-0
103,6,-0
103,7,-0
103,8,-0
103,9,-0
103,10,-0
103,11,-0
103,12,-0
103,13,-0
103,14,-0
103,15,-0
103,16,-0
103,17,-0
103,18,-0
103,19,-0
103,20,-0
103,21,-0
103,22,-0
103,23,-0
103,24,-0
103,25,-0
103,26,-0
103,27,-0
103,28,-0
103,29,-0
103,30,-0
103,31,-0
103,32,-0
103,33,-0
103,34,-0
103,35,-0
103,36,-0
103,37,-0
103,38,-0
103,39,-0
103,40,-0
103,41,-0
103,42,-0
103,43,-0
103,44,-0
103,45,-0
103,46,-0
103,47,-0
103,48,-0
103,49,-0
103,50,-0
103,51,-0
103,52,-0
103,53,-0
103,54,-0
103,55,-0
103,56,-0
103,57,-0
103,58,-0
103,59,-0
103,60,-0
103,61,-0
103,62,-0
103,63,-0
103,64,-0
103,65,-0
103,66,-0
103,67,-0
103,68,-0
103,69,-0
103,70,-0
103,71,-0
103,72,-0
103,73,-0
103,74,-0
103,75,-0
103,76,-0
103,77,-0
103,78,-0
103,79,-0
103,80,-0
103,81,-0
103,82,-0
103,83,-0
103,84,-0
103,85,-0
103,86,-0
103,87,-0
103,88,-0
103,89,-0
103,90,-0
103,91,-0
103,92,-0
103,93,-0
103,94,-0
103,95,-0
103,96,-0
103,97,-0
103,98,-0
103,99,-0
103,100,-0
103,101,-0
103,102,-0
103,103,-0
105,1,-0
105,2,-0
105,3,-0
105,4,-0
105,5,-0
105,6,-0
105,7,-0
105,8,-0
105,9,-0
105,10,-0
105,11,-0
105,12,-0
105,13,-0
105,14,-0
105,15,-0
105,16,-0
105,17,-0
105,18,-0
105,19,-0
105,20,-0
105,21,-0
105,22,-0
105,23,-0
105,24,-0
105,25,-0
105,26,-0
105,27,-0
105,28,-0
105,29,-0
105,30,-0
105,31,-0
105,32,-0
105,33,-0
105,34,-0
105,35,-0
105,36,-0
105,37,-0
105,38,-0
105,39,-0
105,40,-0
105,41,-0
105,42,-0
105,43,-0
105,44,-0
105,45,-0
105,46,-0
105,47,-0
105,48,-0
105,49,-0
105,50,-0
105,51,-0
105,52,-0
105,53,-0
105,54,-0
105,55,-0
105,56,-0
105,57,-0
105,58,-0
105,59,-0
105,60,-0
105,61,-0
105,62,-0
105,63,-0
105,64,-0
105,65,-0
105,66,-0
105,67,-0
105,68,-0
105,69,-0
105,70,-0
105,71,-0
105,72,-0
105,73,-0
105,74,-0
105,75,-0
105,76,-0
105,77,-0
105,78,-0
105,79,-0
105,80,-0
105,81,-0
105,82,-0
105,83,-0
105,84,-0
105,85,-0
105,86,-0
105,87,-0
105,88,-0
105,89,-0
105,90,-0
105,91,-0
105,92,-0
105,93,-0
105,94,-0
105,95,-0
105,96,-0
105,97,-0
105,98,-0
105,99,-0
105,100,-0
105,101,-0
105,102,-0
105,103,-0
105,104,-0
105,105,-0
