position,length,speaker,n,empirical_stat,ci_lower,mean,ci_upper,language
1,5,Adult,130302,9.289608385397818,9.283728897873289,9.290042521000325,9.296796773943289,English
2,5,Adult,130302,2.83551262697455,2.827061524265252,2.835604008818234,2.844212248435096,English
3,5,Adult,130302,2.1674795898936887,2.1583011812230026,2.167585659875348,2.1757277431416187,English
4,5,Adult,130302,1.9428361659807425,1.9348859654048116,1.9426573440723798,1.9515950666232125,English
5,5,Adult,130302,2.0251252642980777,2.01676499256846,2.0248733446986176,2.0323496957335463,English
1,3,Adult,173194,9.532356422602767,9.525089164597059,9.532009028337036,9.540015174693302,English
2,3,Adult,173194,2.607110127024239,2.601584682926366,2.607775747582014,2.6147580029850275,English
3,3,Adult,173194,2.180194198293003,2.172475183813966,2.180620851265577,2.188403568004603,English
1,4,Adult,159310,9.383340361769175,9.376817155642051,9.382706483300801,9.3893544118339,English
2,4,Adult,159310,2.7101010176745013,2.7018572030476906,2.710352391413889,2.718066402747727,English
3,4,Adult,159310,2.076152732888451,2.0678826369415617,2.0758245791917496,2.082619812080965,English
4,4,Adult,159310,2.0795416972602907,2.0716002281744315,2.0795992223141178,2.085504820555454,English
1,7,Adult,76525,9.246183504131409,9.23694752533379,9.245643802064698,9.255850748430081,English
2,7,Adult,76525,2.8556345456910655,2.8450764623375275,2.8575266390808265,2.86881058013521,English
3,7,Adult,76525,2.289593274774835,2.2786618814805646,2.290494661867459,2.3036446909311743,English
4,7,Adult,76525,2.0225838098865596,2.0112532888109955,2.0217869079177344,2.032371298557089,English
5,7,Adult,76525,1.842353075894216,1.8340766336600867,1.84248670347582,1.852572332972368,English
6,7,Adult,76525,1.8247949037174898,1.8144645210785322,1.8253668681042523,1.8346650492962728,English
7,7,Adult,76525,1.99188127789689,1.9806613240749062,1.9917021886422719,2.003952314999243,English
1,6,Adult,102371,9.261734049667075,9.253567617816937,9.261339769769108,9.269646967011079,English
2,6,Adult,102371,2.847028318470493,2.8348243263362125,2.8460642690868454,2.857073797370404,English
3,6,Adult,102371,2.2907337120584472,2.281602046939113,2.291473756347229,2.304919387557719,English
4,6,Adult,102371,1.9345223581653166,1.927416207947615,1.9353105835411974,1.9447843467260215,English
5,6,Adult,102371,1.8722399521318391,1.86512262354234,1.873342470710375,1.8815036763598965,English
6,6,Adult,102371,1.9964796323252973,1.9873892491097465,1.9969434630433789,2.006539971493602,English
1,8,Adult,53094,9.265722200722957,9.254252670214676,9.266336941419269,9.279066970400716,English
2,8,Adult,53094,2.874006044699853,2.859966326131701,2.8738556562905377,2.8891080616943694,English
3,8,Adult,53094,2.3292114745426855,2.3138398067635384,2.3295907457123084,2.3467152309654824,English
4,8,Adult,53094,2.0706827716467795,2.056729040445233,2.0707309587345235,2.0837028827112256,English
5,8,Adult,53094,1.9521685171815264,1.9364383732819688,1.9523983792811503,1.963201140628838,English
6,8,Adult,53094,1.819117002870312,1.8070142170286279,1.81921306903593,1.8301959592377655,English
7,8,Adult,53094,1.8484838953322464,1.8337385631041612,1.8485181235999006,1.8608069510922556,English
8,8,Adult,53094,2.0171224383862043,2.003663079988491,2.0160705146150733,2.0283766467347766,English
1,9,Adult,36684,9.271512154884991,9.256785292305533,9.271410765159144,9.283374196235727,English
2,9,Adult,36684,2.9093105586063066,2.8919950586097896,2.910572853966038,2.927303291700123,English
3,9,Adult,36684,2.3532354439140706,2.33253794035154,2.3541760083596586,2.3695519397950218,English
4,9,Adult,36684,2.080339865347328,2.0608295275596067,2.0796772501843925,2.098811579548881,English
5,9,Adult,36684,1.979417488659732,1.9646021443551478,1.9786950302880537,1.9926719360481677,English
6,9,Adult,36684,1.9432945522548666,1.9269830865821835,1.9445933893649532,1.9616555974391137,English
7,9,Adult,36684,1.8472702943398718,1.8327212505366703,1.847317493549156,1.8603389413111953,English
8,9,Adult,36684,1.885238350269618,1.8657620239509334,1.8849932007859285,1.8981551318805048,English
9,9,Adult,36684,2.0139526216703807,1.99948666523157,2.0150519202278323,2.0300756228547256,English
1,3,Child,138491,9.466051855487436,9.459118997913052,9.465577394812415,9.47241938648207,English
2,3,Child,138491,2.773074130804138,2.7658062659243976,2.7731525729751674,2.78179313200363,English
3,3,Child,138491,2.191090529696533,2.1823396831808757,2.1907070336849475,2.2001542037565733,English
1,5,Child,79492,9.449094591854335,9.439612724157726,9.449056059233838,9.461253072560982,English
2,5,Child,79492,3.0994037453999774,3.0901564828700954,3.0983981971759196,3.113010962578813,English
3,5,Child,79492,2.3130035909757947,2.3014354577059803,2.313620785637488,2.3247393654993718,English
4,5,Child,79492,1.9095712821370718,1.9007202700091639,1.9094607562450556,1.9177064124661813,English
5,5,Child,79492,1.9305386052922022,1.9241372626391233,1.9316315660754477,1.9427552935033128,English
1,4,Child,108357,9.49029864922701,9.478985065186636,9.489869619034339,9.498512131681085,English
2,4,Child,108357,2.9562336606616846,2.9457113066031786,2.9565010328084345,2.9681065087491936,English
3,4,Child,108357,2.1451452494919576,2.133182805436429,2.14495339192928,2.153618136857892,English
4,4,Child,108357,1.996446436187752,1.989245762289964,1.9962902751537668,2.004412262184294,English
1,6,Child,55412,9.429315817637503,9.417598918617085,9.428724070418005,9.440514862535233,English
2,6,Child,55412,3.133645312550145,3.119432251607263,3.133676001844893,3.1459551535723724,English
3,6,Child,55412,2.477919981960337,2.465076643380522,2.4785780184780797,2.4934779229308823,English
4,6,Child,55412,2.0258017806535955,2.014002721053159,2.025693653369177,2.0377133952121755,English
5,6,Child,55412,1.8316940483716149,1.820992410302459,1.8322282977732116,1.8425415710832405,English
6,6,Child,55412,1.9075416047883054,1.8952620604703343,1.9066171334171986,1.9188029801675381,English
1,7,Child,36255,9.35249458197774,9.336660504251032,9.352692943801586,9.364577234652499,English
2,7,Child,36255,3.12954844349977,3.1118275521637044,3.1291798013530094,3.1443284127867117,English
3,7,Child,36255,2.516023090891535,2.4959444352010745,2.5154851388666915,2.540420454538965,English
4,7,Child,36255,2.1500260224721792,2.1374042283684744,2.150961385328545,2.165721810558815,English
5,7,Child,36255,1.9422366117349315,1.926199237715374,1.941367505062302,1.9552579947871647,English
6,7,Child,36255,1.8109970802669606,1.7986967487457521,1.8109004655159222,1.8275717108985536,English
7,7,Child,36255,1.9041111182614108,1.8900522986975492,1.9033915538385382,1.9187767003038276,English
1,8,Child,23663,9.325178106543591,9.308667903028487,9.323856484093106,9.340042299830953,English
2,8,Child,23663,3.104557720276699,3.0828031648551955,3.105838252087596,3.1253572845591986,English
3,8,Child,23663,2.5348493033439223,2.5161693703162014,2.536752830243688,2.558252488187959,English
4,8,Child,23663,2.2058911153572236,2.182848454280924,2.2069266582783706,2.2264311936448946,English
5,8,Child,23663,2.1133886599426854,2.095935190283667,2.1156373584343524,2.1354252964070537,English
6,8,Child,23663,1.9421400525828556,1.9229727951406663,1.9417661229773082,1.9582183623708866,English
7,8,Child,23663,1.8479792884340935,1.831213728040652,1.84734772889213,1.8658135337715334,English
8,8,Child,23663,1.92234280397265,1.9048008697331065,1.922279897467028,1.9367795681921187,English
1,9,Child,16003,9.270850825010296,9.24807873527415,9.270601338831282,9.289682022175297,English
2,9,Child,16003,3.0429625407774763,3.0169237611294237,3.041722437228619,3.06306310094521,English
3,9,Child,16003,2.4998177827719354,2.4707208052434932,2.4983065601677357,2.525312452211474,English
4,9,Child,16003,2.24578095841153,2.2207861837845835,2.246985833004088,2.2707852380496076,English
5,9,Child,16003,2.1380733444133058,2.1096589306593017,2.1383906972370306,2.163981352378404,English
6,9,Child,16003,2.076697452823825,2.0498343849572467,2.0753413014376765,2.100055749245914,English
7,9,Child,16003,1.9816017955390766,1.9618895953989384,1.9813811330045006,2.005567973286764,English
8,9,Child,16003,1.8538518222966642,1.8325957311344676,1.8535885019899196,1.8732073398207916,English
9,9,Child,16003,1.9237586123894312,1.9017578160819402,1.9217016114990748,1.941620815515384,English
1,5,Adult,12236,7.915802178993923,7.90405835191792,7.916212513503704,7.924312620440236,Chinese
2,5,Adult,12236,1.8713209569434708,1.8596812594371435,1.8715113169841417,1.8832685085109107,Chinese
3,5,Adult,12236,1.2132818217018766,1.1989954412509585,1.2125386999231338,1.2259577534539945,Chinese
4,5,Adult,12236,1.1449058759091686,1.1334815865683963,1.144612503856099,1.1578875304413176,Chinese
5,5,Adult,12236,1.060676512023755,1.0495107492085531,1.0606433451125028,1.072028599717953,Chinese
1,6,Adult,9031,7.924511860856026,7.913729517439542,7.924709278803016,7.940979774706309,Chinese
2,6,Adult,9031,1.890628041863085,1.8775928099254955,1.891443044375032,1.9044820978440606,Chinese
3,6,Adult,9031,1.2287831665497788,1.2151821919188996,1.2289646791762363,1.2449678975189924,Chinese
4,6,Adult,9031,1.1816945763445286,1.164441129564909,1.18078609007562,1.1970659895957527,Chinese
5,6,Adult,9031,1.1042370288795231,1.0908787669460713,1.104593059944824,1.1178887715134795,Chinese
6,6,Adult,9031,1.0434107720000498,1.0327235555473244,1.0437038414692934,1.0557209489571533,Chinese
1,4,Adult,14203,7.941690965327614,7.931241434034911,7.941369301628699,7.951453393802234,Chinese
2,4,Adult,14203,1.858567160031816,1.8460917582228547,1.859606170619381,1.869998306467828,Chinese
3,4,Adult,14203,1.164261648153525,1.1486653567988765,1.1636609060900451,1.1772286743595006,Chinese
4,4,Adult,14203,1.0748684726398965,1.0649411851857185,1.0750606834971552,1.0887074931724756,Chinese
1,3,Adult,14203,7.964301899857129,7.955118459445913,7.963682599971809,7.972422426578522,Chinese
2,3,Adult,14203,1.8107491782758551,1.797093126159952,1.8109601033124203,1.8217204352806027,Chinese
3,3,Adult,14203,1.0543914913065222,1.0408684435204991,1.0540510711572224,1.0665988773046677,Chinese
1,8,Adult,4438,7.905938754483567,7.889027848067505,7.904674905066342,7.924346917856916,Chinese
2,8,Adult,4438,1.8878580334488473,1.867417387674391,1.887730710651489,1.9071537274909267,Chinese
3,8,Adult,4438,1.2661606964091559,1.2427185900015787,1.266864646180571,1.2856897236904403,Chinese
4,8,Adult,4438,1.167586959606358,1.1453571781066152,1.1684321230507584,1.1909555935883858,Chinese
5,8,Adult,4438,1.196479608906234,1.1721478651764157,1.1973106177103525,1.2222980527592542,Chinese
6,8,Adult,4438,1.137949908569408,1.1160883611255317,1.1389300852737323,1.1630469883022785,Chinese
7,8,Adult,4438,1.0659113737203452,1.0412053996791921,1.064722540260382,1.0879277593410461,Chinese
8,8,Adult,4438,0.9851771964850647,0.9667540243774344,0.9862449574749875,1.0032977166880677,Chinese
1,7,Adult,6431,7.905433601325416,7.891127637145939,7.9050585145242955,7.920285091954764,Chinese
2,7,Adult,6431,1.9003398850330797,1.8836347077909033,1.899697658144803,1.9129785492545874,Chinese
3,7,Adult,6431,1.2584069036914705,1.2388752134642247,1.2589877355534336,1.2775635851512077,Chinese
4,7,Adult,6431,1.199825365905572,1.1798780411467955,1.199483402787462,1.2158027824588482,Chinese
5,7,Adult,6431,1.1652547235789927,1.1464073516545483,1.1640804058410688,1.1823826759038751,Chinese
6,7,Adult,6431,1.0930969041866754,1.0704084721977354,1.0929270951834276,1.1142131207352977,Chinese
7,7,Adult,6431,1.041179237868437,1.0249148706981284,1.0416772888263228,1.0577869068768064,Chinese
1,9,Adult,2930,7.917817252976088,7.893343017813288,7.916504505271391,7.935783260210382,Chinese
2,9,Adult,2930,1.9178338329132913,1.8958938941410377,1.919775853612724,1.9458973174209073,Chinese
3,9,Adult,2930,1.2420890275935672,1.2166406466997524,1.2421309589981626,1.270390471689937,Chinese
4,9,Adult,2930,1.1979470055257908,1.1640086529503098,1.195819548788331,1.2234108199601288,Chinese
5,9,Adult,2930,1.164539630665307,1.1365796025682229,1.164500831320831,1.1907922059094131,Chinese
6,9,Adult,2930,1.1641214721438828,1.1419164663166723,1.1626589987253573,1.184972510976596,Chinese
7,9,Adult,2930,1.117851295975695,1.0953522562614477,1.1186114322496354,1.1450560263643492,Chinese
8,9,Adult,2930,1.0407875402795577,1.0119530988248135,1.0412600809225856,1.0683232946322638,Chinese
9,9,Adult,2930,0.9896534796867761,0.9626502157254431,0.9896573335050316,1.0191403737470965,Chinese
1,5,Child,10227,8.045563113413168,8.03375799631436,8.045482360963028,8.057371674289659,Chinese
2,5,Child,10227,1.8306466598973266,1.8170769842440073,1.8296824148252142,1.8413665504111472,Chinese
3,5,Child,10227,1.3022527784689018,1.2834552846236278,1.301588421171917,1.3154127440460035,Chinese
4,5,Child,10227,1.114532656108714,1.1010377818938748,1.1147467465893526,1.1292781015476128,Chinese
5,5,Child,10227,1.0515308295035741,1.0406296979032374,1.052562698271427,1.0655919865439618,Chinese
1,4,Child,14932,8.09339590657661,8.085976064878178,8.094352561477805,8.102176871147739,Chinese
2,4,Child,14932,1.848477855815729,1.8349357030425544,1.8481671596608085,1.8602619456176683,Chinese
3,4,Child,14932,1.2201815516419237,1.2069280911766906,1.221569425792915,1.2342569562387218,Chinese
4,4,Child,14932,1.0434968971771814,1.0315526909469568,1.0427652254442794,1.0522376371953241,Chinese
1,8,Child,2546,8.062966455368198,8.04486006680475,8.063209412390101,8.085414862155165,Chinese
2,8,Child,2546,1.8784024488804196,1.84881522910668,1.8789321210584768,1.9073131101298126,Chinese
3,8,Child,2546,1.2633872609014878,1.230834131309205,1.2623372118967495,1.2875321752029614,Chinese
4,8,Child,2546,1.1717991194009594,1.1412658099128987,1.1707738775150662,1.1963496161204854,Chinese
5,8,Child,2546,1.1662020739475198,1.139140365248764,1.1651029051811042,1.1960108488446974,Chinese
6,8,Child,2546,1.1310347580853541,1.097787592526692,1.129754197619042,1.1561926640119502,Chinese
7,8,Child,2546,1.1223578461491959,1.0904920045658069,1.121582553666685,1.1478930119749888,Chinese
8,8,Child,2546,1.0249018446254805,0.9934433920146533,1.0247651495553336,1.0679287913364401,Chinese
1,6,Child,6518,8.043746967701942,8.030122856360046,8.044685060610687,8.057076111272202,Chinese
2,6,Child,6518,1.8540101872151817,1.831413865435083,1.852629658359441,1.8708956895557858,Chinese
3,6,Child,6518,1.2956368483148055,1.2750349760595074,1.294835693646004,1.312915124108397,Chinese
4,6,Child,6518,1.1878554456326889,1.1710073958431955,1.188716705025029,1.2066925546076077,Chinese
5,6,Child,6518,1.101569489234428,1.0866906265304952,1.1026318592090993,1.119594207815723,Chinese
6,6,Child,6518,1.063279512799858,1.044179028284517,1.061469055027931,1.077093668738806,Chinese
1,7,Child,3893,8.056518790962578,8.042985328310044,8.058151832261368,8.073941957197304,Chinese
2,7,Child,3893,1.8657514731130103,1.8441676199298391,1.867829616217389,1.8934637683539657,Chinese
3,7,Child,3893,1.2896652729995692,1.2687943774049888,1.290655272153359,1.3138067604963863,Chinese
4,7,Child,3893,1.1627617742174425,1.1426179732665163,1.161901830768879,1.1834192982835816,Chinese
5,7,Child,3893,1.179105373877901,1.1555117433064401,1.177456239066576,1.2008616056397552,Chinese
6,7,Child,3893,1.1122201808216086,1.0860575197198048,1.1133841826589317,1.1348317562523276,Chinese
7,7,Child,3893,1.0445544129314566,1.0244815862365593,1.045667395180796,1.068974614492456,Chinese
1,3,Child,22064,8.137532206399445,8.13104960358039,8.138036440569824,8.14707564597894,Chinese
2,3,Child,22064,1.8209971222780683,1.8108217218794884,1.8209891684473296,1.8321480711612734,Chinese
3,3,Child,22064,1.0611351864484015,1.0489412768216475,1.0618148465429724,1.0712556465530931,Chinese
1,9,Child,1644,8.08077600634591,8.05532284859033,8.08221841566464,8.106056209151472,Chinese
2,9,Child,1644,1.838791221887816,1.806995611592511,1.8378584077990547,1.8779880968396099,Chinese
3,9,Child,1644,1.2357001862966812,1.2016856889872656,1.234172289726798,1.2777551596073338,Chinese
4,9,Child,1644,1.1931360946954601,1.1492318925631309,1.1909050266151011,1.2238590667753904,Chinese
5,9,Child,1644,1.159035388715656,1.1295308687572352,1.1589451162440934,1.1927028716988226,Chinese
6,9,Child,1644,1.125245722250927,1.0956854287507758,1.1262927660440296,1.1562262001807673,Chinese
7,9,Child,1644,1.1400894437103086,1.1066990331757969,1.141706080879028,1.1722320978912704,Chinese
8,9,Child,1644,1.0922837366152853,1.0577098866811343,1.091536415744292,1.13578603356134,Chinese
9,9,Child,1644,1.0451999683739785,1.0111220364080438,1.0464599265814407,1.0829827280157676,Chinese
1,5,Adult,5101,6.995985868233743,6.980771946493398,6.996624737365459,7.01225691292478,French
2,5,Adult,5101,1.8011622706527126,1.7853366554332606,1.8044821589714264,1.826562605250515,French
3,5,Adult,5101,1.3663089156641584,1.3378570005183734,1.368511526094327,1.3942956923141454,French
4,5,Adult,5101,1.227732316626448,1.2057455329129891,1.2254970823276559,1.2457795276533878,French
5,5,Adult,5101,1.5879826072710819,1.5515060649633734,1.586742920585764,1.6316756030562531,French
1,6,Adult,4095,7.014996980893015,6.9971403149487195,7.013932456748972,7.033258186396807,French
2,6,Adult,4095,1.820957415560954,1.7922387585768043,1.8171211867908854,1.8444950709791263,French
3,6,Adult,4095,1.3908291946546207,1.3594494855258346,1.393067292130765,1.4207887009881501,French
4,6,Adult,4095,1.2747335449679866,1.249963536325101,1.2744285029089932,1.2969596381399948,French
5,6,Adult,4095,1.2118163295135684,1.1898749553837038,1.2148248185360389,1.2351093314899193,French
6,6,Adult,4095,1.6193838982355027,1.59138757136133,1.6203806150940603,1.6506659017828942,French
1,4,Adult,5545,7.0182163163710545,7.002151193081311,7.016984706359258,7.029686759926372,French
2,4,Adult,5545,1.816927421748692,1.7946132998320303,1.8162613056267136,1.8379460853107132,French
3,4,Adult,5545,1.2925077100397768,1.2732269693173408,1.2926451902011151,1.3135136227053064,French
4,4,Adult,5545,1.5984868431005315,1.562476369714393,1.5980795050084429,1.632392451080575,French
1,7,Adult,3190,7.0153521204443186,6.996506660724508,7.0141276060540845,7.033288983513943,French
2,7,Adult,3190,1.824288503951787,1.7922206967863543,1.827143371295032,1.8582188361715,French
3,7,Adult,3190,1.3784591285412588,1.3516513362909932,1.37844887417013,1.4069448594800358,French
4,7,Adult,3190,1.3035649079887845,1.2697389378069337,1.3052903800571227,1.3394876219542424,French
5,7,Adult,3190,1.2768220220613629,1.2482570352898121,1.2765369065480545,1.308626802296474,French
6,7,Adult,3190,1.2264775364376534,1.193838961343033,1.2260480614635265,1.2536595224306502,French
7,7,Adult,3190,1.5971805754126427,1.5528976401752066,1.5997454973201393,1.6522164269394262,French
1,3,Adult,5525,7.040144583326659,7.028253252383271,7.041690642447493,7.053678596164307,French
2,3,Adult,5525,1.826558623076564,1.8052058030318352,1.8257126370486092,1.8458213163716761,French
3,3,Adult,5525,1.6032240142218128,1.5683648901147542,1.6066959744483638,1.6424131573875564,French
1,9,Adult,1657,7.013616861747415,6.990109590168955,7.0152003539119345,7.040838166612707,French
2,9,Adult,1657,1.8626673887778853,1.8210703942742632,1.859482469365909,1.9038175240509756,French
3,9,Adult,1657,1.3753430005938587,1.330446976937655,1.3760721564695788,1.4283048444256123,French
4,9,Adult,1657,1.3032924012383857,1.2589376041489189,1.3053451194458146,1.3552877747156424,French
5,9,Adult,1657,1.2715553179805943,1.2287053943291872,1.2683836330875404,1.3105251771790765,French
6,9,Adult,1657,1.3016774834245532,1.2606790430623507,1.3038248623316735,1.349994475250152,French
7,9,Adult,1657,1.2569745022918204,1.226062522243144,1.2610782911335767,1.3057772055654981,French
8,9,Adult,1657,1.1394700641436395,1.0915588962902272,1.1387500989473074,1.1779825988597155,French
9,9,Adult,1657,1.5730818444587555,1.5125291906463574,1.5684529165784207,1.6309751471627094,French
1,8,Adult,2332,7.0226509896191684,6.993458534519014,7.022516728801138,7.04458908674852,French
2,8,Adult,2332,1.8216391053453318,1.7878092592054944,1.8226617416959274,1.856247295538925,French
3,8,Adult,2332,1.3246724261018874,1.2821550735069587,1.3226386059312019,1.3646238528588213,French
4,8,Adult,2332,1.2814318240200062,1.2432578217794106,1.282064745947591,1.3169116866067179,French
5,8,Adult,2332,1.3065321415816122,1.2767787723276465,1.306963331765826,1.345778997840542,French
6,8,Adult,2332,1.2675112215977795,1.2210443373251942,1.2687787176098668,1.3031843320455396,French
7,8,Adult,2332,1.1393961891097433,1.1087367698090156,1.1378123482985112,1.1668542486776823,French
8,8,Adult,2332,1.5664336855170249,1.5096202551296196,1.5686192779455135,1.6139294265294974,French
1,3,Child,19296,7.532942252718592,7.524889168783924,7.533453059582716,7.542305177411876,French
2,3,Child,19296,1.8366343975314257,1.8258946095421837,1.8363166977116718,1.8473618652665396,French
3,3,Child,19296,1.5992925191671892,1.5816430240199217,1.5971715556774566,1.6133345232297285,French
1,4,Child,17725,7.493375267545326,7.482227858030241,7.492452385551065,7.503201921249815,French
2,4,Child,17725,1.8877403590171393,1.8768493073635613,1.8877708318395574,1.8989095320708325,French
3,4,Child,17725,1.2685746659815564,1.2567400369627353,1.2685429687728667,1.2813198387474873,French
4,4,Child,17725,1.5257678659678515,1.5072391781157937,1.5248314591238294,1.5410340624928307,French
1,5,Child,14691,7.48933109339015,7.476977273514091,7.4895121439465155,7.5004295197762385,French
2,5,Child,14691,1.8091079099306036,1.7943185409680988,1.8073754141795026,1.8190631335518925,French
3,5,Child,14691,1.3828413315103667,1.3671671060413542,1.3836041568088513,1.3977590508806186,French
4,5,Child,14691,1.1921334190711406,1.1805444513734695,1.192005668926674,1.2041804266466065,French
5,5,Child,14691,1.4926149293178843,1.4734155352761866,1.4918880557160277,1.5123703202054073,French
1,7,Child,6892,7.426415879644769,7.414371538852372,7.42643498231212,7.440776542993182,French
2,7,Child,6892,1.8520499363377283,1.8359807401082575,1.8539386236287105,1.871048630294036,French
3,7,Child,6892,1.3834278893138667,1.3615326822452676,1.3847419832621766,1.4059065639972688,French
4,7,Child,6892,1.2993008982145848,1.281005203753312,1.3004789296126407,1.3201776986828186,French
5,7,Child,6892,1.3232358962868234,1.3041576462788633,1.322053833048287,1.3374646691176273,French
6,7,Child,6892,1.1685236556130099,1.1494492973144221,1.1669417911048414,1.188780819260133,French
7,7,Child,6892,1.4175285039014478,1.389160996954834,1.417167505146941,1.442079923749489,French
1,6,Child,10208,7.446748134297637,7.436364990457612,7.44597759740433,7.458070540833389,French
2,6,Child,10208,1.8577662548955332,1.8429048047380574,1.8585776467971666,1.8788051489180064,French
3,6,Child,10208,1.3876631175135743,1.3719143793594126,1.389721743129544,1.4085680337202353,French
4,6,Child,10208,1.3151856549901648,1.3016180652132414,1.3151876459579015,1.3317538582711104,French
5,6,Child,10208,1.1847781816199656,1.1686978222124957,1.1847911511469036,1.2001534177264823,French
6,6,Child,10208,1.4490836429932274,1.4297696153776351,1.448844127512791,1.4677437835311675,French
1,8,Child,4692,7.429841320329716,7.413854641581029,7.430617734505799,7.449237977462452,French
2,8,Child,4692,1.8249414989507209,1.8032753379321567,1.8252290044223154,1.849072891234945,French
3,8,Child,4692,1.4124967529035894,1.3841892415605237,1.4124299523404593,1.4471293337065139,French
4,8,Child,4692,1.2956993762794358,1.2652427791799628,1.2927680716622312,1.3193479874021257,French
5,8,Child,4692,1.3013518671652038,1.2768845253016639,1.3019285658634532,1.332623099790408,French
6,8,Child,4692,1.302580475095796,1.2783353542300848,1.3035026404950116,1.33315883015631,French
7,8,Child,4692,1.1611648321863128,1.1385035832507022,1.1620452294635244,1.1837493378411779,French
8,8,Child,4692,1.4188883965684123,1.391163203148179,1.4177989880376054,1.447595628694602,French
1,9,Child,3151,7.457184098932865,7.432913295332117,7.4599972576793885,7.48755082773504,French
2,9,Child,3151,1.844171060376302,1.8097111781110313,1.8459925122232295,1.8772022567828925,French
3,9,Child,3151,1.3504962180387932,1.3143049365961148,1.3494533144440284,1.3824962142553454,French
4,9,Child,3151,1.2834136179612576,1.2524423061760976,1.286385956527089,1.318333190297445,French
5,9,Child,3151,1.2616515754329254,1.236410579799433,1.261067824151848,1.2883058595453054,French
6,9,Child,3151,1.2763064511425342,1.2392370102652213,1.2752862436231907,1.3039744006323837,French
7,9,Child,3151,1.2829931358124331,1.257658647989629,1.283582496180757,1.3145636026782106,French
8,9,Child,3151,1.0940329692583923,1.0708454668370553,1.0924437855751088,1.1182231825406648,French
9,9,Child,3151,1.4356746506365623,1.4073222038179154,1.435142895076737,1.4614771217968454,French
1,3,Adult,55954,8.527337467482532,8.518635153522032,8.52666344326117,8.534083973832207,German
2,3,Adult,55954,2.377426136058569,2.366732574637309,2.3770926918503505,2.389037522527349,German
3,3,Adult,55954,2.665800931630365,2.645276163895578,2.665185609354567,2.681148545835116,German
1,4,Adult,64032,8.454398693873369,8.448732883361231,8.454451200937045,8.459881902192866,German
2,4,Adult,64032,2.3396420197031724,2.3286632722252048,2.339384891047798,2.351062237158202,German
3,4,Adult,64032,1.8915406146953846,1.8762562680876869,1.8908855543535823,1.9045555022932859,German
4,4,Adult,64032,2.9413050297779897,2.924876315811596,2.940063984331371,2.9550122788199213,German
1,6,Adult,48544,8.45026173661159,8.443255116113253,8.450505273601062,8.457962160235567,German
2,6,Adult,48544,2.381524799662982,2.36812042987604,2.380772305024283,2.3925911225228713,German
3,6,Adult,48544,1.8520965123636282,1.8371275487559098,1.8516281036577809,1.8635904902869795,German
4,6,Adult,48544,2.005065361758597,1.9912768163879746,2.0048150035886776,2.019658469847092,German
5,6,Adult,48544,2.5207949708570125,2.503708775712812,2.519464873015566,2.535328669237291,German
6,6,Adult,48544,3.176961280616711,3.1615708459325838,3.1770858161066933,3.194964198055005,German
1,7,Adult,36603,8.445186080598598,8.436979884854193,8.445456169592214,8.452340587266784,German
2,7,Adult,36603,2.3627765042480315,2.3519080244191786,2.363175031124065,2.375375619344795,German
3,7,Adult,36603,1.8751993549360888,1.8587786330880842,1.874677135103326,1.8931192585934289,German
4,7,Adult,36603,2.0005121796397476,1.9840164665366133,2.0011299116702737,2.015002200187948,German
5,7,Adult,36603,2.2292753797741702,2.2168183259637266,2.229319005857917,2.2482012400781053,German
6,7,Adult,36603,2.705275983428465,2.688219470643699,2.7066885551730064,2.7276000548064654,German
7,7,Adult,36603,3.269123998518261,3.245259961523723,3.2689505457392194,3.2877966651590045,German
1,5,Adult,60355,8.455852650241127,8.44999113547003,8.456136740109903,8.463386147439987,German
2,5,Adult,60355,2.376663010249368,2.366899724968741,2.376779078726602,2.387043839734053,German
3,5,Adult,60355,1.7978804703112734,1.787004739395103,1.798110564770018,1.810320526809031,German
4,5,Adult,60355,2.2341301513206058,2.2186596522089483,2.2339904057497453,2.2496597721032345,German
5,5,Adult,60355,3.0624998371026932,3.0433619684687545,3.0616661683624873,3.078704007891255,German
1,8,Adult,25789,8.432073580270648,8.421796988266344,8.431188191853902,8.441958122708918,German
2,8,Adult,25789,2.3831016605316107,2.3649967315013107,2.382945689742334,2.399524249052492,German
3,8,Adult,25789,1.8981330084113819,1.8798806036952542,1.8969395398618436,1.916981173706173,German
4,8,Adult,25789,2.0246704671071254,2.0020056901099568,2.023206335104211,2.043985533808824,German
5,8,Adult,25789,2.183714408984342,2.1650689490094126,2.1842617837824045,2.203126571791054,German
6,8,Adult,25789,2.332052578649292,2.312218180120955,2.3319405842786094,2.354445175364128,German
7,8,Adult,25789,2.838658259262466,2.810782968344336,2.837943448461527,2.8627816135264195,German
8,8,Adult,25789,3.2978037839122787,3.2728203060364516,3.2978541832206147,3.322998924608575,German
1,9,Adult,18289,8.444085717012209,8.432879839863052,8.444415926572708,8.454006609809008,German
2,9,Adult,18289,2.3818107027008675,2.363488595706911,2.3810991462234252,2.3990439671308312,German
3,9,Adult,18289,1.8782131169882472,1.8570252339512336,1.8757694373820932,1.8949106125526165,German
4,9,Adult,18289,2.0414923558612434,2.017445917325776,2.0415823439368332,2.0644094116835476,German
5,9,Adult,18289,2.206981516697857,2.1860840254226517,2.2077499258212523,2.230872406294819,German
6,9,Adult,18289,2.3143333017848895,2.291836854522332,2.3153696805147144,2.3389477072135443,German
7,9,Adult,18289,2.4241505657070688,2.389349420845388,2.422218889696184,2.4471747000541777,German
8,9,Adult,18289,2.8693843676175836,2.8382197980925974,2.867093067296292,2.8983197718879903,German
9,9,Adult,18289,3.224862976667104,3.19697188314722,3.2240501728308937,3.252082484136344,German
1,3,Child,70998,8.858545345643389,8.851415097375646,8.85844268770526,8.866059603899707,German
2,3,Child,70998,2.6481033616436847,2.6390805711151564,2.648693648593695,2.6565591683820684,German
3,3,Child,70998,2.7674127416901664,2.7514901496469344,2.7676352841277376,2.7819938402505304,German
1,4,Child,53964,8.716001271370935,8.70716727264427,8.715845155731493,8.72432089974569,German
2,4,Child,53964,2.5568222603357165,2.54464788060909,2.5567525432433413,2.5701820154193955,German
3,4,Child,53964,2.0673759190070076,2.0539157113689797,2.066794384080144,2.078018827728867,German
4,4,Child,53964,2.926619764400566,2.910025561726011,2.9259948930180317,2.9415285329530976,German
1,8,Child,11159,8.787039346042869,8.76722733653332,8.786405611474066,8.80596761337285,German
2,8,Child,11159,2.521045356553583,2.499961170253708,2.522395419093355,2.5409475906912875,German
3,8,Child,11159,2.077406748358799,2.0417100193194138,2.0766156529959345,2.1080102738791204,German
4,8,Child,11159,2.117918530077968,2.084186336186338,2.1138008198159945,2.149936068431912,German
5,8,Child,11159,2.1918760747590773,2.1620703832240435,2.1915872628345467,2.2234420001533515,German
6,8,Child,11159,2.2357164084115477,2.205446820464097,2.2358551249936527,2.263652621519823,German
7,8,Child,11159,2.7152920169891854,2.6771564022669367,2.7150835566783913,2.7467844817867864,German
8,8,Child,11159,3.26177522289848,3.218797075286947,3.2601060104323114,3.2972573763575963,German
1,7,Child,17114,8.720969196122091,8.704979735992495,8.721106644019466,8.738599266757387,German
2,7,Child,17114,2.4956766050859662,2.47789190400771,2.4960627325241207,2.513464740528547,German
3,7,Child,17114,2.073436600506912,2.053283515401194,2.0774370486547946,2.10004584351314,German
4,7,Child,17114,2.089050035993811,2.0656288107550838,2.09092965133658,2.1136807386711043,German
5,7,Child,17114,2.146403648647956,2.1265500468810448,2.1474843165654924,2.1683892463696006,German
6,7,Child,17114,2.629524784401865,2.604666853045782,2.629857011780054,2.663033313825822,German
7,7,Child,17114,3.2137798779727116,3.1850645473888854,3.211749532843522,3.241418498009182,German
1,5,Child,39335,8.670447037249398,8.662581612812575,8.670992674523424,8.681740209638988,German
2,5,Child,39335,2.5496767525329243,2.538840314837958,2.5508077956920086,2.5620796650938296,German
3,5,Child,39335,1.9375938089978548,1.9239471339671816,1.9370996682341133,1.9489656718187598,German
4,5,Child,39335,2.2183686856652542,2.1987218857641917,2.219061768638174,2.234984015425627,German
5,5,Child,39335,3.0473952996498963,3.0301272344477104,3.0493399505175796,3.0680825197845185,German
1,6,Child,26774,8.680045415887273,8.667350128997635,8.680179000383816,8.694206053753666,German
2,6,Child,26774,2.5232887286944696,2.5101337656497846,2.524017012455006,2.536470511294982,German
3,6,Child,26774,2.0209050202303795,2.005663942593238,2.0209676986886005,2.041725547299264,German
4,6,Child,26774,2.01001785036037,1.9945494583155814,2.0110688399167023,2.030354310711397,German
5,6,Child,26774,2.444786673380421,2.4253567593601435,2.4451630419436174,2.465209449722037,German
6,6,Child,26774,3.1265142218103295,3.104178660163657,3.125555128960379,3.1481608810983674,German
1,9,Child,7257,8.847919317058611,8.819234629299615,8.848586789102647,8.875178471511104,German
2,9,Child,7257,2.477321389655494,2.4534271184941767,2.4778553918315733,2.5013214884011954,German
3,9,Child,7257,2.085653482561715,2.0508842382595955,2.086470316219908,2.124195177223756,German
4,9,Child,7257,2.1391506331739336,2.100312110969346,2.1371974359065256,2.1743737928545706,German
5,9,Child,7257,2.2511918969237805,2.211991753809968,2.2495834963407435,2.286344780911423,German
6,9,Child,7257,2.2924584690263257,2.2539718405781857,2.29017204709695,2.332702842860309,German
7,9,Child,7257,2.265910975644292,2.2230115409838325,2.2647616048465014,2.299952964920207,German
8,9,Child,7257,2.742806763922986,2.695443004854326,2.743996051547119,2.7940868709589046,German
9,9,Child,7257,3.2596400210199334,3.2130419904820697,3.26102768726843,3.303032939923077,German
1,3,Adult,28001,7.674181079418335,7.6642803640043065,7.6734651994778424,7.682529468244921,Spanish
2,3,Adult,28001,1.9395598422492863,1.931552149085444,1.9401624430849238,1.948470766594323,Spanish
3,3,Adult,28001,1.757483398159514,1.7399212254015004,1.760326899939284,1.7783449777573042,Spanish
1,8,Adult,6212,7.637121749783975,7.620912818834233,7.637873080221208,7.654861269099667,Spanish
2,8,Adult,6212,2.0147621482706652,1.9956225718345784,2.014443986629258,2.032605558129103,Spanish
3,8,Adult,6212,1.4357492736056783,1.4100242655841826,1.4354691199287628,1.4621418143932619,Spanish
4,8,Adult,6212,1.3609987849277292,1.340394896403176,1.3616116005946035,1.385246209898113,Spanish
5,8,Adult,6212,1.3645117234892026,1.3416061162449662,1.3646758654504458,1.3859195923381136,Spanish
6,8,Adult,6212,1.320798009998631,1.299944240208871,1.3204285826797417,1.347280955371247,Spanish
7,8,Adult,6212,1.2505194026657787,1.2251611126204192,1.2488800616097004,1.2736734436420725,Spanish
8,8,Adult,6212,1.7669590646347075,1.7293970537460088,1.7658185166408382,1.804332173669906,Spanish
1,5,Adult,18586,7.614282531013764,7.605714858442234,7.614641137787334,7.625136108817523,Spanish
2,5,Adult,18586,2.0079853475690337,1.9969102345420642,2.007297904954767,2.016837798925669,Spanish
3,5,Adult,18586,1.4059792055863554,1.395105785899843,1.4063697375027957,1.4176484824150535,Spanish
4,5,Adult,18586,1.2677392044711855,1.2554836064179438,1.2680599228413205,1.2798116568708067,Spanish
5,5,Adult,18586,1.768026212169192,1.7503203334656212,1.7667818002370872,1.7861378722461267,Spanish
1,4,Adult,24083,7.633415540904196,7.625921915851894,7.6336694775159115,7.642495692394028,Spanish
2,4,Adult,24083,2.014337922837436,2.0048403083156945,2.0135118836273125,2.0251253152316337,Spanish
3,4,Adult,24083,1.2912508086182473,1.2804142318217702,1.290923731628112,1.3006138918833723,Spanish
4,4,Adult,24083,1.7317496729675224,1.7158614349319201,1.7320498778824691,1.750233174725406,Spanish
1,9,Adult,4313,7.663502112525039,7.643126440056509,7.66421243114812,7.683566516260522,Spanish
2,9,Adult,4313,2.039005666494425,2.0191167685456546,2.0387922242321825,2.0633235342978544,Spanish
3,9,Adult,4313,1.4456790469236174,1.418070142962334,1.4442389705361884,1.472026037115413,Spanish
4,9,Adult,4313,1.375533311018224,1.3417928879039347,1.376259480209271,1.4036379945283697,Spanish
5,9,Adult,4313,1.3686194162813219,1.3440330731863215,1.3683996614773035,1.3956838130646894,Spanish
6,9,Adult,4313,1.3536571509982382,1.324638053993877,1.3509559330850693,1.3793982336547683,Spanish
7,9,Adult,4313,1.337792960889318,1.3137008729125847,1.3359242288982842,1.3621664113327325,Spanish
8,9,Adult,4313,1.2547747518356787,1.2285295778088687,1.2552284709560935,1.2817860195939677,Spanish
9,9,Adult,4313,1.8009854085534402,1.766774089169729,1.8000820220370817,1.83567768572075,Spanish
1,6,Adult,13283,7.620801972075685,7.609855533631588,7.621245296473318,7.633174116944616,Spanish
2,6,Adult,13283,1.9937288539107911,1.97856530840835,1.9930438640732764,2.0047538315407136,Spanish
3,6,Adult,13283,1.4030397405719879,1.3888462706326739,1.403479878319806,1.4192188646571156,Spanish
4,6,Adult,13283,1.3729993106819354,1.359741910394843,1.3729118960041746,1.387724060464101,Spanish
5,6,Adult,13283,1.2471385712204663,1.2308913645808581,1.2451532729090422,1.2597239789708428,Spanish
6,6,Adult,13283,1.7719231429771694,1.7454131549528134,1.772350350042464,1.7930787324075246,Spanish
1,7,Adult,9129,7.632347017040205,7.617608894167313,7.632796531794876,7.648132219884179,Spanish
2,7,Adult,9129,2.0264929638124136,2.0106856953054386,2.0255936443104465,2.0406764728527547,Spanish
3,7,Adult,9129,1.4308377010091815,1.405748289082473,1.4278499541197514,1.4474569116270493,Spanish
4,7,Adult,9129,1.3733784437623549,1.355287395568677,1.373759843114825,1.3933885715422774,Spanish
5,7,Adult,9129,1.327585761447062,1.3127272472583735,1.3302198642524288,1.3506129628152834,Spanish
6,7,Adult,9129,1.2416600309518828,1.2258707194753224,1.2421875091426435,1.2603703493754121,Spanish
7,7,Adult,9129,1.787671760160438,1.7611868484118953,1.788548452748123,1.8178734443158724,Spanish
1,6,Child,11719,7.7475177177909655,7.735009368370902,7.747243315351428,7.758864472605932,Spanish
2,6,Child,11719,2.116338723063296,2.102402217840414,2.1151558665019152,2.128995763428515,Spanish
3,6,Child,11719,1.5557551102402654,1.5410422196495257,1.5550870945830222,1.5726146905106257,Spanish
4,6,Child,11719,1.4530753184630303,1.4388486701668666,1.4537058315725495,1.4684131370626097,Spanish
5,6,Child,11719,1.3123749610618658,1.2986565498415037,1.31238623161285,1.3292657507636745,Spanish
6,6,Child,11719,1.7129415156989998,1.6890373779722565,1.711840086581408,1.738364891357334,Spanish
1,5,Child,16293,7.749327042144811,7.738584405399266,7.74888051728799,7.761267058852847,Spanish
2,5,Child,16293,2.144750927910067,2.1296793946719097,2.145036745649715,2.1570219691540298,Spanish
3,5,Child,16293,1.5577112083854152,1.5428601401609323,1.5574013581017225,1.569545029992082,Spanish
4,5,Child,16293,1.3355254918430155,1.325299440928017,1.3369492121582158,1.3482703989216294,Spanish
5,5,Child,16293,1.71090109428926,1.692910878944593,1.7101239744173933,1.7266809359469963,Spanish
1,4,Child,23011,7.820194349197348,7.809266119132084,7.820294101306738,7.830108147524651,Spanish
2,4,Child,23011,2.1748894974987603,2.161890517563414,2.174528556758414,2.186468862560446,Spanish
3,4,Child,23011,1.4301459585266656,1.4219764807882096,1.4313192376949129,1.442055042936409,Spanish
4,4,Child,23011,1.7193582827158709,1.7038060642680768,1.718914485961713,1.7328723414392568,Spanish
1,3,Child,30232,7.895323353821274,7.885076467872265,7.894796022254344,7.904500424550005,Spanish
2,3,Child,30232,2.0820294777436623,2.073107313032534,2.0814122126357333,2.089095351865333,Spanish
3,3,Child,30232,1.8325171119307488,1.8208892159879633,1.8341709779040876,1.8459188149794916,Spanish
1,8,Child,6066,7.716838772368439,7.698830496836447,7.717806878223539,7.738013400166411,Spanish
2,8,Child,6066,2.167268398214479,2.150791169496169,2.167137419228659,2.1858827390452245,Spanish
3,8,Child,6066,1.5742287422382042,1.5559826945702393,1.5768548739270885,1.598074877680704,Spanish
4,8,Child,6066,1.455685225407204,1.433738019871822,1.455655490214621,1.481938630694255,Spanish
5,8,Child,6066,1.397662173078432,1.373019839110368,1.397602075899233,1.41781929644507,Spanish
6,8,Child,6066,1.390752505202754,1.3727485302706737,1.3908278749223357,1.413139809321697,Spanish
7,8,Child,6066,1.329852811503324,1.3118795455553491,1.331390801571479,1.3505985572172634,Spanish
8,8,Child,6066,1.747453303805602,1.7174645634146364,1.7467797341650955,1.7788944025176057,Spanish
1,7,Child,8227,7.75342537499842,7.7365414430423645,7.754121735750057,7.771267201136279,Spanish
2,7,Child,8227,2.1179833396521204,2.0984897624001664,2.1173962391389303,2.1336528049677996,Spanish
3,7,Child,8227,1.5507696382588194,1.5315049493517146,1.5504254396610624,1.5695479090417797,Spanish
4,7,Child,8227,1.4424480838388463,1.4206278166881638,1.442488698149649,1.4604105672541285,Spanish
5,7,Child,8227,1.40099116734924,1.3816515015906634,1.402113982861135,1.4206977276874801,Spanish
6,7,Child,8227,1.2999191411981552,1.2775279000910458,1.297827073523293,1.319864358060253,Spanish
7,7,Child,8227,1.731104093955965,1.7099760254728877,1.7311296423197053,1.7535296552161248,Spanish
1,9,Child,4484,7.698681554551852,7.671412115464989,7.699003116487925,7.720991845313297,Spanish
2,9,Child,4484,2.1590868034711597,2.135371315715889,2.157819042716252,2.181369628449511,Spanish
3,9,Child,4484,1.6153860932795945,1.5910973924342593,1.6181629229081091,1.6470940914194463,Spanish
4,9,Child,4484,1.465463374258683,1.4338997461878753,1.4640206679151486,1.4947182300072712,Spanish
5,9,Child,4484,1.4095091198194676,1.3847860574988147,1.409695539110798,1.43663878407758,Spanish
6,9,Child,4484,1.431804152655878,1.403008416592809,1.431003516315882,1.4640336665721156,Spanish
7,9,Child,4484,1.408291404955521,1.3846808646189963,1.410812056805277,1.4379639408053508,Spanish
8,9,Child,4484,1.3089403693001787,1.2872040906394304,1.3112700038318863,1.339762064394517,Spanish
9,9,Child,4484,1.7491775450697975,1.718000649019451,1.7479818746620368,1.7817733767639303,Spanish
1,4,Adult,46923,9.112386763417232,9.103859352052837,9.11187173609777,9.118519921942806,Japanese
2,4,Adult,46923,2.2601987258670984,2.2509239544171957,2.2597264143906575,2.2693212380408836,Japanese
3,4,Adult,46923,1.479942962697173,1.467189979104692,1.479400180231678,1.4900337951976677,Japanese
4,4,Adult,46923,1.2026598905024721,1.191952274652062,1.2019844698387676,1.2120992798532944,Japanese
1,6,Adult,19836,9.203262206358543,9.192222763887335,9.20472667224202,9.218888040790517,Japanese
2,6,Adult,19836,2.347378353169667,2.333935877815998,2.3471236998469003,2.3629187551759188,Japanese
3,6,Adult,19836,1.6702552028759086,1.651855846998203,1.6691346664966222,1.6886397215448143,Japanese
4,6,Adult,19836,1.4034959381327174,1.3871766614121255,1.4042254263800849,1.4189903554127423,Japanese
5,6,Adult,19836,1.332173762049351,1.3180079784784424,1.3315429947071677,1.3469765242077236,Japanese
6,6,Adult,19836,1.2051299766898997,1.192065032321098,1.2046941174115113,1.221315782690125,Japanese
1,3,Adult,61738,9.062563166186909,9.054098531487476,9.062837597383632,9.07039158263326,Japanese
2,3,Adult,61738,2.25384092401217,2.2471352391772585,2.2544639357074967,2.2636347788136506,Japanese
3,3,Adult,61738,1.2528981331999778,1.2441034788812204,1.2527180798227366,1.262119478432263,Japanese
1,5,Adult,31201,9.168116831389005,9.156951986557054,9.167740328408279,9.180454709201603,Japanese
2,5,Adult,31201,2.325438614667354,2.312613561511334,2.324950530348915,2.338439519016572,Japanese
3,5,Adult,31201,1.591141814043314,1.5765005787946578,1.5921696444283058,1.6039202009889202,Japanese
4,5,Adult,31201,1.3455285216932062,1.3354616746406234,1.3452443151269822,1.3572147534581767,Japanese
5,5,Adult,31201,1.198781076629461,1.1874129407532164,1.1992257957699046,1.215015751275874,Japanese
1,7,Adult,12501,9.21384409654332,9.19842213220324,9.212677933214454,9.23195166920254,Japanese
2,7,Adult,12501,2.3714156687502843,2.350184696227605,2.371896952660825,2.39368035051882,Japanese
3,7,Adult,12501,1.7325050060906015,1.7135106162980656,1.7328267927301777,1.7511083462893242,Japanese
4,7,Adult,12501,1.476019581034988,1.4577792436602057,1.4773400317078713,1.4997780359990023,Japanese
5,7,Adult,12501,1.3712538356123405,1.358425024314629,1.372340211475213,1.3908595589831032,Japanese
6,7,Adult,12501,1.2947914700500107,1.2742318366887178,1.2935346980676985,1.3121740104369988,Japanese
7,7,Adult,12501,1.1909274840944244,1.1751732110223831,1.189595502902294,1.205717958618513,Japanese
1,8,Adult,7965,9.242730243776252,9.219732518676537,9.241759841412474,9.263027169834647,Japanese
2,8,Adult,7965,2.4069382736388047,2.3786269574769996,2.4083892575381913,2.4315428818147735,Japanese
3,8,Adult,7965,1.7306850242075946,1.707261781714955,1.7315446351743389,1.759800727939875,Japanese
4,8,Adult,7965,1.5208125701432549,1.4976281994547547,1.5207300239016406,1.545398131918024,Japanese
5,8,Adult,7965,1.480401560202082,1.4518394574053395,1.4784553092593153,1.5018392608102882,Japanese
6,8,Adult,7965,1.3312035901547974,1.3079069942127437,1.3314245318169124,1.3522176297288682,Japanese
7,8,Adult,7965,1.2778018048328943,1.2596098668494466,1.277849512055619,1.2987442747033473,Japanese
8,8,Adult,7965,1.1944081607885655,1.1760813111669226,1.1940595216314072,1.2141227638998349,Japanese
1,9,Adult,5110,9.267172637331042,9.242258410122531,9.268352522633547,9.293113705083115,Japanese
2,9,Adult,5110,2.4137866435452215,2.380204625519288,2.413076622482382,2.452135515940866,Japanese
3,9,Adult,5110,1.803681411061968,1.7652372218123156,1.8028977324230098,1.8396849008817262,Japanese
4,9,Adult,5110,1.5621007751345402,1.522401224114657,1.5603174297790938,1.6037833695274042,Japanese
5,9,Adult,5110,1.4616151964594473,1.4361391602931892,1.4637941370383634,1.494239142586107,Japanese
6,9,Adult,5110,1.4558412459031942,1.4254996086228384,1.4576571310746926,1.4914351162961785,Japanese
7,9,Adult,5110,1.3400204440618915,1.3124839065079585,1.3391071734866984,1.3662980640132834,Japanese
8,9,Adult,5110,1.2550479999960285,1.2319553855930523,1.2543780095866515,1.285905889421993,Japanese
9,9,Adult,5110,1.1870631891220749,1.1584068613008043,1.1855590468736077,1.2153770338707475,Japanese
1,3,Child,53054,9.231808740787907,9.22340446878186,9.23230380743687,9.239652483851874,Japanese
2,3,Child,53054,2.304035887885553,2.294800830656069,2.304119535327906,2.312730051653094,Japanese
3,3,Child,53054,1.4407676628542192,1.4306523886370948,1.4404584482799003,1.449414721285128,Japanese
1,4,Child,35898,9.271246594940097,9.260266086115625,9.271437397408972,9.283806141754187,Japanese
2,4,Child,35898,2.3485471955899295,2.3362093377730346,2.347934264776348,2.358365099566834,Japanese
3,4,Child,35898,1.5879741436565504,1.5768231975513554,1.5881769842106994,1.6016410621584103,Japanese
4,4,Child,35898,1.2453284826615547,1.2364454137927954,1.2455520631444243,1.2560620895311543,Japanese
1,6,Child,14033,9.34734444338572,9.330915388050588,9.347082228810773,9.363287624363583,Japanese
2,6,Child,14033,2.4469497410253593,2.430422678605749,2.4477798529204065,2.468697813519186,Japanese
3,6,Child,14033,1.7565721123996503,1.7327554108419823,1.7557035515239232,1.7765717658833138,Japanese
4,6,Child,14033,1.4135523206159937,1.396010012082718,1.4119178646978323,1.4275427642283485,Japanese
5,6,Child,14033,1.3023702494477813,1.2859855093951236,1.3015352801361537,1.3202363082112636,Japanese
6,6,Child,14033,1.1608415440501145,1.1450191748250127,1.1618864692549555,1.177603764270824,Japanese
1,8,Child,5084,9.413802964587928,9.382330623126048,9.412830110306256,9.442295362637982,Japanese
2,8,Child,5084,2.4793527771599364,2.4441527129579588,2.4782482382699693,2.511332256778969,Japanese
3,8,Child,5084,1.8600829147992408,1.8320921672717687,1.8621200697174418,1.8993824851374566,Japanese
4,8,Child,5084,1.5511929764698849,1.5152919072566964,1.5539143548393513,1.5824889314399753,Japanese
5,8,Child,5084,1.4571284843560375,1.425841301205963,1.45688335770936,1.4856711176684951,Japanese
6,8,Child,5084,1.300098366009542,1.27640228820166,1.300976301238914,1.3301576876176049,Japanese
7,8,Child,5084,1.2439266453569653,1.2176570239074582,1.2430826876765626,1.269856285543586,Japanese
8,8,Child,5084,1.1057049192189232,1.0835818624468323,1.106700445261178,1.1310349307491214,Japanese
1,5,Child,22555,9.33228025098144,9.317102367607355,9.332799327250147,9.34485102178569,Japanese
2,5,Child,22555,2.4150924183899005,2.3984668283440325,2.413169391683876,2.4299580311759352,Japanese
3,5,Child,22555,1.6946639714973566,1.6805016146940817,1.6950228165548515,1.711810996982745,Japanese
4,5,Child,22555,1.3522980014756207,1.3378738379370105,1.3527952337747031,1.3678804327682657,Japanese
5,5,Child,22555,1.1942403683084206,1.1812177874565757,1.193772915532546,1.2068602125308012,Japanese
1,7,Child,8378,9.408145664870299,9.386862444245864,9.405499213087898,9.429793328731206,Japanese
2,7,Child,8378,2.4939222467289985,2.464763610670065,2.495626460201389,2.5256185116219223,Japanese
3,7,Child,8378,1.8439463504773959,1.815498811236342,1.8437598717576935,1.8686454757048483,Japanese
4,7,Child,8378,1.5016106198926222,1.4756771576571048,1.5013609588701136,1.5289931844963496,Japanese
5,7,Child,8378,1.3844017711281065,1.3648188674377355,1.3853070339956781,1.4091997234056945,Japanese
6,7,Child,8378,1.257961504440599,1.231528596122215,1.256749071348365,1.2811480509307112,Japanese
7,7,Child,8378,1.1499082891603563,1.134606774745024,1.1496580492163877,1.1711308732276657,Japanese
1,9,Child,3138,9.404912188829625,9.368459819702679,9.406603094633406,9.444662608307894,Japanese
2,9,Child,3138,2.5317321635113164,2.4835170075686746,2.531748299151944,2.5838384975628763,Japanese
3,9,Child,3138,1.8362507478988725,1.78878049953034,1.833906366411784,1.8805592038701338,Japanese
4,9,Child,3138,1.5595154788860324,1.5092675263179647,1.5563940704400712,1.5975452447484602,Japanese
5,9,Child,3138,1.5115448311683553,1.4752583327473463,1.5133983544934093,1.553071157682694,Japanese
6,9,Child,3138,1.38706198241621,1.3426168611981901,1.3846123107335155,1.4214602413851414,Japanese
7,9,Child,3138,1.318403022087175,1.2773736101738429,1.3170879656376544,1.3471810529819335,Japanese
8,9,Child,3138,1.2139606582958886,1.1836102344926716,1.2140085678620274,1.2500929568074477,Japanese
9,9,Child,3138,1.0878242421408533,1.0616034428791457,1.0891512943841304,1.1145879663617235,Japanese
